2025-10-07 06:38:29.775Z [PID] router init
2025-10-07 06:38:30.055Z [SP] delegating to step(payload) with constrained PID routing
2025-10-07 06:38:30.324Z [SP] delegating to step(payload) with constrained PID routing
2025-10-07 06:38:30.695Z [MODE] SP_OVER_PID_QUOTIENT=True
2025-10-07 06:38:30.972Z [SP] delegating to step(payload) with constrained PID routing
2025-10-07 06:38:31.080Z [SP] delegating to step(payload) with constrained PID routing
2025-10-07 06:38:31.101Z [PID] neighbors stats
2025-10-07 06:38:31.018Z [MODE] SP_OVER_PID_QUOTIENT=True
2025-10-07 06:38:31.197Z [SP] delegating to step(payload) with constrained PID routing
2025-10-07 06:38:31.200Z [SP] delegating to step(payload) with constrained PID routing
2025-10-07 06:38:31.251Z [MODE] SP_OVER_PID_QUOTIENT=True
2025-10-07 06:38:31.293Z [MODE] SP_OVER_PID_QUOTIENT=True
2025-10-07 06:38:31.273Z [GW] rebuild done
2025-10-07 06:38:31.401Z [PID] neighbors stats
2025-10-07 06:38:31.432Z [MODE] SP_OVER_PID_QUOTIENT=True
2025-10-07 06:38:31.690Z [PID] neighbors stats
2025-10-07 06:38:31.718Z [SP] delegating to step(payload) with constrained PID routing
2025-10-07 06:38:31.685Z [SP] constrained_graph edge stats
2025-10-07 06:38:31.710Z [PID] neighbors stats
2025-10-07 06:38:31.702Z [GW] rebuild done
2025-10-07 06:38:31.721Z [PID] neighbors stats
2025-10-07 06:38:31.755Z [GW] rebuild done
2025-10-07 06:38:31.723Z [SP] relaxed inter-PID edges appended
2025-10-07 06:38:31.791Z [MODE] SP_OVER_PID_QUOTIENT=True
2025-10-07 06:38:31.804Z [GW] rebuild done
2025-10-07 06:38:31.869Z [SP] constrained_graph edge stats
2025-10-07 06:38:31.902Z [SP] constrained_graph |V|=625 |E|=666
2025-10-07 06:38:31.722Z [MODE] SP_OVER_PID_QUOTIENT=True
2025-10-07 06:38:31.933Z [SP] constrained_graph edge stats
2025-10-07 06:38:31.926Z [SP] delegating to step(payload) with constrained PID routing
2025-10-07 06:38:31.943Z [PID] neighbors stats
2025-10-07 06:38:31.955Z [SP] calling calculate_fstate_shortest_path_without_gs_relaying on constrained graph
2025-10-07 06:38:32.001Z [GW] rebuild done
2025-10-07 06:38:31.902Z [GW] rebuild done
2025-10-07 06:38:31.956Z [SP] relaxed inter-PID edges appended
2025-10-07 06:38:31.955Z [SP] constrained_graph edge stats
2025-10-07 06:38:32.002Z [SP] relaxed inter-PID edges appended
2025-10-07 06:38:31.989Z [PID] neighbors stats
2025-10-07 06:38:32.019Z [SP] delegating to step(payload) with constrained PID routing
2025-10-07 06:38:32.043Z [SP] constrained_graph edge stats
2025-10-07 06:38:32.050Z [SP] constrained_graph |V|=625 |E|=677
2025-10-07 06:38:32.050Z [GW] rebuild done
2025-10-07 06:38:32.052Z [SP] constrained_graph edge stats
2025-10-07 06:38:32.013Z [SP] constrained_graph |V|=625 |E|=666
2025-10-07 06:38:32.060Z [SP] constrained_graph edge stats
2025-10-07 06:38:32.060Z [SP] constrained_graph |V|=625 |E|=674
2025-10-07 06:38:32.013Z [MODE] SP_OVER_PID_QUOTIENT=True
2025-10-07 06:38:32.060Z [SP] calling calculate_fstate_shortest_path_without_gs_relaying on constrained graph
2025-10-07 06:38:32.061Z [DEBUG] num_sats=625, num_gs=100
2025-10-07 06:38:32.058Z [SP] relaxed inter-PID edges appended
2025-10-07 06:38:32.061Z [SP] relaxed inter-PID edges appended
2025-10-07 06:38:32.092Z [SP] calling calculate_fstate_shortest_path_without_gs_relaying on constrained graph
2025-10-07 06:38:32.102Z [PID] neighbors stats
2025-10-07 06:38:32.107Z [SP] relaxed inter-PID edges appended
2025-10-07 06:38:32.114Z [SP] relaxed inter-PID edges appended
2025-10-07 06:38:32.113Z [DEBUG] raw_gs_range type=<class 'list'>
2025-10-07 06:38:32.060Z [MODE] SP_OVER_PID_QUOTIENT=True
2025-10-07 06:38:32.108Z [SP] constrained_graph |V|=625 |E|=677
2025-10-07 06:38:32.144Z [GW] rebuild done
2025-10-07 06:38:32.144Z [SP] constrained_graph |V|=625 |E|=666
2025-10-07 06:38:32.140Z [SP] constrained_graph |V|=625 |E|=682
2025-10-07 06:38:32.108Z [SP] constrained_graph |V|=625 |E|=684
2025-10-07 06:38:32.150Z [PID] neighbors stats
2025-10-07 06:38:32.140Z [SP] constrained_graph |V|=625 |E|=671
2025-10-07 06:38:32.190Z [SP] delegating to step(payload) with constrained PID routing
2025-10-07 06:38:32.145Z [SP] gs_range_norm_full total_keys=100 empty_keys=0 non_empty_sample={0: 4, 1: 4, 2: 4, 3: 2, 4: 3, 5: 2, 6: 3, 7: 2, 8: 2, 9: 4}
2025-10-07 06:38:32.139Z [SP] constrained_graph |V|=625 |E|=674
2025-10-07 06:38:32.181Z [SP] constrained_graph edge stats
2025-10-07 06:38:32.193Z [GW] rebuild done
2025-10-07 06:38:32.194Z [SP] relaxed inter-PID edges appended
2025-10-07 06:38:32.193Z [MODE] SP_OVER_PID_QUOTIENT=True
2025-10-07 06:38:32.197Z [SP] constrained_graph edge stats
2025-10-07 06:38:32.198Z [SP] constrained_graph |V|=625 |E|=666
2025-10-07 06:38:32.190Z [SP] calling calculate_fstate_shortest_path_without_gs_relaying on constrained graph
2025-10-07 06:38:32.150Z [SP] calling calculate_fstate_shortest_path_without_gs_relaying on constrained graph
2025-10-07 06:38:32.197Z [DEBUG] gid_to_sat_gsl_if_idx: type=<class 'list'>, len=100, sample=[0, 0, 0, 0, 0]
2025-10-07 06:38:32.193Z [SP] calling calculate_fstate_shortest_path_without_gs_relaying on constrained graph
2025-10-07 06:38:32.150Z [SP] calling calculate_fstate_shortest_path_without_gs_relaying on constrained graph
2025-10-07 06:38:32.197Z [DEBUG] num_sats=625, num_gs=100
2025-10-07 06:38:32.202Z [PID] neighbors stats
2025-10-07 06:38:32.197Z [DEBUG] num_sats=625, num_gs=100
2025-10-07 06:38:32.205Z [SP] relaxed inter-PID edges appended
2025-10-07 06:38:32.198Z [SP] calling calculate_fstate_shortest_path_without_gs_relaying on constrained graph
2025-10-07 06:38:32.203Z [SP] constrained_graph |V|=625 |E|=666
2025-10-07 06:38:32.203Z [DEBUG] raw_gs_range type=<class 'list'>
2025-10-07 06:38:32.203Z [SP] constrained_graph |V|=625 |E|=684
2025-10-07 06:38:32.208Z [GW] rebuild done
2025-10-07 06:38:32.206Z [SP] constrained_graph |V|=625 |E|=666
2025-10-07 06:38:32.205Z [SP] constrained_graph |V|=625 |E|=682
2025-10-07 06:38:32.208Z [DEBUG] num_sats=625, num_gs=100
2025-10-07 06:38:32.205Z [DEBUG] raw_gs_range type=<class 'list'>
2025-10-07 06:38:32.208Z [SP] gs_range_norm_full total_keys=100 empty_keys=0 non_empty_sample={0: 4, 1: 5, 2: 4, 3: 2, 4: 3, 5: 2, 6: 3, 7: 2, 8: 2, 9: 4}
2025-10-07 06:38:32.208Z [SP] constrained_graph |V|=625 |E|=666
2025-10-07 06:38:32.203Z [SP] constrained_graph |V|=625 |E|=671
2025-10-07 06:38:32.212Z [SP] constrained_graph edge stats
2025-10-07 06:38:32.208Z [DEBUG] num_sats=625, num_gs=100
2025-10-07 06:38:32.213Z [DEBUG] num_sats=625, num_gs=100
2025-10-07 06:38:32.214Z [DEBUG] raw_gs_range type=<class 'list'>
2025-10-07 06:38:32.213Z [DEBUG] raw_gs_range type=<class 'list'>
2025-10-07 06:38:32.214Z [SP] relaxed inter-PID edges appended
2025-10-07 06:38:32.215Z [SP] calling calculate_fstate_shortest_path_without_gs_relaying on constrained graph
2025-10-07 06:38:32.213Z [DEBUG] num_sats=625, num_gs=100
2025-10-07 06:38:32.213Z [DEBUG] gid_to_sat_gsl_if_idx: type=<class 'list'>, len=100, sample=[0, 0, 0, 0, 0]
2025-10-07 06:38:32.215Z [SP] constrained_graph |V|=625 |E|=666
2025-10-07 06:38:32.214Z [SP] gs_range_norm_full total_keys=100 empty_keys=0 non_empty_sample={0: 4, 1: 4, 2: 4, 3: 2, 4: 3, 5: 3, 6: 3, 7: 2, 8: 2, 9: 4}
2025-10-07 06:38:32.215Z [SP] gs_range_norm_full total_keys=100 empty_keys=0 non_empty_sample={0: 4, 1: 4, 2: 4, 3: 2, 4: 3, 5: 2, 6: 3, 7: 2, 8: 2, 9: 4}
2025-10-07 06:38:32.213Z [DEBUG] num_sats=625, num_gs=100
2025-10-07 06:38:32.215Z [SP] constrained_graph |V|=625 |E|=666
2025-10-07 06:38:32.215Z [DEBUG] raw_gs_range type=<class 'list'>
2025-10-07 06:38:32.216Z [SP] calling calculate_fstate_shortest_path_without_gs_relaying on constrained graph
2025-10-07 06:38:32.215Z [SP] gs_range_norm_full total_keys=100 empty_keys=0 non_empty_sample={0: 4, 1: 5, 2: 4, 3: 2, 4: 3, 5: 2, 6: 3, 7: 2, 8: 2, 9: 4}
2025-10-07 06:38:32.216Z [DEBUG] gid_to_sat_gsl_if_idx: type=<class 'list'>, len=100, sample=[0, 0, 0, 0, 0]
2025-10-07 06:38:32.216Z [SP] constrained_graph |V|=625 |E|=666
2025-10-07 06:38:32.216Z [DEBUG] gid_to_sat_gsl_if_idx: type=<class 'list'>, len=100, sample=[0, 0, 0, 0, 0]
2025-10-07 06:38:32.216Z [DEBUG] num_sats=625, num_gs=100
2025-10-07 06:38:32.216Z [DEBUG] raw_gs_range type=<class 'list'>
2025-10-07 06:38:32.216Z [DEBUG] raw_gs_range type=<class 'list'>
2025-10-07 06:38:32.217Z [SP] gs_range_norm_full total_keys=100 empty_keys=0 non_empty_sample={0: 4, 1: 4, 2: 4, 3: 2, 4: 3, 5: 2, 6: 3, 7: 2, 8: 2, 9: 4}
2025-10-07 06:38:32.217Z [DEBUG] num_sats=625, num_gs=100
2025-10-07 06:38:32.217Z [DEBUG] gid_to_sat_gsl_if_idx: type=<class 'list'>, len=100, sample=[0, 0, 0, 0, 0]
2025-10-07 06:38:32.218Z [DEBUG] raw_gs_range type=<class 'list'>
2025-10-07 06:38:32.218Z [SP] gs_range_norm_full total_keys=100 empty_keys=0 non_empty_sample={0: 4, 1: 4, 2: 4, 3: 2, 4: 3, 5: 2, 6: 3, 7: 2, 8: 2, 9: 4}
2025-10-07 06:38:32.219Z [DEBUG] raw_gs_range type=<class 'list'>
2025-10-07 06:38:32.219Z [SP] gs_range_norm_full total_keys=100 empty_keys=0 non_empty_sample={0: 4, 1: 5, 2: 4, 3: 2, 4: 3, 5: 2, 6: 3, 7: 2, 8: 2, 9: 4}
2025-10-07 06:38:32.219Z [DEBUG] gid_to_sat_gsl_if_idx: type=<class 'list'>, len=100, sample=[0, 0, 0, 0, 0]
2025-10-07 06:38:32.219Z [SP] gs_range_norm_full total_keys=100 empty_keys=0 non_empty_sample={0: 4, 1: 5, 2: 4, 3: 2, 4: 3, 5: 2, 6: 3, 7: 2, 8: 2, 9: 4}
2025-10-07 06:38:32.221Z [SP] gs_range_norm_full total_keys=100 empty_keys=0 non_empty_sample={0: 4, 1: 5, 2: 4, 3: 2, 4: 3, 5: 2, 6: 3, 7: 2, 8: 2, 9: 4}
2025-10-07 06:38:32.222Z [DEBUG] gid_to_sat_gsl_if_idx: type=<class 'list'>, len=100, sample=[0, 0, 0, 0, 0]
2025-10-07 06:38:32.221Z [DEBUG] gid_to_sat_gsl_if_idx: type=<class 'list'>, len=100, sample=[0, 0, 0, 0, 0]
2025-10-07 06:38:32.222Z [DEBUG] gid_to_sat_gsl_if_idx: type=<class 'list'>, len=100, sample=[0, 0, 0, 0, 0]
2025-10-07 06:38:32.222Z [DEBUG] gid_to_sat_gsl_if_idx: type=<class 'list'>, len=100, sample=[0, 0, 0, 0, 0]
2025-10-07 06:38:34.431Z [SP] done; fstate ready
2025-10-07 06:38:34.595Z [SP] done; fstate ready
2025-10-07 06:38:36.300Z [SP] done; fstate ready
2025-10-07 06:38:36.950Z [SP] done; fstate ready
2025-10-07 06:38:37.009Z [SP] delegating to step(payload) with constrained PID routing
2025-10-07 06:38:37.074Z [SP] done; fstate ready
2025-10-07 06:38:37.198Z [MODE] SP_OVER_PID_QUOTIENT=True
2025-10-07 06:38:37.373Z [PID] neighbors stats
2025-10-07 06:38:37.470Z [GW] rebuild done
2025-10-07 06:38:37.545Z [SP] delegating to step(payload) with constrained PID routing
2025-10-07 06:38:37.559Z [SP] constrained_graph edge stats
2025-10-07 06:38:37.624Z [SP] relaxed inter-PID edges appended
2025-10-07 06:38:37.652Z [MODE] SP_OVER_PID_QUOTIENT=True
2025-10-07 06:38:37.706Z [SP] constrained_graph |V|=625 |E|=666
2025-10-07 06:38:37.759Z [PID] neighbors stats
2025-10-07 06:38:37.816Z [SP] calling calculate_fstate_shortest_path_without_gs_relaying on constrained graph
2025-10-07 06:38:37.859Z [GW] rebuild done
2025-10-07 06:38:37.914Z [SP] constrained_graph edge stats
2025-10-07 06:38:37.906Z [SP] constrained_graph |V|=625 |E|=666
2025-10-07 06:38:37.962Z [SP] relaxed inter-PID edges appended
2025-10-07 06:38:38.066Z [SP] constrained_graph |V|=625 |E|=666
2025-10-07 06:38:38.076Z [SP] calling calculate_fstate_shortest_path_without_gs_relaying on constrained graph
2025-10-07 06:38:37.995Z [DEBUG] num_sats=625, num_gs=100
2025-10-07 06:38:38.090Z [SP] constrained_graph |V|=625 |E|=666
2025-10-07 06:38:38.147Z [DEBUG] raw_gs_range type=<class 'list'>
2025-10-07 06:38:38.238Z [DEBUG] num_sats=625, num_gs=100
2025-10-07 06:38:38.322Z [DEBUG] raw_gs_range type=<class 'list'>
2025-10-07 06:38:38.299Z [SP] gs_range_norm_full total_keys=100 empty_keys=0 non_empty_sample={0: 4, 1: 5, 2: 4, 3: 2, 4: 3, 5: 2, 6: 3, 7: 2, 8: 2, 9: 4}
2025-10-07 06:38:38.484Z [SP] done; fstate ready
2025-10-07 06:38:38.488Z [DEBUG] gid_to_sat_gsl_if_idx: type=<class 'list'>, len=100, sample=[0, 0, 0, 0, 0]
2025-10-07 06:38:38.552Z [SP] gs_range_norm_full total_keys=100 empty_keys=0 non_empty_sample={0: 4, 1: 4, 2: 4, 3: 2, 4: 3, 5: 2, 6: 3, 7: 2, 8: 2, 9: 4}
2025-10-07 06:38:38.699Z [DEBUG] gid_to_sat_gsl_if_idx: type=<class 'list'>, len=100, sample=[0, 0, 0, 0, 0]
2025-10-07 06:38:39.090Z [SP] done; fstate ready
2025-10-07 06:38:39.707Z [SP] delegating to step(payload) with constrained PID routing
2025-10-07 06:38:39.947Z [MODE] SP_OVER_PID_QUOTIENT=True
2025-10-07 06:38:40.295Z [SP] done; fstate ready
2025-10-07 06:38:40.494Z [PID] neighbors stats
2025-10-07 06:38:40.529Z [GW] rebuild done
2025-10-07 06:38:40.741Z [SP] constrained_graph edge stats
2025-10-07 06:38:40.957Z [SP] relaxed inter-PID edges appended
2025-10-07 06:38:41.000Z [SP] constrained_graph |V|=625 |E|=666
2025-10-07 06:38:41.021Z [SP] calling calculate_fstate_shortest_path_without_gs_relaying on constrained graph
2025-10-07 06:38:41.107Z [SP] delegating to step(payload) with constrained PID routing
2025-10-07 06:38:41.183Z [MODE] SP_OVER_PID_QUOTIENT=True
2025-10-07 06:38:41.273Z [PID] neighbors stats
2025-10-07 06:38:41.189Z [SP] constrained_graph |V|=625 |E|=666
2025-10-07 06:38:41.425Z [GW] rebuild done
2025-10-07 06:38:41.476Z [SP] constrained_graph edge stats
2025-10-07 06:38:41.598Z [SP] relaxed inter-PID edges appended
2025-10-07 06:38:41.608Z [SP] constrained_graph |V|=625 |E|=666
2025-10-07 06:38:41.412Z [DEBUG] num_sats=625, num_gs=100
2025-10-07 06:38:41.815Z [SP] calling calculate_fstate_shortest_path_without_gs_relaying on constrained graph
2025-10-07 06:38:42.115Z [SP] constrained_graph |V|=625 |E|=666
2025-10-07 06:38:42.290Z [SP] delegating to step(payload) with constrained PID routing
2025-10-07 06:38:42.143Z [DEBUG] raw_gs_range type=<class 'list'>
2025-10-07 06:38:42.433Z [MODE] SP_OVER_PID_QUOTIENT=True
2025-10-07 06:38:42.558Z [SP] delegating to step(payload) with constrained PID routing
2025-10-07 06:38:42.450Z [SP] gs_range_norm_full total_keys=100 empty_keys=0 non_empty_sample={0: 4, 1: 5, 2: 4, 3: 2, 4: 3, 5: 2, 6: 3, 7: 2, 8: 2, 9: 4}
2025-10-07 06:38:42.668Z [PID] neighbors stats
2025-10-07 06:38:42.687Z [MODE] SP_OVER_PID_QUOTIENT=True
2025-10-07 06:38:42.352Z [DEBUG] num_sats=625, num_gs=100
2025-10-07 06:38:42.725Z [PID] neighbors stats
2025-10-07 06:38:42.698Z [DEBUG] gid_to_sat_gsl_if_idx: type=<class 'list'>, len=100, sample=[0, 0, 0, 0, 0]
2025-10-07 06:38:42.758Z [GW] rebuild done
2025-10-07 06:38:42.824Z [SP] constrained_graph edge stats
2025-10-07 06:38:42.862Z [SP] relaxed inter-PID edges appended
2025-10-07 06:38:42.875Z [GW] rebuild done
2025-10-07 06:38:42.881Z [SP] constrained_graph |V|=625 |E|=666
2025-10-07 06:38:42.901Z [SP] constrained_graph edge stats
2025-10-07 06:38:42.939Z [SP] calling calculate_fstate_shortest_path_without_gs_relaying on constrained graph
2025-10-07 06:38:43.063Z [SP] relaxed inter-PID edges appended
2025-10-07 06:38:43.143Z [SP] constrained_graph |V|=625 |E|=666
2025-10-07 06:38:43.179Z [SP] constrained_graph |V|=625 |E|=666
2025-10-07 06:38:43.193Z [DEBUG] num_sats=625, num_gs=100
2025-10-07 06:38:43.275Z [SP] delegating to step(payload) with constrained PID routing
2025-10-07 06:38:43.063Z [DEBUG] raw_gs_range type=<class 'list'>
2025-10-07 06:38:43.284Z [SP] done; fstate ready
2025-10-07 06:38:43.299Z [MODE] SP_OVER_PID_QUOTIENT=True
2025-10-07 06:38:43.193Z [SP] calling calculate_fstate_shortest_path_without_gs_relaying on constrained graph
2025-10-07 06:38:43.305Z [DEBUG] raw_gs_range type=<class 'list'>
2025-10-07 06:38:43.299Z [SP] gs_range_norm_full total_keys=100 empty_keys=0 non_empty_sample={0: 4, 1: 4, 2: 4, 3: 2, 4: 3, 5: 2, 6: 3, 7: 2, 8: 2, 9: 4}
2025-10-07 06:38:43.345Z [PID] neighbors stats
2025-10-07 06:38:43.365Z [DEBUG] gid_to_sat_gsl_if_idx: type=<class 'list'>, len=100, sample=[0, 0, 0, 0, 0]
2025-10-07 06:38:43.318Z [SP] done; fstate ready
2025-10-07 06:38:43.376Z [SP] gs_range_norm_full total_keys=100 empty_keys=0 non_empty_sample={0: 4, 1: 4, 2: 4, 3: 2, 4: 3, 5: 2, 6: 3, 7: 2, 8: 2, 9: 4}
2025-10-07 06:38:43.551Z [SP] delegating to step(payload) with constrained PID routing
2025-10-07 06:38:43.449Z [DEBUG] gid_to_sat_gsl_if_idx: type=<class 'list'>, len=100, sample=[0, 0, 0, 0, 0]
2025-10-07 06:38:43.563Z [GW] rebuild done
2025-10-07 06:38:43.471Z [SP] constrained_graph |V|=625 |E|=666
2025-10-07 06:38:43.637Z [DEBUG] num_sats=625, num_gs=100
2025-10-07 06:38:43.669Z [MODE] SP_OVER_PID_QUOTIENT=True
2025-10-07 06:38:43.677Z [SP] constrained_graph edge stats
2025-10-07 06:38:43.709Z [SP] relaxed inter-PID edges appended
2025-10-07 06:38:43.770Z [PID] neighbors stats
2025-10-07 06:38:43.796Z [SP] constrained_graph |V|=625 |E|=666
2025-10-07 06:38:43.815Z [GW] rebuild done
2025-10-07 06:38:43.720Z [DEBUG] raw_gs_range type=<class 'list'>
2025-10-07 06:38:43.848Z [SP] constrained_graph edge stats
2025-10-07 06:38:43.864Z [SP] calling calculate_fstate_shortest_path_without_gs_relaying on constrained graph
2025-10-07 06:38:43.939Z [SP] relaxed inter-PID edges appended
2025-10-07 06:38:43.896Z [SP] gs_range_norm_full total_keys=100 empty_keys=0 non_empty_sample={0: 4, 1: 5, 2: 4, 3: 2, 4: 3, 5: 2, 6: 3, 7: 2, 8: 2, 9: 4}
2025-10-07 06:38:43.971Z [SP] constrained_graph |V|=625 |E|=666
2025-10-07 06:38:43.927Z [SP] constrained_graph |V|=625 |E|=666
2025-10-07 06:38:43.971Z [DEBUG] gid_to_sat_gsl_if_idx: type=<class 'list'>, len=100, sample=[0, 0, 0, 0, 0]
2025-10-07 06:38:44.007Z [DEBUG] num_sats=625, num_gs=100
2025-10-07 06:38:43.992Z [SP] calling calculate_fstate_shortest_path_without_gs_relaying on constrained graph
2025-10-07 06:38:44.071Z [DEBUG] raw_gs_range type=<class 'list'>
2025-10-07 06:38:44.110Z [SP] gs_range_norm_full total_keys=100 empty_keys=0 non_empty_sample={0: 4, 1: 5, 2: 4, 3: 2, 4: 3, 5: 2, 6: 3, 7: 2, 8: 2, 9: 4}
2025-10-07 06:38:44.110Z [SP] constrained_graph |V|=625 |E|=666
2025-10-07 06:38:44.126Z [DEBUG] gid_to_sat_gsl_if_idx: type=<class 'list'>, len=100, sample=[0, 0, 0, 0, 0]
2025-10-07 06:38:44.194Z [DEBUG] num_sats=625, num_gs=100
2025-10-07 06:38:44.327Z [DEBUG] raw_gs_range type=<class 'list'>
2025-10-07 06:38:44.452Z [SP] gs_range_norm_full total_keys=100 empty_keys=0 non_empty_sample={0: 4, 1: 4, 2: 4, 3: 2, 4: 3, 5: 3, 6: 3, 7: 2, 8: 2, 9: 4}
2025-10-07 06:38:44.590Z [DEBUG] gid_to_sat_gsl_if_idx: type=<class 'list'>, len=100, sample=[0, 0, 0, 0, 0]
2025-10-07 06:38:45.341Z [SP] delegating to step(payload) with constrained PID routing
2025-10-07 06:38:45.369Z [SP] delegating to step(payload) with constrained PID routing
2025-10-07 06:38:45.369Z [MODE] SP_OVER_PID_QUOTIENT=True
2025-10-07 06:38:45.376Z [PID] neighbors stats
2025-10-07 06:38:45.369Z [MODE] SP_OVER_PID_QUOTIENT=True
2025-10-07 06:38:45.379Z [GW] rebuild done
2025-10-07 06:38:45.385Z [PID] neighbors stats
2025-10-07 06:38:45.387Z [SP] constrained_graph edge stats
2025-10-07 06:38:45.391Z [SP] relaxed inter-PID edges appended
2025-10-07 06:38:45.390Z [GW] rebuild done
2025-10-07 06:38:45.391Z [SP] constrained_graph |V|=625 |E|=666
2025-10-07 06:38:45.393Z [SP] constrained_graph edge stats
2025-10-07 06:38:45.395Z [SP] relaxed inter-PID edges appended
2025-10-07 06:38:45.394Z [SP] calling calculate_fstate_shortest_path_without_gs_relaying on constrained graph
2025-10-07 06:38:45.395Z [SP] constrained_graph |V|=625 |E|=666
2025-10-07 06:38:45.395Z [SP] constrained_graph |V|=625 |E|=666
2025-10-07 06:38:45.395Z [SP] calling calculate_fstate_shortest_path_without_gs_relaying on constrained graph
2025-10-07 06:38:45.395Z [DEBUG] num_sats=625, num_gs=100
2025-10-07 06:38:45.395Z [SP] constrained_graph |V|=625 |E|=666
2025-10-07 06:38:45.395Z [DEBUG] num_sats=625, num_gs=100
2025-10-07 06:38:45.396Z [DEBUG] raw_gs_range type=<class 'list'>
2025-10-07 06:38:45.396Z [SP] gs_range_norm_full total_keys=100 empty_keys=0 non_empty_sample={0: 4, 1: 4, 2: 4, 3: 2, 4: 3, 5: 2, 6: 3, 7: 2, 8: 2, 9: 4}
2025-10-07 06:38:45.396Z [DEBUG] raw_gs_range type=<class 'list'>
2025-10-07 06:38:45.396Z [DEBUG] gid_to_sat_gsl_if_idx: type=<class 'list'>, len=100, sample=[0, 0, 0, 0, 0]
2025-10-07 06:38:45.396Z [SP] gs_range_norm_full total_keys=100 empty_keys=0 non_empty_sample={0: 4, 1: 5, 2: 4, 3: 2, 4: 3, 5: 2, 6: 3, 7: 2, 8: 2, 9: 4}
2025-10-07 06:38:45.397Z [DEBUG] gid_to_sat_gsl_if_idx: type=<class 'list'>, len=100, sample=[0, 0, 0, 0, 0]
2025-10-07 06:38:46.779Z [SP] done; fstate ready
2025-10-07 06:38:47.945Z [SP] done; fstate ready
2025-10-07 06:38:48.340Z [SP] delegating to step(payload) with constrained PID routing
2025-10-07 06:38:48.382Z [MODE] SP_OVER_PID_QUOTIENT=True
2025-10-07 06:38:48.455Z [PID] neighbors stats
2025-10-07 06:38:48.498Z [GW] rebuild done
2025-10-07 06:38:48.595Z [SP] constrained_graph edge stats
2025-10-07 06:38:48.631Z [SP] relaxed inter-PID edges appended
2025-10-07 06:38:48.720Z [SP] constrained_graph |V|=625 |E|=666
2025-10-07 06:38:48.729Z [SP] calling calculate_fstate_shortest_path_without_gs_relaying on constrained graph
2025-10-07 06:38:48.837Z [SP] constrained_graph |V|=625 |E|=666
2025-10-07 06:38:48.898Z [SP] done; fstate ready
2025-10-07 06:38:48.913Z [DEBUG] num_sats=625, num_gs=100
2025-10-07 06:38:49.044Z [DEBUG] raw_gs_range type=<class 'list'>
2025-10-07 06:38:49.084Z [SP] done; fstate ready
2025-10-07 06:38:49.129Z [SP] gs_range_norm_full total_keys=100 empty_keys=0 non_empty_sample={0: 4, 1: 5, 2: 4, 3: 2, 4: 3, 5: 2, 6: 3, 7: 2, 8: 2, 9: 4}
2025-10-07 06:38:49.301Z [DEBUG] gid_to_sat_gsl_if_idx: type=<class 'list'>, len=100, sample=[0, 0, 0, 0, 0]
2025-10-07 06:38:50.605Z [SP] done; fstate ready
2025-10-07 06:38:50.721Z [SP] delegating to step(payload) with constrained PID routing
2025-10-07 06:38:50.822Z [MODE] SP_OVER_PID_QUOTIENT=True
2025-10-07 06:38:50.976Z [PID] neighbors stats
2025-10-07 06:38:51.168Z [GW] rebuild done
2025-10-07 06:38:51.293Z [SP] constrained_graph edge stats
2025-10-07 06:38:51.508Z [SP] relaxed inter-PID edges appended
2025-10-07 06:38:51.597Z [SP] constrained_graph |V|=625 |E|=666
2025-10-07 06:38:51.815Z [SP] calling calculate_fstate_shortest_path_without_gs_relaying on constrained graph
2025-10-07 06:38:51.735Z [SP] done; fstate ready
2025-10-07 06:38:51.970Z [SP] constrained_graph |V|=625 |E|=666
2025-10-07 06:38:52.194Z [DEBUG] num_sats=625, num_gs=100
2025-10-07 06:38:52.637Z [SP] delegating to step(payload) with constrained PID routing
2025-10-07 06:38:52.696Z [SP] delegating to step(payload) with constrained PID routing
2025-10-07 06:38:52.627Z [DEBUG] raw_gs_range type=<class 'list'>
2025-10-07 06:38:52.813Z [SP] done; fstate ready
2025-10-07 06:38:52.810Z [MODE] SP_OVER_PID_QUOTIENT=True
2025-10-07 06:38:52.810Z [MODE] SP_OVER_PID_QUOTIENT=True
2025-10-07 06:38:52.960Z [PID] neighbors stats
2025-10-07 06:38:52.923Z [SP] gs_range_norm_full total_keys=100 empty_keys=0 non_empty_sample={0: 4, 1: 5, 2: 4, 3: 2, 4: 3, 5: 2, 6: 3, 7: 2, 8: 2, 9: 4}
2025-10-07 06:38:53.021Z [PID] neighbors stats
2025-10-07 06:38:53.054Z [GW] rebuild done
2025-10-07 06:38:53.081Z [GW] rebuild done
2025-10-07 06:38:53.206Z [SP] constrained_graph edge stats
2025-10-07 06:38:53.065Z [DEBUG] gid_to_sat_gsl_if_idx: type=<class 'list'>, len=100, sample=[0, 0, 0, 0, 0]
2025-10-07 06:38:53.176Z [SP] constrained_graph edge stats
2025-10-07 06:38:53.263Z [SP] relaxed inter-PID edges appended
2025-10-07 06:38:53.393Z [SP] relaxed inter-PID edges appended
2025-10-07 06:38:53.398Z [SP] constrained_graph |V|=625 |E|=666
2025-10-07 06:38:53.487Z [SP] constrained_graph |V|=625 |E|=686
2025-10-07 06:38:53.498Z [SP] calling calculate_fstate_shortest_path_without_gs_relaying on constrained graph
2025-10-07 06:38:53.649Z [SP] calling calculate_fstate_shortest_path_without_gs_relaying on constrained graph
2025-10-07 06:38:53.678Z [SP] constrained_graph |V|=625 |E|=666
2025-10-07 06:38:53.925Z [SP] constrained_graph |V|=625 |E|=686
2025-10-07 06:38:54.010Z [SP] done; fstate ready
2025-10-07 06:38:53.967Z [DEBUG] num_sats=625, num_gs=100
2025-10-07 06:38:54.227Z [SP] delegating to step(payload) with constrained PID routing
2025-10-07 06:38:54.179Z [DEBUG] num_sats=625, num_gs=100
2025-10-07 06:38:54.363Z [MODE] SP_OVER_PID_QUOTIENT=True
2025-10-07 06:38:54.390Z [DEBUG] raw_gs_range type=<class 'list'>
2025-10-07 06:38:54.363Z [DEBUG] raw_gs_range type=<class 'list'>
2025-10-07 06:38:54.510Z [PID] neighbors stats
2025-10-07 06:38:54.665Z [GW] rebuild done
2025-10-07 06:38:54.656Z [SP] gs_range_norm_full total_keys=100 empty_keys=0 non_empty_sample={0: 4, 1: 4, 2: 4, 3: 2, 4: 3, 5: 2, 6: 3, 7: 2, 8: 2, 9: 4}
2025-10-07 06:38:54.646Z [SP] gs_range_norm_full total_keys=100 empty_keys=0 non_empty_sample={0: 4, 1: 4, 2: 4, 3: 2, 4: 3, 5: 2, 6: 3, 7: 2, 8: 2, 9: 4}
2025-10-07 06:38:54.778Z [SP] constrained_graph edge stats
2025-10-07 06:38:54.743Z [DEBUG] gid_to_sat_gsl_if_idx: type=<class 'list'>, len=100, sample=[0, 0, 0, 0, 0]
2025-10-07 06:38:54.804Z [DEBUG] gid_to_sat_gsl_if_idx: type=<class 'list'>, len=100, sample=[0, 0, 0, 0, 0]
2025-10-07 06:38:54.811Z [SP] relaxed inter-PID edges appended
2025-10-07 06:38:55.016Z [SP] constrained_graph |V|=625 |E|=666
2025-10-07 06:38:55.108Z [SP] delegating to step(payload) with constrained PID routing
2025-10-07 06:38:55.076Z [SP] calling calculate_fstate_shortest_path_without_gs_relaying on constrained graph
2025-10-07 06:38:55.157Z [MODE] SP_OVER_PID_QUOTIENT=True
2025-10-07 06:38:55.224Z [SP] constrained_graph |V|=625 |E|=666
2025-10-07 06:38:55.295Z [PID] neighbors stats
2025-10-07 06:38:55.325Z [GW] rebuild done
2025-10-07 06:38:55.412Z [SP] constrained_graph edge stats
2025-10-07 06:38:55.448Z [SP] relaxed inter-PID edges appended
2025-10-07 06:38:55.325Z [DEBUG] num_sats=625, num_gs=100
2025-10-07 06:38:55.549Z [DEBUG] raw_gs_range type=<class 'list'>
2025-10-07 06:38:55.607Z [SP] constrained_graph |V|=625 |E|=666
2025-10-07 06:38:55.701Z [SP] gs_range_norm_full total_keys=100 empty_keys=0 non_empty_sample={0: 4, 1: 4, 2: 4, 3: 2, 4: 3, 5: 3, 6: 3, 7: 2, 8: 2, 9: 4}
2025-10-07 06:38:55.713Z [SP] calling calculate_fstate_shortest_path_without_gs_relaying on constrained graph
2025-10-07 06:38:55.812Z [DEBUG] gid_to_sat_gsl_if_idx: type=<class 'list'>, len=100, sample=[0, 0, 0, 0, 0]
2025-10-07 06:38:55.844Z [SP] constrained_graph |V|=625 |E|=666
2025-10-07 06:38:55.994Z [DEBUG] num_sats=625, num_gs=100
2025-10-07 06:38:56.157Z [SP] delegating to step(payload) with constrained PID routing
2025-10-07 06:38:56.200Z [MODE] SP_OVER_PID_QUOTIENT=True
2025-10-07 06:38:56.223Z [DEBUG] raw_gs_range type=<class 'list'>
2025-10-07 06:38:56.296Z [SP] gs_range_norm_full total_keys=100 empty_keys=0 non_empty_sample={0: 4, 1: 4, 2: 4, 3: 2, 4: 3, 5: 2, 6: 3, 7: 2, 8: 2, 9: 4}
2025-10-07 06:38:56.273Z [PID] neighbors stats
2025-10-07 06:38:56.341Z [GW] rebuild done
2025-10-07 06:38:56.362Z [SP] constrained_graph edge stats
2025-10-07 06:38:56.341Z [DEBUG] gid_to_sat_gsl_if_idx: type=<class 'list'>, len=100, sample=[0, 0, 0, 0, 0]
2025-10-07 06:38:56.406Z [SP] relaxed inter-PID edges appended
2025-10-07 06:38:56.476Z [SP] constrained_graph |V|=625 |E|=666
2025-10-07 06:38:56.511Z [SP] done; fstate ready
2025-10-07 06:38:56.532Z [SP] calling calculate_fstate_shortest_path_without_gs_relaying on constrained graph
2025-10-07 06:38:56.655Z [SP] done; fstate ready
2025-10-07 06:38:56.601Z [SP] constrained_graph |V|=625 |E|=666
2025-10-07 06:38:56.699Z [SP] delegating to step(payload) with constrained PID routing
2025-10-07 06:38:56.720Z [DEBUG] num_sats=625, num_gs=100
2025-10-07 06:38:56.729Z [MODE] SP_OVER_PID_QUOTIENT=True
2025-10-07 06:38:56.812Z [DEBUG] raw_gs_range type=<class 'list'>
2025-10-07 06:38:56.852Z [PID] neighbors stats
2025-10-07 06:38:56.921Z [SP] gs_range_norm_full total_keys=100 empty_keys=0 non_empty_sample={0: 4, 1: 5, 2: 4, 3: 2, 4: 3, 5: 2, 6: 3, 7: 2, 8: 2, 9: 4}
2025-10-07 06:38:57.036Z [GW] rebuild done
2025-10-07 06:38:57.120Z [SP] constrained_graph edge stats
2025-10-07 06:38:57.130Z [DEBUG] gid_to_sat_gsl_if_idx: type=<class 'list'>, len=100, sample=[0, 0, 0, 0, 0]
2025-10-07 06:38:57.243Z [SP] relaxed inter-PID edges appended
2025-10-07 06:38:57.326Z [SP] constrained_graph |V|=625 |E|=666
2025-10-07 06:38:57.371Z [SP] calling calculate_fstate_shortest_path_without_gs_relaying on constrained graph
2025-10-07 06:38:57.485Z [SP] constrained_graph |V|=625 |E|=666
2025-10-07 06:38:57.656Z [DEBUG] num_sats=625, num_gs=100
2025-10-07 06:38:57.790Z [DEBUG] raw_gs_range type=<class 'list'>
2025-10-07 06:38:57.920Z [SP] gs_range_norm_full total_keys=100 empty_keys=0 non_empty_sample={0: 4, 1: 4, 2: 4, 3: 2, 4: 3, 5: 2, 6: 3, 7: 2, 8: 2, 9: 4}
2025-10-07 06:38:58.026Z [DEBUG] gid_to_sat_gsl_if_idx: type=<class 'list'>, len=100, sample=[0, 0, 0, 0, 0]
2025-10-07 06:38:58.507Z [SP] delegating to step(payload) with constrained PID routing
2025-10-07 06:38:58.540Z [MODE] SP_OVER_PID_QUOTIENT=True
2025-10-07 06:38:58.615Z [PID] neighbors stats
2025-10-07 06:38:58.659Z [GW] rebuild done
2025-10-07 06:38:58.696Z [SP] constrained_graph edge stats
2025-10-07 06:38:58.721Z [SP] relaxed inter-PID edges appended
2025-10-07 06:38:58.762Z [SP] delegating to step(payload) with constrained PID routing
2025-10-07 06:38:58.763Z [SP] constrained_graph |V|=625 |E|=666
2025-10-07 06:38:58.763Z [MODE] SP_OVER_PID_QUOTIENT=True
2025-10-07 06:38:58.763Z [SP] calling calculate_fstate_shortest_path_without_gs_relaying on constrained graph
2025-10-07 06:38:58.769Z [PID] neighbors stats
2025-10-07 06:38:58.775Z [GW] rebuild done
2025-10-07 06:38:58.770Z [SP] constrained_graph |V|=625 |E|=666
2025-10-07 06:38:58.779Z [SP] constrained_graph edge stats
2025-10-07 06:38:58.780Z [SP] relaxed inter-PID edges appended
2025-10-07 06:38:58.779Z [DEBUG] num_sats=625, num_gs=100
2025-10-07 06:38:58.781Z [SP] constrained_graph |V|=625 |E|=666
2025-10-07 06:38:58.781Z [DEBUG] raw_gs_range type=<class 'list'>
2025-10-07 06:38:58.781Z [SP] calling calculate_fstate_shortest_path_without_gs_relaying on constrained graph
2025-10-07 06:38:58.782Z [SP] gs_range_norm_full total_keys=100 empty_keys=0 non_empty_sample={0: 4, 1: 5, 2: 4, 3: 2, 4: 3, 5: 2, 6: 3, 7: 2, 8: 2, 9: 4}
2025-10-07 06:38:58.782Z [SP] constrained_graph |V|=625 |E|=666
2025-10-07 06:38:58.782Z [DEBUG] gid_to_sat_gsl_if_idx: type=<class 'list'>, len=100, sample=[0, 0, 0, 0, 0]
2025-10-07 06:38:58.782Z [DEBUG] num_sats=625, num_gs=100
2025-10-07 06:38:58.783Z [DEBUG] raw_gs_range type=<class 'list'>
2025-10-07 06:38:58.783Z [SP] gs_range_norm_full total_keys=100 empty_keys=0 non_empty_sample={0: 4, 1: 5, 2: 4, 3: 2, 4: 3, 5: 2, 6: 3, 7: 2, 8: 2, 9: 4}
2025-10-07 06:38:58.784Z [DEBUG] gid_to_sat_gsl_if_idx: type=<class 'list'>, len=100, sample=[0, 0, 0, 0, 0]
2025-10-07 06:39:00.395Z [SP] done; fstate ready
2025-10-07 06:39:00.416Z [SP] done; fstate ready
2025-10-07 06:39:01.915Z [SP] done; fstate ready
2025-10-07 06:39:02.391Z [SP] done; fstate ready
2025-10-07 06:39:03.528Z [SP] delegating to step(payload) with constrained PID routing
2025-10-07 06:39:03.604Z [MODE] SP_OVER_PID_QUOTIENT=True
2025-10-07 06:39:03.652Z [PID] neighbors stats
2025-10-07 06:39:03.740Z [SP] delegating to step(payload) with constrained PID routing
2025-10-07 06:39:03.769Z [GW] rebuild done
2025-10-07 06:39:03.818Z [MODE] SP_OVER_PID_QUOTIENT=True
2025-10-07 06:39:03.884Z [SP] constrained_graph edge stats
2025-10-07 06:39:03.939Z [PID] neighbors stats
2025-10-07 06:39:04.008Z [GW] rebuild done
2025-10-07 06:39:04.134Z [SP] constrained_graph edge stats
2025-10-07 06:39:04.032Z [SP] relaxed inter-PID edges appended
2025-10-07 06:39:04.041Z [SP] done; fstate ready
2025-10-07 06:39:04.202Z [SP] relaxed inter-PID edges appended
2025-10-07 06:39:04.237Z [SP] constrained_graph |V|=625 |E|=666
2025-10-07 06:39:04.227Z [SP] constrained_graph |V|=625 |E|=666
2025-10-07 06:39:04.313Z [SP] calling calculate_fstate_shortest_path_without_gs_relaying on constrained graph
2025-10-07 06:39:04.325Z [SP] calling calculate_fstate_shortest_path_without_gs_relaying on constrained graph
2025-10-07 06:39:04.455Z [SP] constrained_graph |V|=625 |E|=666
2025-10-07 06:39:04.518Z [SP] constrained_graph |V|=625 |E|=666
2025-10-07 06:39:04.635Z [DEBUG] num_sats=625, num_gs=100
2025-10-07 06:39:04.678Z [DEBUG] num_sats=625, num_gs=100
2025-10-07 06:39:04.856Z [DEBUG] raw_gs_range type=<class 'list'>
2025-10-07 06:39:05.020Z [SP] gs_range_norm_full total_keys=100 empty_keys=0 non_empty_sample={0: 4, 1: 5, 2: 4, 3: 2, 4: 3, 5: 2, 6: 3, 7: 2, 8: 2, 9: 4}
2025-10-07 06:39:05.015Z [DEBUG] raw_gs_range type=<class 'list'>
2025-10-07 06:39:05.236Z [DEBUG] gid_to_sat_gsl_if_idx: type=<class 'list'>, len=100, sample=[0, 0, 0, 0, 0]
2025-10-07 06:39:05.190Z [SP] gs_range_norm_full total_keys=100 empty_keys=0 non_empty_sample={0: 4, 1: 5, 2: 4, 3: 2, 4: 3, 5: 2, 6: 3, 7: 2, 8: 2, 9: 4}
2025-10-07 06:39:05.396Z [SP] delegating to step(payload) with constrained PID routing
2025-10-07 06:39:05.482Z [MODE] SP_OVER_PID_QUOTIENT=True
2025-10-07 06:39:05.556Z [SP] done; fstate ready
2025-10-07 06:39:05.482Z [DEBUG] gid_to_sat_gsl_if_idx: type=<class 'list'>, len=100, sample=[0, 0, 0, 0, 0]
2025-10-07 06:39:05.642Z [PID] neighbors stats
2025-10-07 06:39:05.680Z [GW] rebuild done
2025-10-07 06:39:05.807Z [SP] constrained_graph edge stats
2025-10-07 06:39:05.834Z [SP] relaxed inter-PID edges appended
2025-10-07 06:39:06.014Z [SP] constrained_graph |V|=625 |E|=666
2025-10-07 06:39:06.175Z [SP] delegating to step(payload) with constrained PID routing
2025-10-07 06:39:06.211Z [SP] calling calculate_fstate_shortest_path_without_gs_relaying on constrained graph
2025-10-07 06:39:06.302Z [MODE] SP_OVER_PID_QUOTIENT=True
2025-10-07 06:39:06.435Z [SP] constrained_graph |V|=625 |E|=666
2025-10-07 06:39:06.465Z [SP] done; fstate ready
2025-10-07 06:39:06.600Z [PID] neighbors stats
2025-10-07 06:39:06.617Z [DEBUG] num_sats=625, num_gs=100
2025-10-07 06:39:06.795Z [GW] rebuild done
2025-10-07 06:39:06.877Z [SP] constrained_graph edge stats
2025-10-07 06:39:06.840Z [DEBUG] raw_gs_range type=<class 'list'>
2025-10-07 06:39:06.988Z [SP] relaxed inter-PID edges appended
2025-10-07 06:39:07.110Z [SP] constrained_graph |V|=625 |E|=666
2025-10-07 06:39:07.220Z [SP] done; fstate ready
2025-10-07 06:39:07.040Z [SP] gs_range_norm_full total_keys=100 empty_keys=0 non_empty_sample={0: 4, 1: 4, 2: 4, 3: 2, 4: 3, 5: 2, 6: 3, 7: 2, 8: 2, 9: 4}
2025-10-07 06:39:07.193Z [SP] calling calculate_fstate_shortest_path_without_gs_relaying on constrained graph
2025-10-07 06:39:07.350Z [DEBUG] gid_to_sat_gsl_if_idx: type=<class 'list'>, len=100, sample=[0, 0, 0, 0, 0]
2025-10-07 06:39:07.578Z [SP] constrained_graph |V|=625 |E|=666
2025-10-07 06:39:07.859Z [SP] delegating to step(payload) with constrained PID routing
2025-10-07 06:39:07.884Z [DEBUG] num_sats=625, num_gs=100
2025-10-07 06:39:07.942Z [MODE] SP_OVER_PID_QUOTIENT=True
2025-10-07 06:39:07.988Z [DEBUG] raw_gs_range type=<class 'list'>
2025-10-07 06:39:08.186Z [PID] neighbors stats
2025-10-07 06:39:08.176Z [SP] done; fstate ready
2025-10-07 06:39:08.364Z [GW] rebuild done
2025-10-07 06:39:08.416Z [SP] constrained_graph edge stats
2025-10-07 06:39:08.295Z [SP] gs_range_norm_full total_keys=100 empty_keys=0 non_empty_sample={0: 4, 1: 4, 2: 4, 3: 2, 4: 3, 5: 3, 6: 3, 7: 2, 8: 2, 9: 4}
2025-10-07 06:39:08.502Z [SP] relaxed inter-PID edges appended
2025-10-07 06:39:08.583Z [SP] constrained_graph |V|=625 |E|=666
2025-10-07 06:39:08.577Z [DEBUG] gid_to_sat_gsl_if_idx: type=<class 'list'>, len=100, sample=[0, 0, 0, 0, 0]
2025-10-07 06:39:08.799Z [SP] calling calculate_fstate_shortest_path_without_gs_relaying on constrained graph
2025-10-07 06:39:08.916Z [SP] constrained_graph |V|=625 |E|=666
2025-10-07 06:39:09.148Z [DEBUG] num_sats=625, num_gs=100
2025-10-07 06:39:09.287Z [DEBUG] raw_gs_range type=<class 'list'>
2025-10-07 06:39:09.572Z [SP] delegating to step(payload) with constrained PID routing
2025-10-07 06:39:09.554Z [SP] gs_range_norm_full total_keys=100 empty_keys=0 non_empty_sample={0: 4, 1: 5, 2: 4, 3: 2, 4: 3, 5: 2, 6: 3, 7: 2, 8: 2, 9: 4}
2025-10-07 06:39:09.669Z [DEBUG] gid_to_sat_gsl_if_idx: type=<class 'list'>, len=100, sample=[0, 0, 0, 0, 0]
2025-10-07 06:39:09.680Z [MODE] SP_OVER_PID_QUOTIENT=True
2025-10-07 06:39:09.919Z [PID] neighbors stats
2025-10-07 06:39:10.006Z [GW] rebuild done
2025-10-07 06:39:10.056Z [SP] constrained_graph edge stats
2025-10-07 06:39:10.149Z [SP] relaxed inter-PID edges appended
2025-10-07 06:39:10.190Z [SP] delegating to step(payload) with constrained PID routing
2025-10-07 06:39:10.212Z [SP] constrained_graph |V|=625 |E|=666
2025-10-07 06:39:10.266Z [SP] calling calculate_fstate_shortest_path_without_gs_relaying on constrained graph
2025-10-07 06:39:10.320Z [MODE] SP_OVER_PID_QUOTIENT=True
2025-10-07 06:39:10.550Z [PID] neighbors stats
2025-10-07 06:39:10.563Z [SP] delegating to step(payload) with constrained PID routing
2025-10-07 06:39:10.548Z [SP] constrained_graph |V|=625 |E|=666
2025-10-07 06:39:10.588Z [GW] rebuild done
2025-10-07 06:39:10.630Z [SP] constrained_graph edge stats
2025-10-07 06:39:10.599Z [MODE] SP_OVER_PID_QUOTIENT=True
2025-10-07 06:39:10.616Z [DEBUG] num_sats=625, num_gs=100
2025-10-07 06:39:10.669Z [PID] neighbors stats
2025-10-07 06:39:10.648Z [SP] relaxed inter-PID edges appended
2025-10-07 06:39:10.704Z [GW] rebuild done
2025-10-07 06:39:10.663Z [DEBUG] raw_gs_range type=<class 'list'>
2025-10-07 06:39:10.704Z [SP] constrained_graph |V|=625 |E|=666
2025-10-07 06:39:10.712Z [SP] constrained_graph edge stats
2025-10-07 06:39:10.735Z [SP] relaxed inter-PID edges appended
2025-10-07 06:39:10.734Z [SP] gs_range_norm_full total_keys=100 empty_keys=0 non_empty_sample={0: 4, 1: 4, 2: 4, 3: 2, 4: 3, 5: 2, 6: 3, 7: 2, 8: 2, 9: 4}
2025-10-07 06:39:10.774Z [SP] constrained_graph |V|=625 |E|=666
2025-10-07 06:39:10.734Z [SP] calling calculate_fstate_shortest_path_without_gs_relaying on constrained graph
2025-10-07 06:39:10.767Z [DEBUG] gid_to_sat_gsl_if_idx: type=<class 'list'>, len=100, sample=[0, 0, 0, 0, 0]
2025-10-07 06:39:10.827Z [SP] constrained_graph |V|=625 |E|=666
2025-10-07 06:39:10.811Z [SP] calling calculate_fstate_shortest_path_without_gs_relaying on constrained graph
2025-10-07 06:39:10.884Z [DEBUG] num_sats=625, num_gs=100
2025-10-07 06:39:10.916Z [SP] constrained_graph |V|=625 |E|=666
2025-10-07 06:39:11.002Z [DEBUG] num_sats=625, num_gs=100
2025-10-07 06:39:10.992Z [DEBUG] raw_gs_range type=<class 'list'>
2025-10-07 06:39:11.025Z [SP] delegating to step(payload) with constrained PID routing
2025-10-07 06:39:11.032Z [DEBUG] raw_gs_range type=<class 'list'>
2025-10-07 06:39:11.035Z [SP] gs_range_norm_full total_keys=100 empty_keys=0 non_empty_sample={0: 4, 1: 4, 2: 4, 3: 2, 4: 3, 5: 2, 6: 3, 7: 2, 8: 2, 9: 4}
2025-10-07 06:39:11.041Z [MODE] SP_OVER_PID_QUOTIENT=True
2025-10-07 06:39:11.068Z [PID] neighbors stats
2025-10-07 06:39:11.059Z [SP] gs_range_norm_full total_keys=100 empty_keys=0 non_empty_sample={0: 4, 1: 5, 2: 4, 3: 2, 4: 3, 5: 2, 6: 3, 7: 2, 8: 2, 9: 4}
2025-10-07 06:39:11.084Z [GW] rebuild done
2025-10-07 06:39:11.059Z [DEBUG] gid_to_sat_gsl_if_idx: type=<class 'list'>, len=100, sample=[0, 0, 0, 0, 0]
2025-10-07 06:39:11.106Z [SP] constrained_graph edge stats
2025-10-07 06:39:11.121Z [SP] relaxed inter-PID edges appended
2025-10-07 06:39:11.099Z [DEBUG] gid_to_sat_gsl_if_idx: type=<class 'list'>, len=100, sample=[0, 0, 0, 0, 0]
2025-10-07 06:39:11.131Z [SP] constrained_graph |V|=625 |E|=666
2025-10-07 06:39:11.147Z [SP] calling calculate_fstate_shortest_path_without_gs_relaying on constrained graph
2025-10-07 06:39:11.171Z [SP] constrained_graph |V|=625 |E|=666
2025-10-07 06:39:11.199Z [DEBUG] num_sats=625, num_gs=100
2025-10-07 06:39:11.228Z [DEBUG] raw_gs_range type=<class 'list'>
2025-10-07 06:39:11.251Z [SP] gs_range_norm_full total_keys=100 empty_keys=0 non_empty_sample={0: 4, 1: 4, 2: 4, 3: 2, 4: 3, 5: 2, 6: 3, 7: 2, 8: 2, 9: 4}
2025-10-07 06:39:11.260Z [DEBUG] gid_to_sat_gsl_if_idx: type=<class 'list'>, len=100, sample=[0, 0, 0, 0, 0]
2025-10-07 06:39:11.265Z [SP] done; fstate ready
2025-10-07 06:39:12.374Z [SP] delegating to step(payload) with constrained PID routing
2025-10-07 06:39:12.374Z [MODE] SP_OVER_PID_QUOTIENT=True
2025-10-07 06:39:12.382Z [PID] neighbors stats
2025-10-07 06:39:12.387Z [GW] rebuild done
2025-10-07 06:39:12.390Z [SP] constrained_graph edge stats
2025-10-07 06:39:12.392Z [SP] relaxed inter-PID edges appended
2025-10-07 06:39:12.392Z [SP] constrained_graph |V|=625 |E|=666
2025-10-07 06:39:12.392Z [SP] calling calculate_fstate_shortest_path_without_gs_relaying on constrained graph
2025-10-07 06:39:12.393Z [SP] constrained_graph |V|=625 |E|=666
2025-10-07 06:39:12.393Z [DEBUG] num_sats=625, num_gs=100
2025-10-07 06:39:12.393Z [DEBUG] raw_gs_range type=<class 'list'>
2025-10-07 06:39:12.394Z [SP] gs_range_norm_full total_keys=100 empty_keys=0 non_empty_sample={0: 4, 1: 5, 2: 4, 3: 2, 4: 3, 5: 2, 6: 3, 7: 2, 8: 2, 9: 4}
2025-10-07 06:39:12.394Z [DEBUG] gid_to_sat_gsl_if_idx: type=<class 'list'>, len=100, sample=[0, 0, 0, 0, 0]
2025-10-07 06:39:13.877Z [SP] done; fstate ready
2025-10-07 06:39:13.938Z [SP] done; fstate ready
2025-10-07 06:39:14.833Z [SP] done; fstate ready
2025-10-07 06:39:16.504Z [SP] delegating to step(payload) with constrained PID routing
2025-10-07 06:39:16.634Z [SP] delegating to step(payload) with constrained PID routing
2025-10-07 06:39:16.637Z [MODE] SP_OVER_PID_QUOTIENT=True
2025-10-07 06:39:16.653Z [MODE] SP_OVER_PID_QUOTIENT=True
2025-10-07 06:39:16.740Z [PID] neighbors stats
2025-10-07 06:39:16.774Z [GW] rebuild done
2025-10-07 06:39:16.764Z [PID] neighbors stats
2025-10-07 06:39:16.791Z [GW] rebuild done
2025-10-07 06:39:16.808Z [SP] constrained_graph edge stats
2025-10-07 06:39:16.818Z [SP] constrained_graph edge stats
2025-10-07 06:39:16.823Z [SP] relaxed inter-PID edges appended
2025-10-07 06:39:16.823Z [SP] relaxed inter-PID edges appended
2025-10-07 06:39:16.829Z [SP] constrained_graph |V|=625 |E|=666
2025-10-07 06:39:16.829Z [SP] calling calculate_fstate_shortest_path_without_gs_relaying on constrained graph
2025-10-07 06:39:16.860Z [SP] constrained_graph |V|=625 |E|=666
2025-10-07 06:39:16.899Z [DEBUG] num_sats=625, num_gs=100
2025-10-07 06:39:16.893Z [SP] constrained_graph |V|=625 |E|=684
2025-10-07 06:39:16.922Z [DEBUG] raw_gs_range type=<class 'list'>
2025-10-07 06:39:16.938Z [SP] gs_range_norm_full total_keys=100 empty_keys=0 non_empty_sample={0: 4, 1: 5, 2: 4, 3: 2, 4: 3, 5: 2, 6: 3, 7: 2, 8: 2, 9: 4}
2025-10-07 06:39:16.948Z [SP] calling calculate_fstate_shortest_path_without_gs_relaying on constrained graph
2025-10-07 06:39:16.937Z [SP] done; fstate ready
2025-10-07 06:39:16.959Z [DEBUG] gid_to_sat_gsl_if_idx: type=<class 'list'>, len=100, sample=[0, 0, 0, 0, 0]
2025-10-07 06:39:16.991Z [SP] constrained_graph |V|=625 |E|=684
2025-10-07 06:39:17.198Z [DEBUG] num_sats=625, num_gs=100
2025-10-07 06:39:17.340Z [DEBUG] raw_gs_range type=<class 'list'>
2025-10-07 06:39:17.446Z [SP] gs_range_norm_full total_keys=100 empty_keys=0 non_empty_sample={0: 4, 1: 4, 2: 4, 3: 2, 4: 3, 5: 3, 6: 3, 7: 2, 8: 2, 9: 4}
2025-10-07 06:39:17.514Z [DEBUG] gid_to_sat_gsl_if_idx: type=<class 'list'>, len=100, sample=[0, 0, 0, 0, 0]
2025-10-07 06:39:17.461Z [SP] delegating to step(payload) with constrained PID routing
2025-10-07 06:39:17.577Z [MODE] SP_OVER_PID_QUOTIENT=True
2025-10-07 06:39:17.746Z [PID] neighbors stats
2025-10-07 06:39:17.833Z [GW] rebuild done
2025-10-07 06:39:17.968Z [SP] constrained_graph edge stats
2025-10-07 06:39:17.997Z [SP] relaxed inter-PID edges appended
2025-10-07 06:39:18.007Z [SP] done; fstate ready
2025-10-07 06:39:18.056Z [SP] constrained_graph |V|=625 |E|=666
2025-10-07 06:39:18.231Z [SP] done; fstate ready
2025-10-07 06:39:18.103Z [SP] calling calculate_fstate_shortest_path_without_gs_relaying on constrained graph
2025-10-07 06:39:18.473Z [SP] constrained_graph |V|=625 |E|=666
2025-10-07 06:39:18.597Z [DEBUG] num_sats=625, num_gs=100
2025-10-07 06:39:18.860Z [DEBUG] raw_gs_range type=<class 'list'>
2025-10-07 06:39:19.292Z [SP] done; fstate ready
2025-10-07 06:39:19.080Z [SP] gs_range_norm_full total_keys=100 empty_keys=0 non_empty_sample={0: 4, 1: 4, 2: 4, 3: 2, 4: 3, 5: 2, 6: 3, 7: 2, 8: 2, 9: 4}
2025-10-07 06:39:19.665Z [SP] done; fstate ready
2025-10-07 06:39:19.691Z [DEBUG] gid_to_sat_gsl_if_idx: type=<class 'list'>, len=100, sample=[0, 0, 0, 0, 0]
2025-10-07 06:39:20.056Z [SP] delegating to step(payload) with constrained PID routing
2025-10-07 06:39:20.112Z [MODE] SP_OVER_PID_QUOTIENT=True
2025-10-07 06:39:20.291Z [PID] neighbors stats
2025-10-07 06:39:20.367Z [GW] rebuild done
2025-10-07 06:39:20.434Z [SP] constrained_graph edge stats
2025-10-07 06:39:20.506Z [SP] relaxed inter-PID edges appended
2025-10-07 06:39:20.641Z [SP] constrained_graph |V|=625 |E|=666
2025-10-07 06:39:20.807Z [SP] calling calculate_fstate_shortest_path_without_gs_relaying on constrained graph
2025-10-07 06:39:20.971Z [SP] constrained_graph |V|=625 |E|=666
2025-10-07 06:39:21.314Z [DEBUG] num_sats=625, num_gs=100
2025-10-07 06:39:21.486Z [DEBUG] raw_gs_range type=<class 'list'>
2025-10-07 06:39:21.630Z [SP] gs_range_norm_full total_keys=100 empty_keys=0 non_empty_sample={0: 4, 1: 5, 2: 4, 3: 2, 4: 3, 5: 2, 6: 3, 7: 2, 8: 2, 9: 4}
2025-10-07 06:39:21.608Z [SP] done; fstate ready
2025-10-07 06:39:21.693Z [DEBUG] gid_to_sat_gsl_if_idx: type=<class 'list'>, len=100, sample=[0, 0, 0, 0, 0]
2025-10-07 06:39:22.078Z [SP] delegating to step(payload) with constrained PID routing
2025-10-07 06:39:22.123Z [SP] delegating to step(payload) with constrained PID routing
2025-10-07 06:39:22.139Z [MODE] SP_OVER_PID_QUOTIENT=True
2025-10-07 06:39:22.239Z [PID] neighbors stats
2025-10-07 06:39:22.295Z [GW] rebuild done
2025-10-07 06:39:22.213Z [MODE] SP_OVER_PID_QUOTIENT=True
2025-10-07 06:39:22.329Z [SP] constrained_graph edge stats
2025-10-07 06:39:22.408Z [PID] neighbors stats
2025-10-07 06:39:22.407Z [SP] relaxed inter-PID edges appended
2025-10-07 06:39:22.548Z [SP] constrained_graph |V|=625 |E|=666
2025-10-07 06:39:22.615Z [GW] rebuild done
2025-10-07 06:39:22.615Z [SP] calling calculate_fstate_shortest_path_without_gs_relaying on constrained graph
2025-10-07 06:39:22.722Z [SP] constrained_graph edge stats
2025-10-07 06:39:22.683Z [SP] constrained_graph |V|=625 |E|=666
2025-10-07 06:39:22.811Z [SP] relaxed inter-PID edges appended
2025-10-07 06:39:22.934Z [SP] constrained_graph |V|=625 |E|=666
2025-10-07 06:39:22.965Z [SP] delegating to step(payload) with constrained PID routing
2025-10-07 06:39:22.873Z [DEBUG] num_sats=625, num_gs=100
2025-10-07 06:39:23.059Z [MODE] SP_OVER_PID_QUOTIENT=True
2025-10-07 06:39:23.123Z [SP] delegating to step(payload) with constrained PID routing
2025-10-07 06:39:23.094Z [DEBUG] raw_gs_range type=<class 'list'>
2025-10-07 06:39:23.046Z [SP] calling calculate_fstate_shortest_path_without_gs_relaying on constrained graph
2025-10-07 06:39:23.143Z [PID] neighbors stats
2025-10-07 06:39:23.160Z [GW] rebuild done
2025-10-07 06:39:23.155Z [SP] constrained_graph |V|=625 |E|=666
2025-10-07 06:39:23.182Z [SP] constrained_graph edge stats
2025-10-07 06:39:23.241Z [SP] relaxed inter-PID edges appended
2025-10-07 06:39:23.190Z [MODE] SP_OVER_PID_QUOTIENT=True
2025-10-07 06:39:23.167Z [SP] gs_range_norm_full total_keys=100 empty_keys=0 non_empty_sample={0: 4, 1: 4, 2: 4, 3: 2, 4: 3, 5: 2, 6: 3, 7: 2, 8: 2, 9: 4}
2025-10-07 06:39:23.241Z [SP] constrained_graph |V|=625 |E|=666
2025-10-07 06:39:23.239Z [DEBUG] num_sats=625, num_gs=100
2025-10-07 06:39:23.260Z [SP] calling calculate_fstate_shortest_path_without_gs_relaying on constrained graph
2025-10-07 06:39:23.282Z [PID] neighbors stats
2025-10-07 06:39:23.259Z [DEBUG] gid_to_sat_gsl_if_idx: type=<class 'list'>, len=100, sample=[0, 0, 0, 0, 0]
2025-10-07 06:39:23.294Z [GW] rebuild done
2025-10-07 06:39:23.288Z [SP] constrained_graph |V|=625 |E|=666
2025-10-07 06:39:23.284Z [DEBUG] raw_gs_range type=<class 'list'>
2025-10-07 06:39:23.343Z [SP] constrained_graph edge stats
2025-10-07 06:39:23.357Z [SP] relaxed inter-PID edges appended
2025-10-07 06:39:23.344Z [SP] gs_range_norm_full total_keys=100 empty_keys=0 non_empty_sample={0: 4, 1: 4, 2: 4, 3: 2, 4: 3, 5: 2, 6: 3, 7: 2, 8: 2, 9: 4}
2025-10-07 06:39:23.343Z [DEBUG] num_sats=625, num_gs=100
2025-10-07 06:39:23.423Z [SP] constrained_graph |V|=625 |E|=666
2025-10-07 06:39:23.415Z [DEBUG] raw_gs_range type=<class 'list'>
2025-10-07 06:39:23.410Z [DEBUG] gid_to_sat_gsl_if_idx: type=<class 'list'>, len=100, sample=[0, 0, 0, 0, 0]
2025-10-07 06:39:23.464Z [SP] calling calculate_fstate_shortest_path_without_gs_relaying on constrained graph
2025-10-07 06:39:23.467Z [SP] gs_range_norm_full total_keys=100 empty_keys=0 non_empty_sample={0: 4, 1: 4, 2: 4, 3: 2, 4: 3, 5: 2, 6: 3, 7: 2, 8: 2, 9: 4}
2025-10-07 06:39:23.539Z [SP] constrained_graph |V|=625 |E|=666
2025-10-07 06:39:23.569Z [DEBUG] gid_to_sat_gsl_if_idx: type=<class 'list'>, len=100, sample=[0, 0, 0, 0, 0]
2025-10-07 06:39:23.629Z [SP] done; fstate ready
2025-10-07 06:39:23.646Z [DEBUG] num_sats=625, num_gs=100
2025-10-07 06:39:23.717Z [DEBUG] raw_gs_range type=<class 'list'>
2025-10-07 06:39:23.840Z [SP] gs_range_norm_full total_keys=100 empty_keys=0 non_empty_sample={0: 4, 1: 4, 2: 4, 3: 2, 4: 3, 5: 2, 6: 3, 7: 2, 8: 2, 9: 4}
2025-10-07 06:39:23.968Z [DEBUG] gid_to_sat_gsl_if_idx: type=<class 'list'>, len=100, sample=[0, 0, 0, 0, 0]
2025-10-07 06:39:24.011Z [SP] delegating to step(payload) with constrained PID routing
2025-10-07 06:39:24.070Z [MODE] SP_OVER_PID_QUOTIENT=True
2025-10-07 06:39:24.165Z [PID] neighbors stats
2025-10-07 06:39:24.211Z [GW] rebuild done
2025-10-07 06:39:24.249Z [SP] constrained_graph edge stats
2025-10-07 06:39:24.290Z [SP] relaxed inter-PID edges appended
2025-10-07 06:39:24.340Z [SP] constrained_graph |V|=625 |E|=666
2025-10-07 06:39:24.386Z [SP] calling calculate_fstate_shortest_path_without_gs_relaying on constrained graph
2025-10-07 06:39:24.435Z [SP] constrained_graph |V|=625 |E|=666
2025-10-07 06:39:24.511Z [DEBUG] num_sats=625, num_gs=100
2025-10-07 06:39:24.551Z [DEBUG] raw_gs_range type=<class 'list'>
2025-10-07 06:39:24.592Z [SP] gs_range_norm_full total_keys=100 empty_keys=0 non_empty_sample={0: 4, 1: 5, 2: 4, 3: 2, 4: 3, 5: 2, 6: 3, 7: 2, 8: 2, 9: 4}
2025-10-07 06:39:24.657Z [DEBUG] gid_to_sat_gsl_if_idx: type=<class 'list'>, len=100, sample=[0, 0, 0, 0, 0]
2025-10-07 06:39:24.998Z [SP] delegating to step(payload) with constrained PID routing
2025-10-07 06:39:24.998Z [MODE] SP_OVER_PID_QUOTIENT=True
2025-10-07 06:39:25.005Z [PID] neighbors stats
2025-10-07 06:39:25.009Z [GW] rebuild done
2025-10-07 06:39:25.012Z [SP] constrained_graph edge stats
2025-10-07 06:39:25.013Z [SP] relaxed inter-PID edges appended
2025-10-07 06:39:25.014Z [SP] constrained_graph |V|=625 |E|=666
2025-10-07 06:39:25.014Z [SP] calling calculate_fstate_shortest_path_without_gs_relaying on constrained graph
2025-10-07 06:39:25.014Z [SP] constrained_graph |V|=625 |E|=666
2025-10-07 06:39:25.015Z [DEBUG] num_sats=625, num_gs=100
2025-10-07 06:39:25.015Z [DEBUG] raw_gs_range type=<class 'list'>
2025-10-07 06:39:25.015Z [SP] gs_range_norm_full total_keys=100 empty_keys=0 non_empty_sample={0: 4, 1: 5, 2: 4, 3: 2, 4: 3, 5: 2, 6: 3, 7: 2, 8: 2, 9: 4}
2025-10-07 06:39:25.015Z [DEBUG] gid_to_sat_gsl_if_idx: type=<class 'list'>, len=100, sample=[0, 0, 0, 0, 0]
2025-10-07 06:39:26.317Z [SP] done; fstate ready
2025-10-07 06:39:27.608Z [SP] done; fstate ready
2025-10-07 06:39:27.750Z [SP] delegating to step(payload) with constrained PID routing
2025-10-07 06:39:27.856Z [MODE] SP_OVER_PID_QUOTIENT=True
2025-10-07 06:39:27.959Z [PID] neighbors stats
2025-10-07 06:39:27.988Z [GW] rebuild done
2025-10-07 06:39:28.055Z [SP] constrained_graph edge stats
2025-10-07 06:39:28.136Z [SP] relaxed inter-PID edges appended
2025-10-07 06:39:28.186Z [SP] constrained_graph |V|=625 |E|=666
2025-10-07 06:39:28.274Z [SP] calling calculate_fstate_shortest_path_without_gs_relaying on constrained graph
2025-10-07 06:39:28.416Z [SP] constrained_graph |V|=625 |E|=666
2025-10-07 06:39:28.562Z [SP] done; fstate ready
2025-10-07 06:39:28.713Z [DEBUG] num_sats=625, num_gs=100
2025-10-07 06:39:28.881Z [DEBUG] raw_gs_range type=<class 'list'>
2025-10-07 06:39:28.956Z [SP] gs_range_norm_full total_keys=100 empty_keys=0 non_empty_sample={0: 4, 1: 4, 2: 4, 3: 2, 4: 3, 5: 3, 6: 3, 7: 2, 8: 2, 9: 4}
2025-10-07 06:39:29.060Z [DEBUG] gid_to_sat_gsl_if_idx: type=<class 'list'>, len=100, sample=[0, 0, 0, 0, 0]
2025-10-07 06:39:29.032Z [SP] done; fstate ready
2025-10-07 06:39:29.834Z [SP] done; fstate ready
2025-10-07 06:39:30.465Z [SP] delegating to step(payload) with constrained PID routing
2025-10-07 06:39:30.736Z [MODE] SP_OVER_PID_QUOTIENT=True
2025-10-07 06:39:30.987Z [PID] neighbors stats
2025-10-07 06:39:31.166Z [GW] rebuild done
2025-10-07 06:39:31.450Z [SP] done; fstate ready
2025-10-07 06:39:31.415Z [SP] constrained_graph edge stats
2025-10-07 06:39:31.540Z [SP] relaxed inter-PID edges appended
2025-10-07 06:39:31.665Z [SP] constrained_graph |V|=625 |E|=666
2025-10-07 06:39:31.801Z [SP] calling calculate_fstate_shortest_path_without_gs_relaying on constrained graph
2025-10-07 06:39:32.444Z [SP] delegating to step(payload) with constrained PID routing
2025-10-07 06:39:32.451Z [SP] done; fstate ready
2025-10-07 06:39:32.003Z [SP] constrained_graph |V|=625 |E|=666
2025-10-07 06:39:32.534Z [DEBUG] num_sats=625, num_gs=100
2025-10-07 06:39:32.575Z [MODE] SP_OVER_PID_QUOTIENT=True
2025-10-07 06:39:32.804Z [DEBUG] raw_gs_range type=<class 'list'>
2025-10-07 06:39:32.984Z [PID] neighbors stats
2025-10-07 06:39:33.062Z [GW] rebuild done
2025-10-07 06:39:33.139Z [SP] delegating to step(payload) with constrained PID routing
2025-10-07 06:39:32.991Z [SP] gs_range_norm_full total_keys=100 empty_keys=0 non_empty_sample={0: 4, 1: 5, 2: 4, 3: 2, 4: 3, 5: 2, 6: 3, 7: 2, 8: 2, 9: 4}
2025-10-07 06:39:33.149Z [SP] constrained_graph edge stats
2025-10-07 06:39:33.192Z [SP] relaxed inter-PID edges appended
2025-10-07 06:39:33.248Z [SP] constrained_graph |V|=625 |E|=666
2025-10-07 06:39:33.267Z [SP] calling calculate_fstate_shortest_path_without_gs_relaying on constrained graph
2025-10-07 06:39:33.240Z [DEBUG] gid_to_sat_gsl_if_idx: type=<class 'list'>, len=100, sample=[0, 0, 0, 0, 0]
2025-10-07 06:39:33.365Z [SP] constrained_graph |V|=625 |E|=666
2025-10-07 06:39:33.644Z [SP] delegating to step(payload) with constrained PID routing
2025-10-07 06:39:33.364Z [MODE] SP_OVER_PID_QUOTIENT=True
2025-10-07 06:39:33.559Z [DEBUG] num_sats=625, num_gs=100
2025-10-07 06:39:33.736Z [DEBUG] raw_gs_range type=<class 'list'>
2025-10-07 06:39:33.736Z [MODE] SP_OVER_PID_QUOTIENT=True
2025-10-07 06:39:33.907Z [PID] neighbors stats
2025-10-07 06:39:33.902Z [SP] done; fstate ready
2025-10-07 06:39:33.726Z [PID] neighbors stats
2025-10-07 06:39:33.939Z [GW] rebuild done
2025-10-07 06:39:33.899Z [SP] gs_range_norm_full total_keys=100 empty_keys=0 non_empty_sample={0: 4, 1: 4, 2: 4, 3: 2, 4: 3, 5: 2, 6: 3, 7: 2, 8: 2, 9: 4}
2025-10-07 06:39:34.038Z [SP] constrained_graph edge stats
2025-10-07 06:39:33.985Z [DEBUG] gid_to_sat_gsl_if_idx: type=<class 'list'>, len=100, sample=[0, 0, 0, 0, 0]
2025-10-07 06:39:34.120Z [SP] relaxed inter-PID edges appended
2025-10-07 06:39:34.117Z [GW] rebuild done
2025-10-07 06:39:34.160Z [SP] constrained_graph |V|=625 |E|=666
2025-10-07 06:39:34.186Z [SP] constrained_graph edge stats
2025-10-07 06:39:34.216Z [SP] calling calculate_fstate_shortest_path_without_gs_relaying on constrained graph
2025-10-07 06:39:34.327Z [SP] relaxed inter-PID edges appended
2025-10-07 06:39:34.456Z [SP] constrained_graph |V|=625 |E|=666
2025-10-07 06:39:34.294Z [SP] done; fstate ready
2025-10-07 06:39:34.499Z [SP] calling calculate_fstate_shortest_path_without_gs_relaying on constrained graph
2025-10-07 06:39:34.380Z [SP] constrained_graph |V|=625 |E|=666
2025-10-07 06:39:34.696Z [SP] constrained_graph |V|=625 |E|=666
2025-10-07 06:39:34.768Z [DEBUG] num_sats=625, num_gs=100
2025-10-07 06:39:34.879Z [DEBUG] num_sats=625, num_gs=100
2025-10-07 06:39:35.042Z [DEBUG] raw_gs_range type=<class 'list'>
2025-10-07 06:39:35.142Z [DEBUG] raw_gs_range type=<class 'list'>
2025-10-07 06:39:35.296Z [SP] gs_range_norm_full total_keys=100 empty_keys=0 non_empty_sample={0: 4, 1: 4, 2: 4, 3: 2, 4: 3, 5: 2, 6: 3, 7: 2, 8: 2, 9: 4}
2025-10-07 06:39:35.275Z [SP] gs_range_norm_full total_keys=100 empty_keys=0 non_empty_sample={0: 4, 1: 5, 2: 4, 3: 2, 4: 3, 5: 2, 6: 3, 7: 2, 8: 2, 9: 4}
2025-10-07 06:39:35.425Z [SP] delegating to step(payload) with constrained PID routing
2025-10-07 06:39:35.481Z [DEBUG] gid_to_sat_gsl_if_idx: type=<class 'list'>, len=100, sample=[0, 0, 0, 0, 0]
2025-10-07 06:39:35.493Z [DEBUG] gid_to_sat_gsl_if_idx: type=<class 'list'>, len=100, sample=[0, 0, 0, 0, 0]
2025-10-07 06:39:35.561Z [MODE] SP_OVER_PID_QUOTIENT=True
2025-10-07 06:39:35.757Z [PID] neighbors stats
2025-10-07 06:39:35.865Z [GW] rebuild done
2025-10-07 06:39:35.981Z [SP] constrained_graph edge stats
2025-10-07 06:39:36.095Z [SP] relaxed inter-PID edges appended
2025-10-07 06:39:36.183Z [SP] constrained_graph |V|=625 |E|=666
2025-10-07 06:39:36.264Z [SP] calling calculate_fstate_shortest_path_without_gs_relaying on constrained graph
2025-10-07 06:39:36.389Z [SP] constrained_graph |V|=625 |E|=666
2025-10-07 06:39:36.492Z [DEBUG] num_sats=625, num_gs=100
2025-10-07 06:39:36.623Z [DEBUG] raw_gs_range type=<class 'list'>
2025-10-07 06:39:36.803Z [SP] delegating to step(payload) with constrained PID routing
2025-10-07 06:39:36.829Z [SP] gs_range_norm_full total_keys=100 empty_keys=0 non_empty_sample={0: 4, 1: 4, 2: 4, 3: 2, 4: 3, 5: 2, 6: 3, 7: 2, 8: 2, 9: 4}
2025-10-07 06:39:36.918Z [MODE] SP_OVER_PID_QUOTIENT=True
2025-10-07 06:39:36.898Z [DEBUG] gid_to_sat_gsl_if_idx: type=<class 'list'>, len=100, sample=[0, 0, 0, 0, 0]
2025-10-07 06:39:37.003Z [PID] neighbors stats
2025-10-07 06:39:37.108Z [GW] rebuild done
2025-10-07 06:39:37.186Z [SP] constrained_graph edge stats
2025-10-07 06:39:37.379Z [SP] relaxed inter-PID edges appended
2025-10-07 06:39:37.450Z [SP] delegating to step(payload) with constrained PID routing
2025-10-07 06:39:37.450Z [SP] constrained_graph |V|=625 |E|=666
2025-10-07 06:39:37.469Z [SP] calling calculate_fstate_shortest_path_without_gs_relaying on constrained graph
2025-10-07 06:39:37.480Z [SP] constrained_graph |V|=625 |E|=666
2025-10-07 06:39:37.521Z [SP] delegating to step(payload) with constrained PID routing
2025-10-07 06:39:37.500Z [MODE] SP_OVER_PID_QUOTIENT=True
2025-10-07 06:39:37.528Z [DEBUG] num_sats=625, num_gs=100
2025-10-07 06:39:37.531Z [MODE] SP_OVER_PID_QUOTIENT=True
2025-10-07 06:39:37.535Z [SP] done; fstate ready
2025-10-07 06:39:37.545Z [PID] neighbors stats
2025-10-07 06:39:37.557Z [PID] neighbors stats
2025-10-07 06:39:37.540Z [DEBUG] raw_gs_range type=<class 'list'>
2025-10-07 06:39:37.659Z [GW] rebuild done
2025-10-07 06:39:37.662Z [GW] rebuild done
2025-10-07 06:39:37.570Z [SP] gs_range_norm_full total_keys=100 empty_keys=0 non_empty_sample={0: 4, 1: 4, 2: 4, 3: 2, 4: 3, 5: 2, 6: 3, 7: 2, 8: 2, 9: 4}
2025-10-07 06:39:37.692Z [SP] constrained_graph edge stats
2025-10-07 06:39:37.696Z [SP] constrained_graph edge stats
2025-10-07 06:39:37.701Z [DEBUG] gid_to_sat_gsl_if_idx: type=<class 'list'>, len=100, sample=[0, 0, 0, 0, 0]
2025-10-07 06:39:37.753Z [SP] relaxed inter-PID edges appended
2025-10-07 06:39:37.746Z [SP] relaxed inter-PID edges appended
2025-10-07 06:39:37.781Z [SP] constrained_graph |V|=625 |E|=675
2025-10-07 06:39:37.792Z [SP] constrained_graph |V|=625 |E|=666
2025-10-07 06:39:37.791Z [SP] calling calculate_fstate_shortest_path_without_gs_relaying on constrained graph
2025-10-07 06:39:37.845Z [SP] calling calculate_fstate_shortest_path_without_gs_relaying on constrained graph
2025-10-07 06:39:37.901Z [SP] constrained_graph |V|=625 |E|=666
2025-10-07 06:39:37.912Z [SP] constrained_graph |V|=625 |E|=675
2025-10-07 06:39:37.986Z [DEBUG] num_sats=625, num_gs=100
2025-10-07 06:39:38.030Z [DEBUG] num_sats=625, num_gs=100
2025-10-07 06:39:38.052Z [DEBUG] raw_gs_range type=<class 'list'>
2025-10-07 06:39:38.107Z [DEBUG] raw_gs_range type=<class 'list'>
2025-10-07 06:39:38.139Z [SP] gs_range_norm_full total_keys=100 empty_keys=0 non_empty_sample={0: 4, 1: 5, 2: 4, 3: 2, 4: 3, 5: 2, 6: 3, 7: 2, 8: 2, 9: 4}
2025-10-07 06:39:38.226Z [DEBUG] gid_to_sat_gsl_if_idx: type=<class 'list'>, len=100, sample=[0, 0, 0, 0, 0]
2025-10-07 06:39:38.215Z [SP] gs_range_norm_full total_keys=100 empty_keys=0 non_empty_sample={0: 4, 1: 4, 2: 4, 3: 2, 4: 3, 5: 2, 6: 3, 7: 2, 8: 2, 9: 4}
2025-10-07 06:39:38.309Z [DEBUG] gid_to_sat_gsl_if_idx: type=<class 'list'>, len=100, sample=[0, 0, 0, 0, 0]
2025-10-07 06:39:38.676Z [SP] delegating to step(payload) with constrained PID routing
2025-10-07 06:39:38.677Z [MODE] SP_OVER_PID_QUOTIENT=True
2025-10-07 06:39:38.685Z [PID] neighbors stats
2025-10-07 06:39:38.690Z [GW] rebuild done
2025-10-07 06:39:38.693Z [SP] constrained_graph edge stats
2025-10-07 06:39:38.695Z [SP] relaxed inter-PID edges appended
2025-10-07 06:39:38.695Z [SP] constrained_graph |V|=625 |E|=666
2025-10-07 06:39:38.695Z [SP] calling calculate_fstate_shortest_path_without_gs_relaying on constrained graph
2025-10-07 06:39:38.695Z [SP] constrained_graph |V|=625 |E|=666
2025-10-07 06:39:38.695Z [DEBUG] num_sats=625, num_gs=100
2025-10-07 06:39:38.695Z [DEBUG] raw_gs_range type=<class 'list'>
2025-10-07 06:39:38.696Z [SP] gs_range_norm_full total_keys=100 empty_keys=0 non_empty_sample={0: 4, 1: 5, 2: 4, 3: 2, 4: 3, 5: 2, 6: 3, 7: 2, 8: 2, 9: 4}
2025-10-07 06:39:38.696Z [DEBUG] gid_to_sat_gsl_if_idx: type=<class 'list'>, len=100, sample=[0, 0, 0, 0, 0]
2025-10-07 06:39:39.714Z [SP] done; fstate ready
2025-10-07 06:39:40.830Z [SP] delegating to step(payload) with constrained PID routing
2025-10-07 06:39:40.831Z [MODE] SP_OVER_PID_QUOTIENT=True
2025-10-07 06:39:40.842Z [PID] neighbors stats
2025-10-07 06:39:40.847Z [GW] rebuild done
2025-10-07 06:39:40.850Z [SP] constrained_graph edge stats
2025-10-07 06:39:40.851Z [SP] relaxed inter-PID edges appended
2025-10-07 06:39:40.852Z [SP] constrained_graph |V|=625 |E|=666
2025-10-07 06:39:40.852Z [SP] calling calculate_fstate_shortest_path_without_gs_relaying on constrained graph
2025-10-07 06:39:40.852Z [SP] constrained_graph |V|=625 |E|=666
2025-10-07 06:39:40.852Z [DEBUG] num_sats=625, num_gs=100
2025-10-07 06:39:40.852Z [DEBUG] raw_gs_range type=<class 'list'>
2025-10-07 06:39:40.852Z [SP] gs_range_norm_full total_keys=100 empty_keys=0 non_empty_sample={0: 4, 1: 4, 2: 4, 3: 2, 4: 3, 5: 3, 6: 3, 7: 2, 8: 2, 9: 4}
2025-10-07 06:39:40.852Z [DEBUG] gid_to_sat_gsl_if_idx: type=<class 'list'>, len=100, sample=[0, 0, 0, 0, 0]
2025-10-07 06:39:41.580Z [SP] done; fstate ready
2025-10-07 06:39:41.677Z [SP] done; fstate ready
2025-10-07 06:39:43.340Z [SP] done; fstate ready
2025-10-07 06:39:43.956Z [SP] delegating to step(payload) with constrained PID routing
2025-10-07 06:39:43.956Z [MODE] SP_OVER_PID_QUOTIENT=True
2025-10-07 06:39:44.031Z [PID] neighbors stats
2025-10-07 06:39:44.098Z [GW] rebuild done
2025-10-07 06:39:44.189Z [SP] constrained_graph edge stats
2025-10-07 06:39:44.215Z [SP] done; fstate ready
2025-10-07 06:39:44.259Z [SP] relaxed inter-PID edges appended
2025-10-07 06:39:44.350Z [SP] constrained_graph |V|=625 |E|=666
2025-10-07 06:39:44.433Z [SP] calling calculate_fstate_shortest_path_without_gs_relaying on constrained graph
2025-10-07 06:39:44.521Z [SP] delegating to step(payload) with constrained PID routing
2025-10-07 06:39:44.525Z [SP] constrained_graph |V|=625 |E|=666
2025-10-07 06:39:44.594Z [DEBUG] num_sats=625, num_gs=100
2025-10-07 06:39:44.590Z [MODE] SP_OVER_PID_QUOTIENT=True
2025-10-07 06:39:44.662Z [DEBUG] raw_gs_range type=<class 'list'>
2025-10-07 06:39:44.767Z [PID] neighbors stats
2025-10-07 06:39:44.755Z [SP] gs_range_norm_full total_keys=100 empty_keys=0 non_empty_sample={0: 4, 1: 5, 2: 4, 3: 2, 4: 3, 5: 2, 6: 3, 7: 2, 8: 2, 9: 4}
2025-10-07 06:39:44.816Z [GW] rebuild done
2025-10-07 06:39:44.860Z [SP] constrained_graph edge stats
2025-10-07 06:39:44.892Z [DEBUG] gid_to_sat_gsl_if_idx: type=<class 'list'>, len=100, sample=[0, 0, 0, 0, 0]
2025-10-07 06:39:44.955Z [SP] relaxed inter-PID edges appended
2025-10-07 06:39:45.190Z [SP] constrained_graph |V|=625 |E|=666
2025-10-07 06:39:45.315Z [SP] calling calculate_fstate_shortest_path_without_gs_relaying on constrained graph
2025-10-07 06:39:45.473Z [SP] done; fstate ready
2025-10-07 06:39:45.547Z [SP] constrained_graph |V|=625 |E|=666
2025-10-07 06:39:46.061Z [DEBUG] num_sats=625, num_gs=100
2025-10-07 06:39:46.357Z [SP] done; fstate ready
2025-10-07 06:39:46.348Z [DEBUG] raw_gs_range type=<class 'list'>
2025-10-07 06:39:46.381Z [SP] done; fstate ready
2025-10-07 06:39:46.500Z [SP] delegating to step(payload) with constrained PID routing
2025-10-07 06:39:46.559Z [SP] gs_range_norm_full total_keys=100 empty_keys=0 non_empty_sample={0: 4, 1: 5, 2: 4, 3: 2, 4: 3, 5: 2, 6: 3, 7: 2, 8: 2, 9: 4}
2025-10-07 06:39:46.646Z [MODE] SP_OVER_PID_QUOTIENT=True
2025-10-07 06:39:46.737Z [DEBUG] gid_to_sat_gsl_if_idx: type=<class 'list'>, len=100, sample=[0, 0, 0, 0, 0]
2025-10-07 06:39:46.827Z [PID] neighbors stats
2025-10-07 06:39:46.902Z [GW] rebuild done
2025-10-07 06:39:47.155Z [SP] constrained_graph edge stats
2025-10-07 06:39:47.229Z [SP] relaxed inter-PID edges appended
2025-10-07 06:39:47.546Z [SP] constrained_graph |V|=625 |E|=666
2025-10-07 06:39:47.848Z [SP] delegating to step(payload) with constrained PID routing
2025-10-07 06:39:47.920Z [SP] calling calculate_fstate_shortest_path_without_gs_relaying on constrained graph
2025-10-07 06:39:47.894Z [MODE] SP_OVER_PID_QUOTIENT=True
2025-10-07 06:39:48.315Z [PID] neighbors stats
2025-10-07 06:39:48.538Z [GW] rebuild done
2025-10-07 06:39:48.675Z [SP] constrained_graph edge stats
2025-10-07 06:39:48.243Z [SP] constrained_graph |V|=625 |E|=666
2025-10-07 06:39:48.765Z [SP] relaxed inter-PID edges appended
2025-10-07 06:39:48.822Z [SP] constrained_graph |V|=625 |E|=666
2025-10-07 06:39:48.851Z [SP] calling calculate_fstate_shortest_path_without_gs_relaying on constrained graph
2025-10-07 06:39:48.915Z [SP] constrained_graph |V|=625 |E|=666
2025-10-07 06:39:49.067Z [DEBUG] num_sats=625, num_gs=100
2025-10-07 06:39:49.052Z [DEBUG] num_sats=625, num_gs=100
2025-10-07 06:39:49.179Z [DEBUG] raw_gs_range type=<class 'list'>
2025-10-07 06:39:49.291Z [SP] gs_range_norm_full total_keys=100 empty_keys=0 non_empty_sample={0: 4, 1: 4, 2: 4, 3: 2, 4: 3, 5: 2, 6: 3, 7: 2, 8: 2, 9: 4}
2025-10-07 06:39:49.319Z [SP] delegating to step(payload) with constrained PID routing
2025-10-07 06:39:49.304Z [DEBUG] raw_gs_range type=<class 'list'>
2025-10-07 06:39:49.403Z [SP] done; fstate ready
2025-10-07 06:39:49.400Z [DEBUG] gid_to_sat_gsl_if_idx: type=<class 'list'>, len=100, sample=[0, 0, 0, 0, 0]
2025-10-07 06:39:49.394Z [SP] gs_range_norm_full total_keys=100 empty_keys=0 non_empty_sample={0: 4, 1: 5, 2: 4, 3: 2, 4: 3, 5: 2, 6: 3, 7: 2, 8: 2, 9: 4}
2025-10-07 06:39:49.262Z [SP] done; fstate ready
2025-10-07 06:39:49.403Z [MODE] SP_OVER_PID_QUOTIENT=True
2025-10-07 06:39:49.477Z [PID] neighbors stats
2025-10-07 06:39:49.520Z [GW] rebuild done
2025-10-07 06:39:49.501Z [DEBUG] gid_to_sat_gsl_if_idx: type=<class 'list'>, len=100, sample=[0, 0, 0, 0, 0]
2025-10-07 06:39:49.610Z [SP] constrained_graph edge stats
2025-10-07 06:39:49.631Z [SP] relaxed inter-PID edges appended
2025-10-07 06:39:49.700Z [SP] constrained_graph |V|=625 |E|=666
2025-10-07 06:39:49.968Z [SP] calling calculate_fstate_shortest_path_without_gs_relaying on constrained graph
2025-10-07 06:39:50.182Z [SP] constrained_graph |V|=625 |E|=666
2025-10-07 06:39:50.182Z [DEBUG] num_sats=625, num_gs=100
2025-10-07 06:39:50.207Z [DEBUG] raw_gs_range type=<class 'list'>
2025-10-07 06:39:50.287Z [SP] gs_range_norm_full total_keys=100 empty_keys=0 non_empty_sample={0: 4, 1: 4, 2: 4, 3: 2, 4: 3, 5: 2, 6: 3, 7: 2, 8: 2, 9: 4}
2025-10-07 06:39:50.397Z [SP] delegating to step(payload) with constrained PID routing
2025-10-07 06:39:50.310Z [SP] delegating to step(payload) with constrained PID routing
2025-10-07 06:39:50.477Z [DEBUG] gid_to_sat_gsl_if_idx: type=<class 'list'>, len=100, sample=[0, 0, 0, 0, 0]
2025-10-07 06:39:50.440Z [MODE] SP_OVER_PID_QUOTIENT=True
2025-10-07 06:39:50.534Z [MODE] SP_OVER_PID_QUOTIENT=True
2025-10-07 06:39:50.607Z [PID] neighbors stats
2025-10-07 06:39:50.617Z [PID] neighbors stats
2025-10-07 06:39:50.664Z [GW] rebuild done
2025-10-07 06:39:50.704Z [GW] rebuild done
2025-10-07 06:39:50.708Z [SP] constrained_graph edge stats
2025-10-07 06:39:50.759Z [SP] relaxed inter-PID edges appended
2025-10-07 06:39:50.726Z [SP] constrained_graph edge stats
2025-10-07 06:39:50.892Z [SP] constrained_graph |V|=625 |E|=681
2025-10-07 06:39:50.866Z [SP] relaxed inter-PID edges appended
2025-10-07 06:39:50.951Z [SP] constrained_graph |V|=625 |E|=666
2025-10-07 06:39:50.962Z [SP] calling calculate_fstate_shortest_path_without_gs_relaying on constrained graph
2025-10-07 06:39:51.004Z [SP] constrained_graph |V|=625 |E|=666
2025-10-07 06:39:50.892Z [SP] calling calculate_fstate_shortest_path_without_gs_relaying on constrained graph
2025-10-07 06:39:51.080Z [DEBUG] num_sats=625, num_gs=100
2025-10-07 06:39:51.086Z [SP] constrained_graph |V|=625 |E|=681
2025-10-07 06:39:51.164Z [DEBUG] num_sats=625, num_gs=100
2025-10-07 06:39:51.213Z [DEBUG] raw_gs_range type=<class 'list'>
2025-10-07 06:39:51.224Z [DEBUG] raw_gs_range type=<class 'list'>
2025-10-07 06:39:51.303Z [SP] gs_range_norm_full total_keys=100 empty_keys=0 non_empty_sample={0: 4, 1: 5, 2: 4, 3: 2, 4: 3, 5: 2, 6: 3, 7: 2, 8: 2, 9: 4}
2025-10-07 06:39:51.303Z [SP] gs_range_norm_full total_keys=100 empty_keys=0 non_empty_sample={0: 4, 1: 4, 2: 4, 3: 2, 4: 3, 5: 2, 6: 3, 7: 2, 8: 2, 9: 4}
2025-10-07 06:39:51.382Z [DEBUG] gid_to_sat_gsl_if_idx: type=<class 'list'>, len=100, sample=[0, 0, 0, 0, 0]
2025-10-07 06:39:51.491Z [DEBUG] gid_to_sat_gsl_if_idx: type=<class 'list'>, len=100, sample=[0, 0, 0, 0, 0]
2025-10-07 06:39:51.847Z [SP] delegating to step(payload) with constrained PID routing
2025-10-07 06:39:51.850Z [SP] delegating to step(payload) with constrained PID routing
2025-10-07 06:39:51.851Z [MODE] SP_OVER_PID_QUOTIENT=True
2025-10-07 06:39:51.858Z [PID] neighbors stats
2025-10-07 06:39:51.856Z [MODE] SP_OVER_PID_QUOTIENT=True
2025-10-07 06:39:51.862Z [GW] rebuild done
2025-10-07 06:39:51.867Z [PID] neighbors stats
2025-10-07 06:39:51.872Z [GW] rebuild done
2025-10-07 06:39:51.870Z [SP] constrained_graph edge stats
2025-10-07 06:39:51.875Z [SP] constrained_graph edge stats
2025-10-07 06:39:51.876Z [SP] relaxed inter-PID edges appended
2025-10-07 06:39:51.878Z [SP] relaxed inter-PID edges appended
2025-10-07 06:39:51.879Z [SP] constrained_graph |V|=625 |E|=666
2025-10-07 06:39:51.879Z [SP] constrained_graph |V|=625 |E|=666
2025-10-07 06:39:51.879Z [SP] calling calculate_fstate_shortest_path_without_gs_relaying on constrained graph
2025-10-07 06:39:51.879Z [SP] calling calculate_fstate_shortest_path_without_gs_relaying on constrained graph
2025-10-07 06:39:51.879Z [SP] constrained_graph |V|=625 |E|=666
2025-10-07 06:39:51.879Z [SP] constrained_graph |V|=625 |E|=666
2025-10-07 06:39:51.879Z [DEBUG] num_sats=625, num_gs=100
2025-10-07 06:39:51.879Z [DEBUG] num_sats=625, num_gs=100
2025-10-07 06:39:51.879Z [DEBUG] raw_gs_range type=<class 'list'>
2025-10-07 06:39:51.880Z [DEBUG] raw_gs_range type=<class 'list'>
2025-10-07 06:39:51.880Z [SP] gs_range_norm_full total_keys=100 empty_keys=0 non_empty_sample={0: 4, 1: 5, 2: 4, 3: 2, 4: 3, 5: 2, 6: 3, 7: 2, 8: 2, 9: 4}
2025-10-07 06:39:51.880Z [DEBUG] gid_to_sat_gsl_if_idx: type=<class 'list'>, len=100, sample=[0, 0, 0, 0, 0]
2025-10-07 06:39:51.881Z [SP] gs_range_norm_full total_keys=100 empty_keys=0 non_empty_sample={0: 4, 1: 4, 2: 4, 3: 2, 4: 3, 5: 2, 6: 3, 7: 2, 8: 2, 9: 4}
2025-10-07 06:39:51.881Z [DEBUG] gid_to_sat_gsl_if_idx: type=<class 'list'>, len=100, sample=[0, 0, 0, 0, 0]
2025-10-07 06:39:52.564Z [SP] done; fstate ready
2025-10-07 06:39:53.645Z [SP] delegating to step(payload) with constrained PID routing
2025-10-07 06:39:53.646Z [MODE] SP_OVER_PID_QUOTIENT=True
2025-10-07 06:39:53.652Z [PID] neighbors stats
2025-10-07 06:39:53.656Z [GW] rebuild done
2025-10-07 06:39:53.658Z [SP] constrained_graph edge stats
2025-10-07 06:39:53.659Z [SP] relaxed inter-PID edges appended
2025-10-07 06:39:53.659Z [SP] constrained_graph |V|=625 |E|=666
2025-10-07 06:39:53.659Z [SP] calling calculate_fstate_shortest_path_without_gs_relaying on constrained graph
2025-10-07 06:39:53.660Z [SP] constrained_graph |V|=625 |E|=666
2025-10-07 06:39:53.660Z [DEBUG] num_sats=625, num_gs=100
2025-10-07 06:39:53.660Z [DEBUG] raw_gs_range type=<class 'list'>
2025-10-07 06:39:53.660Z [SP] gs_range_norm_full total_keys=100 empty_keys=0 non_empty_sample={0: 4, 1: 4, 2: 4, 3: 2, 4: 3, 5: 3, 6: 3, 7: 2, 8: 2, 9: 4}
2025-10-07 06:39:53.660Z [DEBUG] gid_to_sat_gsl_if_idx: type=<class 'list'>, len=100, sample=[0, 0, 0, 0, 0]
2025-10-07 06:39:54.546Z [SP] done; fstate ready
2025-10-07 06:39:55.141Z [SP] done; fstate ready
2025-10-07 06:39:55.175Z [SP] done; fstate ready
2025-10-07 06:39:56.036Z [SP] done; fstate ready
2025-10-07 06:39:57.043Z [SP] done; fstate ready
2025-10-07 06:39:57.802Z [SP] delegating to step(payload) with constrained PID routing
2025-10-07 06:39:57.907Z [MODE] SP_OVER_PID_QUOTIENT=True
2025-10-07 06:39:58.462Z [PID] neighbors stats
2025-10-07 06:39:58.636Z [GW] rebuild done
2025-10-07 06:39:58.811Z [SP] constrained_graph edge stats
2025-10-07 06:39:58.934Z [SP] relaxed inter-PID edges appended
2025-10-07 06:39:59.066Z [SP] constrained_graph |V|=625 |E|=666
2025-10-07 06:39:58.962Z [SP] done; fstate ready
2025-10-07 06:39:59.236Z [SP] calling calculate_fstate_shortest_path_without_gs_relaying on constrained graph
2025-10-07 06:39:59.476Z [SP] constrained_graph |V|=625 |E|=666
2025-10-07 06:39:59.601Z [SP] delegating to step(payload) with constrained PID routing
2025-10-07 06:39:59.657Z [SP] delegating to step(payload) with constrained PID routing
2025-10-07 06:39:59.662Z [DEBUG] num_sats=625, num_gs=100
2025-10-07 06:39:59.758Z [MODE] SP_OVER_PID_QUOTIENT=True
2025-10-07 06:39:59.830Z [DEBUG] raw_gs_range type=<class 'list'>
2025-10-07 06:39:59.716Z [MODE] SP_OVER_PID_QUOTIENT=True
2025-10-07 06:39:59.974Z [PID] neighbors stats
2025-10-07 06:40:00.070Z [GW] rebuild done
2025-10-07 06:40:00.046Z [PID] neighbors stats
2025-10-07 06:40:00.119Z [GW] rebuild done
2025-10-07 06:40:00.163Z [SP] constrained_graph edge stats
2025-10-07 06:40:00.187Z [SP] constrained_graph edge stats
2025-10-07 06:40:00.254Z [SP] relaxed inter-PID edges appended
2025-10-07 06:40:00.268Z [SP] delegating to step(payload) with constrained PID routing
2025-10-07 06:40:00.085Z [SP] gs_range_norm_full total_keys=100 empty_keys=0 non_empty_sample={0: 4, 1: 4, 2: 4, 3: 2, 4: 3, 5: 2, 6: 3, 7: 2, 8: 2, 9: 4}
2025-10-07 06:40:00.273Z [SP] relaxed inter-PID edges appended
2025-10-07 06:40:00.309Z [SP] constrained_graph |V|=625 |E|=670
2025-10-07 06:40:00.309Z [SP] constrained_graph |V|=625 |E|=666
2025-10-07 06:40:00.323Z [DEBUG] gid_to_sat_gsl_if_idx: type=<class 'list'>, len=100, sample=[0, 0, 0, 0, 0]
2025-10-07 06:40:00.317Z [MODE] SP_OVER_PID_QUOTIENT=True
2025-10-07 06:40:00.359Z [SP] calling calculate_fstate_shortest_path_without_gs_relaying on constrained graph
2025-10-07 06:40:00.391Z [SP] calling calculate_fstate_shortest_path_without_gs_relaying on constrained graph
2025-10-07 06:40:00.498Z [PID] neighbors stats
2025-10-07 06:40:00.480Z [SP] constrained_graph |V|=625 |E|=670
2025-10-07 06:40:00.619Z [GW] rebuild done
2025-10-07 06:40:00.535Z [SP] constrained_graph |V|=625 |E|=666
2025-10-07 06:40:00.639Z [DEBUG] num_sats=625, num_gs=100
2025-10-07 06:40:00.699Z [SP] constrained_graph edge stats
2025-10-07 06:40:00.856Z [SP] relaxed inter-PID edges appended
2025-10-07 06:40:00.912Z [SP] constrained_graph |V|=625 |E|=666
2025-10-07 06:40:00.928Z [SP] delegating to step(payload) with constrained PID routing
2025-10-07 06:40:00.826Z [DEBUG] num_sats=625, num_gs=100
2025-10-07 06:40:00.882Z [DEBUG] raw_gs_range type=<class 'list'>
2025-10-07 06:40:00.965Z [MODE] SP_OVER_PID_QUOTIENT=True
2025-10-07 06:40:00.963Z [SP] calling calculate_fstate_shortest_path_without_gs_relaying on constrained graph
2025-10-07 06:40:00.964Z [DEBUG] raw_gs_range type=<class 'list'>
2025-10-07 06:40:01.044Z [PID] neighbors stats
2025-10-07 06:40:01.000Z [SP] gs_range_norm_full total_keys=100 empty_keys=0 non_empty_sample={0: 4, 1: 5, 2: 4, 3: 2, 4: 3, 5: 2, 6: 3, 7: 2, 8: 2, 9: 4}
2025-10-07 06:40:01.058Z [SP] constrained_graph |V|=625 |E|=666
2025-10-07 06:40:01.082Z [GW] rebuild done
2025-10-07 06:40:01.082Z [DEBUG] num_sats=625, num_gs=100
2025-10-07 06:40:01.058Z [SP] done; fstate ready
2025-10-07 06:40:01.096Z [SP] constrained_graph edge stats
2025-10-07 06:40:01.054Z [SP] gs_range_norm_full total_keys=100 empty_keys=0 non_empty_sample={0: 4, 1: 4, 2: 4, 3: 2, 4: 3, 5: 2, 6: 3, 7: 2, 8: 2, 9: 4}
2025-10-07 06:40:01.083Z [DEBUG] gid_to_sat_gsl_if_idx: type=<class 'list'>, len=100, sample=[0, 0, 0, 0, 0]
2025-10-07 06:40:01.118Z [SP] relaxed inter-PID edges appended
2025-10-07 06:40:01.112Z [DEBUG] raw_gs_range type=<class 'list'>
2025-10-07 06:40:01.133Z [DEBUG] gid_to_sat_gsl_if_idx: type=<class 'list'>, len=100, sample=[0, 0, 0, 0, 0]
2025-10-07 06:40:01.214Z [SP] constrained_graph |V|=625 |E|=666
2025-10-07 06:40:01.246Z [SP] gs_range_norm_full total_keys=100 empty_keys=0 non_empty_sample={0: 4, 1: 5, 2: 4, 3: 2, 4: 3, 5: 2, 6: 3, 7: 2, 8: 2, 9: 4}
2025-10-07 06:40:01.263Z [SP] calling calculate_fstate_shortest_path_without_gs_relaying on constrained graph
2025-10-07 06:40:01.348Z [DEBUG] gid_to_sat_gsl_if_idx: type=<class 'list'>, len=100, sample=[0, 0, 0, 0, 0]
2025-10-07 06:40:01.455Z [SP] constrained_graph |V|=625 |E|=666
2025-10-07 06:40:01.517Z [DEBUG] num_sats=625, num_gs=100
2025-10-07 06:40:01.794Z [DEBUG] raw_gs_range type=<class 'list'>
2025-10-07 06:40:01.960Z [SP] gs_range_norm_full total_keys=100 empty_keys=0 non_empty_sample={0: 4, 1: 5, 2: 4, 3: 2, 4: 3, 5: 2, 6: 3, 7: 2, 8: 2, 9: 4}
2025-10-07 06:40:02.012Z [DEBUG] gid_to_sat_gsl_if_idx: type=<class 'list'>, len=100, sample=[0, 0, 0, 0, 0]
2025-10-07 06:40:02.084Z [SP] delegating to step(payload) with constrained PID routing
2025-10-07 06:40:02.189Z [MODE] SP_OVER_PID_QUOTIENT=True
2025-10-07 06:40:02.273Z [PID] neighbors stats
2025-10-07 06:40:02.284Z [GW] rebuild done
2025-10-07 06:40:02.311Z [SP] constrained_graph edge stats
2025-10-07 06:40:02.348Z [SP] relaxed inter-PID edges appended
2025-10-07 06:40:02.373Z [SP] constrained_graph |V|=625 |E|=666
2025-10-07 06:40:02.389Z [SP] done; fstate ready
2025-10-07 06:40:02.400Z [SP] calling calculate_fstate_shortest_path_without_gs_relaying on constrained graph
2025-10-07 06:40:02.500Z [SP] constrained_graph |V|=625 |E|=666
2025-10-07 06:40:02.590Z [DEBUG] num_sats=625, num_gs=100
2025-10-07 06:40:02.756Z [DEBUG] raw_gs_range type=<class 'list'>
2025-10-07 06:40:02.849Z [SP] gs_range_norm_full total_keys=100 empty_keys=0 non_empty_sample={0: 4, 1: 5, 2: 4, 3: 2, 4: 3, 5: 2, 6: 3, 7: 2, 8: 2, 9: 4}
2025-10-07 06:40:02.953Z [DEBUG] gid_to_sat_gsl_if_idx: type=<class 'list'>, len=100, sample=[0, 0, 0, 0, 0]
2025-10-07 06:40:03.289Z [SP] delegating to step(payload) with constrained PID routing
2025-10-07 06:40:03.340Z [MODE] SP_OVER_PID_QUOTIENT=True
2025-10-07 06:40:03.412Z [PID] neighbors stats
2025-10-07 06:40:03.475Z [GW] rebuild done
2025-10-07 06:40:03.539Z [SP] constrained_graph edge stats
2025-10-07 06:40:03.590Z [SP] relaxed inter-PID edges appended
2025-10-07 06:40:03.623Z [SP] constrained_graph |V|=625 |E|=666
2025-10-07 06:40:03.706Z [SP] calling calculate_fstate_shortest_path_without_gs_relaying on constrained graph
2025-10-07 06:40:03.802Z [SP] constrained_graph |V|=625 |E|=666
2025-10-07 06:40:03.848Z [DEBUG] num_sats=625, num_gs=100
2025-10-07 06:40:03.972Z [SP] done; fstate ready
2025-10-07 06:40:03.969Z [DEBUG] raw_gs_range type=<class 'list'>
2025-10-07 06:40:04.053Z [SP] gs_range_norm_full total_keys=100 empty_keys=0 non_empty_sample={0: 4, 1: 4, 2: 4, 3: 2, 4: 3, 5: 2, 6: 3, 7: 2, 8: 2, 9: 4}
2025-10-07 06:40:04.151Z [DEBUG] gid_to_sat_gsl_if_idx: type=<class 'list'>, len=100, sample=[0, 0, 0, 0, 0]
2025-10-07 06:40:04.305Z [SP] delegating to step(payload) with constrained PID routing
2025-10-07 06:40:04.325Z [MODE] SP_OVER_PID_QUOTIENT=True
2025-10-07 06:40:04.413Z [PID] neighbors stats
2025-10-07 06:40:04.443Z [GW] rebuild done
2025-10-07 06:40:04.474Z [SP] constrained_graph edge stats
2025-10-07 06:40:04.490Z [SP] relaxed inter-PID edges appended
2025-10-07 06:40:04.565Z [SP] constrained_graph |V|=625 |E|=666
2025-10-07 06:40:04.579Z [SP] calling calculate_fstate_shortest_path_without_gs_relaying on constrained graph
2025-10-07 06:40:04.607Z [SP] constrained_graph |V|=625 |E|=666
2025-10-07 06:40:04.653Z [DEBUG] num_sats=625, num_gs=100
2025-10-07 06:40:04.668Z [SP] done; fstate ready
2025-10-07 06:40:04.695Z [DEBUG] raw_gs_range type=<class 'list'>
2025-10-07 06:40:04.744Z [SP] gs_range_norm_full total_keys=100 empty_keys=0 non_empty_sample={0: 4, 1: 5, 2: 4, 3: 2, 4: 3, 5: 2, 6: 3, 7: 2, 8: 2, 9: 4}
2025-10-07 06:40:04.856Z [DEBUG] gid_to_sat_gsl_if_idx: type=<class 'list'>, len=100, sample=[0, 0, 0, 0, 0]
2025-10-07 06:40:05.984Z [SP] delegating to step(payload) with constrained PID routing
2025-10-07 06:40:06.000Z [MODE] SP_OVER_PID_QUOTIENT=True
2025-10-07 06:40:06.088Z [PID] neighbors stats
2025-10-07 06:40:06.186Z [GW] rebuild done
2025-10-07 06:40:06.205Z [SP] constrained_graph edge stats
2025-10-07 06:40:06.230Z [SP] relaxed inter-PID edges appended
2025-10-07 06:40:06.280Z [SP] constrained_graph |V|=625 |E|=666
2025-10-07 06:40:06.297Z [SP] calling calculate_fstate_shortest_path_without_gs_relaying on constrained graph
2025-10-07 06:40:06.330Z [SP] constrained_graph |V|=625 |E|=666
2025-10-07 06:40:06.408Z [DEBUG] num_sats=625, num_gs=100
2025-10-07 06:40:06.435Z [DEBUG] raw_gs_range type=<class 'list'>
2025-10-07 06:40:06.498Z [SP] gs_range_norm_full total_keys=100 empty_keys=0 non_empty_sample={0: 4, 1: 4, 2: 4, 3: 2, 4: 3, 5: 2, 6: 3, 7: 2, 8: 2, 9: 4}
2025-10-07 06:40:06.536Z [DEBUG] gid_to_sat_gsl_if_idx: type=<class 'list'>, len=100, sample=[0, 0, 0, 0, 0]
2025-10-07 06:40:06.614Z [SP] delegating to step(payload) with constrained PID routing
2025-10-07 06:40:06.615Z [MODE] SP_OVER_PID_QUOTIENT=True
2025-10-07 06:40:06.622Z [PID] neighbors stats
2025-10-07 06:40:06.626Z [GW] rebuild done
2025-10-07 06:40:06.630Z [SP] constrained_graph edge stats
2025-10-07 06:40:06.631Z [SP] relaxed inter-PID edges appended
2025-10-07 06:40:06.631Z [SP] constrained_graph |V|=625 |E|=666
2025-10-07 06:40:06.631Z [SP] calling calculate_fstate_shortest_path_without_gs_relaying on constrained graph
2025-10-07 06:40:06.632Z [SP] constrained_graph |V|=625 |E|=666
2025-10-07 06:40:06.632Z [DEBUG] num_sats=625, num_gs=100
2025-10-07 06:40:06.632Z [DEBUG] raw_gs_range type=<class 'list'>
2025-10-07 06:40:06.632Z [SP] gs_range_norm_full total_keys=100 empty_keys=0 non_empty_sample={0: 4, 1: 4, 2: 4, 3: 2, 4: 3, 5: 3, 6: 3, 7: 2, 8: 2, 9: 4}
2025-10-07 06:40:06.632Z [DEBUG] gid_to_sat_gsl_if_idx: type=<class 'list'>, len=100, sample=[0, 0, 0, 0, 0]
2025-10-07 06:40:07.971Z [SP] done; fstate ready
2025-10-07 06:40:07.992Z [SP] done; fstate ready
2025-10-07 06:40:08.772Z [SP] done; fstate ready
2025-10-07 06:40:08.788Z [SP] done; fstate ready
2025-10-07 06:40:11.228Z [SP] delegating to step(payload) with constrained PID routing
2025-10-07 06:40:11.349Z [MODE] SP_OVER_PID_QUOTIENT=True
2025-10-07 06:40:11.382Z [SP] done; fstate ready
2025-10-07 06:40:11.439Z [PID] neighbors stats
2025-10-07 06:40:11.496Z [GW] rebuild done
2025-10-07 06:40:11.498Z [SP] delegating to step(payload) with constrained PID routing
2025-10-07 06:40:11.514Z [SP] constrained_graph edge stats
2025-10-07 06:40:11.653Z [SP] relaxed inter-PID edges appended
2025-10-07 06:40:11.611Z [MODE] SP_OVER_PID_QUOTIENT=True
2025-10-07 06:40:11.814Z [SP] constrained_graph |V|=625 |E|=666
2025-10-07 06:40:11.868Z [PID] neighbors stats
2025-10-07 06:40:11.984Z [GW] rebuild done
2025-10-07 06:40:11.948Z [SP] calling calculate_fstate_shortest_path_without_gs_relaying on constrained graph
2025-10-07 06:40:12.125Z [SP] constrained_graph edge stats
2025-10-07 06:40:12.130Z [SP] constrained_graph |V|=625 |E|=666
2025-10-07 06:40:12.301Z [SP] relaxed inter-PID edges appended
2025-10-07 06:40:12.441Z [SP] constrained_graph |V|=625 |E|=666
2025-10-07 06:40:12.317Z [DEBUG] num_sats=625, num_gs=100
2025-10-07 06:40:12.524Z [DEBUG] raw_gs_range type=<class 'list'>
2025-10-07 06:40:12.449Z [SP] done; fstate ready
2025-10-07 06:40:12.609Z [SP] gs_range_norm_full total_keys=100 empty_keys=0 non_empty_sample={0: 4, 1: 4, 2: 4, 3: 2, 4: 3, 5: 2, 6: 3, 7: 2, 8: 2, 9: 4}
2025-10-07 06:40:12.513Z [SP] calling calculate_fstate_shortest_path_without_gs_relaying on constrained graph
2025-10-07 06:40:12.725Z [DEBUG] gid_to_sat_gsl_if_idx: type=<class 'list'>, len=100, sample=[0, 0, 0, 0, 0]
2025-10-07 06:40:12.846Z [SP] constrained_graph |V|=625 |E|=666
2025-10-07 06:40:12.918Z [DEBUG] num_sats=625, num_gs=100
2025-10-07 06:40:13.026Z [DEBUG] raw_gs_range type=<class 'list'>
2025-10-07 06:40:13.320Z [SP] gs_range_norm_full total_keys=100 empty_keys=0 non_empty_sample={0: 4, 1: 5, 2: 4, 3: 2, 4: 3, 5: 2, 6: 3, 7: 2, 8: 2, 9: 4}
2025-10-07 06:40:13.436Z [SP] delegating to step(payload) with constrained PID routing
2025-10-07 06:40:13.567Z [SP] delegating to step(payload) with constrained PID routing
2025-10-07 06:40:13.584Z [DEBUG] gid_to_sat_gsl_if_idx: type=<class 'list'>, len=100, sample=[0, 0, 0, 0, 0]
2025-10-07 06:40:13.658Z [MODE] SP_OVER_PID_QUOTIENT=True
2025-10-07 06:40:13.685Z [MODE] SP_OVER_PID_QUOTIENT=True
2025-10-07 06:40:13.775Z [PID] neighbors stats
2025-10-07 06:40:13.855Z [PID] neighbors stats
2025-10-07 06:40:13.827Z [GW] rebuild done
2025-10-07 06:40:13.870Z [GW] rebuild done
2025-10-07 06:40:13.873Z [SP] constrained_graph edge stats
2025-10-07 06:40:13.899Z [SP] constrained_graph edge stats
2025-10-07 06:40:13.900Z [SP] relaxed inter-PID edges appended
2025-10-07 06:40:13.922Z [SP] relaxed inter-PID edges appended
2025-10-07 06:40:13.980Z [SP] constrained_graph |V|=625 |E|=678
2025-10-07 06:40:13.974Z [SP] constrained_graph |V|=625 |E|=666
2025-10-07 06:40:14.000Z [SP] calling calculate_fstate_shortest_path_without_gs_relaying on constrained graph
2025-10-07 06:40:14.074Z [SP] constrained_graph |V|=625 |E|=678
2025-10-07 06:40:14.025Z [SP] calling calculate_fstate_shortest_path_without_gs_relaying on constrained graph
2025-10-07 06:40:14.150Z [DEBUG] num_sats=625, num_gs=100
2025-10-07 06:40:14.288Z [DEBUG] raw_gs_range type=<class 'list'>
2025-10-07 06:40:14.180Z [SP] constrained_graph |V|=625 |E|=666
2025-10-07 06:40:14.365Z [SP] gs_range_norm_full total_keys=100 empty_keys=0 non_empty_sample={0: 4, 1: 5, 2: 4, 3: 2, 4: 3, 5: 2, 6: 3, 7: 2, 8: 2, 9: 4}
2025-10-07 06:40:14.526Z [DEBUG] gid_to_sat_gsl_if_idx: type=<class 'list'>, len=100, sample=[0, 0, 0, 0, 0]
2025-10-07 06:40:14.632Z [SP] delegating to step(payload) with constrained PID routing
2025-10-07 06:40:14.503Z [DEBUG] num_sats=625, num_gs=100
2025-10-07 06:40:14.664Z [MODE] SP_OVER_PID_QUOTIENT=True
2025-10-07 06:40:14.731Z [PID] neighbors stats
2025-10-07 06:40:14.712Z [DEBUG] raw_gs_range type=<class 'list'>
2025-10-07 06:40:14.784Z [GW] rebuild done
2025-10-07 06:40:14.859Z [SP] constrained_graph edge stats
2025-10-07 06:40:14.845Z [SP] gs_range_norm_full total_keys=100 empty_keys=0 non_empty_sample={0: 4, 1: 4, 2: 4, 3: 2, 4: 3, 5: 2, 6: 3, 7: 2, 8: 2, 9: 4}
2025-10-07 06:40:14.911Z [SP] relaxed inter-PID edges appended
2025-10-07 06:40:14.935Z [SP] constrained_graph |V|=625 |E|=666
2025-10-07 06:40:14.928Z [DEBUG] gid_to_sat_gsl_if_idx: type=<class 'list'>, len=100, sample=[0, 0, 0, 0, 0]
2025-10-07 06:40:14.964Z [SP] calling calculate_fstate_shortest_path_without_gs_relaying on constrained graph
2025-10-07 06:40:15.047Z [SP] delegating to step(payload) with constrained PID routing
2025-10-07 06:40:15.055Z [SP] done; fstate ready
2025-10-07 06:40:15.049Z [SP] constrained_graph |V|=625 |E|=666
2025-10-07 06:40:15.055Z [MODE] SP_OVER_PID_QUOTIENT=True
2025-10-07 06:40:15.098Z [PID] neighbors stats
2025-10-07 06:40:15.089Z [DEBUG] num_sats=625, num_gs=100
2025-10-07 06:40:15.134Z [GW] rebuild done
2025-10-07 06:40:15.159Z [SP] constrained_graph edge stats
2025-10-07 06:40:15.187Z [SP] relaxed inter-PID edges appended
2025-10-07 06:40:15.175Z [DEBUG] raw_gs_range type=<class 'list'>
2025-10-07 06:40:15.229Z [SP] constrained_graph |V|=625 |E|=666
2025-10-07 06:40:15.246Z [SP] calling calculate_fstate_shortest_path_without_gs_relaying on constrained graph
2025-10-07 06:40:15.241Z [SP] gs_range_norm_full total_keys=100 empty_keys=0 non_empty_sample={0: 4, 1: 4, 2: 4, 3: 2, 4: 3, 5: 2, 6: 3, 7: 2, 8: 2, 9: 4}
2025-10-07 06:40:15.351Z [SP] constrained_graph |V|=625 |E|=666
2025-10-07 06:40:15.345Z [DEBUG] gid_to_sat_gsl_if_idx: type=<class 'list'>, len=100, sample=[0, 0, 0, 0, 0]
2025-10-07 06:40:15.405Z [DEBUG] num_sats=625, num_gs=100
2025-10-07 06:40:15.477Z [DEBUG] raw_gs_range type=<class 'list'>
2025-10-07 06:40:15.544Z [SP] gs_range_norm_full total_keys=100 empty_keys=0 non_empty_sample={0: 4, 1: 5, 2: 4, 3: 2, 4: 3, 5: 2, 6: 3, 7: 2, 8: 2, 9: 4}
2025-10-07 06:40:15.622Z [DEBUG] gid_to_sat_gsl_if_idx: type=<class 'list'>, len=100, sample=[0, 0, 0, 0, 0]
2025-10-07 06:40:16.517Z [SP] delegating to step(payload) with constrained PID routing
2025-10-07 06:40:16.560Z [MODE] SP_OVER_PID_QUOTIENT=True
2025-10-07 06:40:16.595Z [PID] neighbors stats
2025-10-07 06:40:16.619Z [GW] rebuild done
2025-10-07 06:40:16.642Z [SP] constrained_graph edge stats
2025-10-07 06:40:16.627Z [SP] done; fstate ready
2025-10-07 06:40:16.729Z [SP] relaxed inter-PID edges appended
2025-10-07 06:40:16.749Z [SP] constrained_graph |V|=625 |E|=666
2025-10-07 06:40:16.797Z [SP] done; fstate ready
2025-10-07 06:40:16.782Z [SP] calling calculate_fstate_shortest_path_without_gs_relaying on constrained graph
2025-10-07 06:40:16.857Z [SP] constrained_graph |V|=625 |E|=666
2025-10-07 06:40:16.945Z [DEBUG] num_sats=625, num_gs=100
2025-10-07 06:40:17.047Z [DEBUG] raw_gs_range type=<class 'list'>
2025-10-07 06:40:17.140Z [SP] gs_range_norm_full total_keys=100 empty_keys=0 non_empty_sample={0: 4, 1: 5, 2: 4, 3: 2, 4: 3, 5: 2, 6: 3, 7: 2, 8: 2, 9: 4}
2025-10-07 06:40:17.306Z [DEBUG] gid_to_sat_gsl_if_idx: type=<class 'list'>, len=100, sample=[0, 0, 0, 0, 0]
2025-10-07 06:40:18.992Z [SP] delegating to step(payload) with constrained PID routing
2025-10-07 06:40:19.037Z [SP] delegating to step(payload) with constrained PID routing
2025-10-07 06:40:19.042Z [MODE] SP_OVER_PID_QUOTIENT=True
2025-10-07 06:40:19.082Z [PID] neighbors stats
2025-10-07 06:40:19.056Z [MODE] SP_OVER_PID_QUOTIENT=True
2025-10-07 06:40:19.096Z [GW] rebuild done
2025-10-07 06:40:19.119Z [SP] constrained_graph edge stats
2025-10-07 06:40:19.116Z [PID] neighbors stats
2025-10-07 06:40:19.131Z [GW] rebuild done
2025-10-07 06:40:19.129Z [SP] relaxed inter-PID edges appended
2025-10-07 06:40:19.132Z [SP] constrained_graph |V|=625 |E|=666
2025-10-07 06:40:19.134Z [SP] constrained_graph edge stats
2025-10-07 06:40:19.141Z [SP] relaxed inter-PID edges appended
2025-10-07 06:40:19.139Z [SP] done; fstate ready
2025-10-07 06:40:19.141Z [SP] constrained_graph |V|=625 |E|=666
2025-10-07 06:40:19.141Z [SP] calling calculate_fstate_shortest_path_without_gs_relaying on constrained graph
2025-10-07 06:40:19.142Z [SP] constrained_graph |V|=625 |E|=666
2025-10-07 06:40:19.155Z [DEBUG] num_sats=625, num_gs=100
2025-10-07 06:40:19.153Z [SP] calling calculate_fstate_shortest_path_without_gs_relaying on constrained graph
2025-10-07 06:40:19.189Z [DEBUG] raw_gs_range type=<class 'list'>
2025-10-07 06:40:19.191Z [SP] constrained_graph |V|=625 |E|=666
2025-10-07 06:40:19.229Z [SP] gs_range_norm_full total_keys=100 empty_keys=0 non_empty_sample={0: 4, 1: 5, 2: 4, 3: 2, 4: 3, 5: 2, 6: 3, 7: 2, 8: 2, 9: 4}
2025-10-07 06:40:19.235Z [DEBUG] num_sats=625, num_gs=100
2025-10-07 06:40:19.329Z [DEBUG] raw_gs_range type=<class 'list'>
2025-10-07 06:40:19.268Z [DEBUG] gid_to_sat_gsl_if_idx: type=<class 'list'>, len=100, sample=[0, 0, 0, 0, 0]
2025-10-07 06:40:19.356Z [SP] gs_range_norm_full total_keys=100 empty_keys=0 non_empty_sample={0: 4, 1: 4, 2: 4, 3: 2, 4: 3, 5: 2, 6: 3, 7: 2, 8: 2, 9: 4}
2025-10-07 06:40:19.429Z [DEBUG] gid_to_sat_gsl_if_idx: type=<class 'list'>, len=100, sample=[0, 0, 0, 0, 0]
2025-10-07 06:40:20.303Z [SP] delegating to step(payload) with constrained PID routing
2025-10-07 06:40:20.304Z [MODE] SP_OVER_PID_QUOTIENT=True
2025-10-07 06:40:20.312Z [PID] neighbors stats
2025-10-07 06:40:20.316Z [GW] rebuild done
2025-10-07 06:40:20.319Z [SP] constrained_graph edge stats
2025-10-07 06:40:20.322Z [SP] relaxed inter-PID edges appended
2025-10-07 06:40:20.322Z [SP] constrained_graph |V|=625 |E|=666
2025-10-07 06:40:20.322Z [SP] calling calculate_fstate_shortest_path_without_gs_relaying on constrained graph
2025-10-07 06:40:20.323Z [SP] constrained_graph |V|=625 |E|=666
2025-10-07 06:40:20.323Z [DEBUG] num_sats=625, num_gs=100
2025-10-07 06:40:20.323Z [DEBUG] raw_gs_range type=<class 'list'>
2025-10-07 06:40:20.324Z [SP] gs_range_norm_full total_keys=100 empty_keys=0 non_empty_sample={0: 4, 1: 4, 2: 4, 3: 2, 4: 3, 5: 3, 6: 3, 7: 2, 8: 2, 9: 4}
2025-10-07 06:40:20.324Z [DEBUG] gid_to_sat_gsl_if_idx: type=<class 'list'>, len=100, sample=[0, 0, 0, 0, 0]
2025-10-07 06:40:21.358Z [SP] done; fstate ready
2025-10-07 06:40:21.503Z [SP] done; fstate ready
2025-10-07 06:40:22.548Z [SP] done; fstate ready
2025-10-07 06:40:23.519Z [SP] done; fstate ready
2025-10-07 06:40:24.448Z [SP] delegating to step(payload) with constrained PID routing
2025-10-07 06:40:24.514Z [MODE] SP_OVER_PID_QUOTIENT=True
2025-10-07 06:40:24.596Z [PID] neighbors stats
2025-10-07 06:40:24.607Z [GW] rebuild done
2025-10-07 06:40:24.665Z [SP] done; fstate ready
2025-10-07 06:40:24.726Z [SP] constrained_graph edge stats
2025-10-07 06:40:24.732Z [SP] delegating to step(payload) with constrained PID routing
2025-10-07 06:40:24.805Z [SP] relaxed inter-PID edges appended
2025-10-07 06:40:24.915Z [SP] constrained_graph |V|=625 |E|=666
2025-10-07 06:40:24.943Z [SP] calling calculate_fstate_shortest_path_without_gs_relaying on constrained graph
2025-10-07 06:40:24.966Z [MODE] SP_OVER_PID_QUOTIENT=True
2025-10-07 06:40:25.126Z [PID] neighbors stats
2025-10-07 06:40:25.167Z [GW] rebuild done
2025-10-07 06:40:25.037Z [SP] constrained_graph |V|=625 |E|=666
2025-10-07 06:40:25.217Z [DEBUG] num_sats=625, num_gs=100
2025-10-07 06:40:25.281Z [DEBUG] raw_gs_range type=<class 'list'>
2025-10-07 06:40:25.211Z [SP] constrained_graph edge stats
2025-10-07 06:40:25.360Z [SP] gs_range_norm_full total_keys=100 empty_keys=0 non_empty_sample={0: 4, 1: 5, 2: 4, 3: 2, 4: 3, 5: 2, 6: 3, 7: 2, 8: 2, 9: 4}
2025-10-07 06:40:25.375Z [DEBUG] gid_to_sat_gsl_if_idx: type=<class 'list'>, len=100, sample=[0, 0, 0, 0, 0]
2025-10-07 06:40:25.489Z [SP] relaxed inter-PID edges appended
2025-10-07 06:40:25.683Z [SP] constrained_graph |V|=625 |E|=666
2025-10-07 06:40:25.736Z [SP] calling calculate_fstate_shortest_path_without_gs_relaying on constrained graph
2025-10-07 06:40:25.860Z [SP] done; fstate ready
2025-10-07 06:40:25.922Z [SP] constrained_graph |V|=625 |E|=666
2025-10-07 06:40:26.054Z [DEBUG] num_sats=625, num_gs=100
2025-10-07 06:40:26.336Z [DEBUG] raw_gs_range type=<class 'list'>
2025-10-07 06:40:26.449Z [SP] delegating to step(payload) with constrained PID routing
2025-10-07 06:40:26.556Z [MODE] SP_OVER_PID_QUOTIENT=True
2025-10-07 06:40:26.462Z [SP] gs_range_norm_full total_keys=100 empty_keys=0 non_empty_sample={0: 4, 1: 5, 2: 4, 3: 2, 4: 3, 5: 2, 6: 3, 7: 2, 8: 2, 9: 4}
2025-10-07 06:40:26.826Z [PID] neighbors stats
2025-10-07 06:40:26.895Z [GW] rebuild done
2025-10-07 06:40:26.945Z [SP] delegating to step(payload) with constrained PID routing
2025-10-07 06:40:26.821Z [DEBUG] gid_to_sat_gsl_if_idx: type=<class 'list'>, len=100, sample=[0, 0, 0, 0, 0]
2025-10-07 06:40:26.957Z [SP] constrained_graph edge stats
2025-10-07 06:40:27.007Z [SP] relaxed inter-PID edges appended
2025-10-07 06:40:27.121Z [SP] constrained_graph |V|=625 |E|=666
2025-10-07 06:40:27.058Z [MODE] SP_OVER_PID_QUOTIENT=True
2025-10-07 06:40:27.182Z [SP] calling calculate_fstate_shortest_path_without_gs_relaying on constrained graph
2025-10-07 06:40:27.385Z [PID] neighbors stats
2025-10-07 06:40:27.312Z [SP] constrained_graph |V|=625 |E|=666
2025-10-07 06:40:27.439Z [GW] rebuild done
2025-10-07 06:40:27.467Z [SP] constrained_graph edge stats
2025-10-07 06:40:27.431Z [DEBUG] num_sats=625, num_gs=100
2025-10-07 06:40:27.580Z [SP] delegating to step(payload) with constrained PID routing
2025-10-07 06:40:27.573Z [DEBUG] raw_gs_range type=<class 'list'>
2025-10-07 06:40:27.496Z [SP] done; fstate ready
2025-10-07 06:40:27.631Z [SP] relaxed inter-PID edges appended
2025-10-07 06:40:27.625Z [SP] gs_range_norm_full total_keys=100 empty_keys=0 non_empty_sample={0: 4, 1: 4, 2: 4, 3: 2, 4: 3, 5: 2, 6: 3, 7: 2, 8: 2, 9: 4}
2025-10-07 06:40:27.681Z [SP] constrained_graph |V|=625 |E|=666
2025-10-07 06:40:27.680Z [MODE] SP_OVER_PID_QUOTIENT=True
2025-10-07 06:40:27.702Z [DEBUG] gid_to_sat_gsl_if_idx: type=<class 'list'>, len=100, sample=[0, 0, 0, 0, 0]
2025-10-07 06:40:27.723Z [SP] calling calculate_fstate_shortest_path_without_gs_relaying on constrained graph
2025-10-07 06:40:27.755Z [PID] neighbors stats
2025-10-07 06:40:27.830Z [SP] constrained_graph |V|=625 |E|=666
2025-10-07 06:40:27.928Z [GW] rebuild done
2025-10-07 06:40:27.949Z [DEBUG] num_sats=625, num_gs=100
2025-10-07 06:40:28.010Z [SP] constrained_graph edge stats
2025-10-07 06:40:27.991Z [DEBUG] raw_gs_range type=<class 'list'>
2025-10-07 06:40:28.043Z [SP] relaxed inter-PID edges appended
2025-10-07 06:40:28.127Z [SP] constrained_graph |V|=625 |E|=666
2025-10-07 06:40:28.143Z [SP] calling calculate_fstate_shortest_path_without_gs_relaying on constrained graph
2025-10-07 06:40:28.068Z [SP] gs_range_norm_full total_keys=100 empty_keys=0 non_empty_sample={0: 4, 1: 4, 2: 4, 3: 2, 4: 3, 5: 3, 6: 3, 7: 2, 8: 2, 9: 4}
2025-10-07 06:40:28.186Z [SP] constrained_graph |V|=625 |E|=666
2025-10-07 06:40:28.372Z [SP] delegating to step(payload) with constrained PID routing
2025-10-07 06:40:28.255Z [DEBUG] gid_to_sat_gsl_if_idx: type=<class 'list'>, len=100, sample=[0, 0, 0, 0, 0]
2025-10-07 06:40:28.300Z [DEBUG] num_sats=625, num_gs=100
2025-10-07 06:40:28.403Z [MODE] SP_OVER_PID_QUOTIENT=True
2025-10-07 06:40:28.449Z [PID] neighbors stats
2025-10-07 06:40:28.425Z [DEBUG] raw_gs_range type=<class 'list'>
2025-10-07 06:40:28.479Z [GW] rebuild done
2025-10-07 06:40:28.512Z [SP] gs_range_norm_full total_keys=100 empty_keys=0 non_empty_sample={0: 4, 1: 4, 2: 4, 3: 2, 4: 3, 5: 2, 6: 3, 7: 2, 8: 2, 9: 4}
2025-10-07 06:40:28.527Z [SP] constrained_graph edge stats
2025-10-07 06:40:28.549Z [DEBUG] gid_to_sat_gsl_if_idx: type=<class 'list'>, len=100, sample=[0, 0, 0, 0, 0]
2025-10-07 06:40:28.584Z [SP] relaxed inter-PID edges appended
2025-10-07 06:40:28.596Z [SP] constrained_graph |V|=625 |E|=666
2025-10-07 06:40:28.624Z [SP] calling calculate_fstate_shortest_path_without_gs_relaying on constrained graph
2025-10-07 06:40:28.717Z [SP] constrained_graph |V|=625 |E|=666
2025-10-07 06:40:28.812Z [DEBUG] num_sats=625, num_gs=100
2025-10-07 06:40:28.872Z [DEBUG] raw_gs_range type=<class 'list'>
2025-10-07 06:40:28.901Z [SP] gs_range_norm_full total_keys=100 empty_keys=0 non_empty_sample={0: 4, 1: 5, 2: 4, 3: 2, 4: 3, 5: 2, 6: 3, 7: 2, 8: 2, 9: 4}
2025-10-07 06:40:28.923Z [DEBUG] gid_to_sat_gsl_if_idx: type=<class 'list'>, len=100, sample=[0, 0, 0, 0, 0]
2025-10-07 06:40:29.098Z [SP] delegating to step(payload) with constrained PID routing
2025-10-07 06:40:29.099Z [MODE] SP_OVER_PID_QUOTIENT=True
2025-10-07 06:40:29.104Z [PID] neighbors stats
2025-10-07 06:40:29.107Z [GW] rebuild done
2025-10-07 06:40:29.110Z [SP] constrained_graph edge stats
2025-10-07 06:40:29.111Z [SP] relaxed inter-PID edges appended
2025-10-07 06:40:29.111Z [SP] constrained_graph |V|=625 |E|=666
2025-10-07 06:40:29.111Z [SP] calling calculate_fstate_shortest_path_without_gs_relaying on constrained graph
2025-10-07 06:40:29.111Z [SP] constrained_graph |V|=625 |E|=666
2025-10-07 06:40:29.111Z [DEBUG] num_sats=625, num_gs=100
2025-10-07 06:40:29.111Z [DEBUG] raw_gs_range type=<class 'list'>
2025-10-07 06:40:29.112Z [SP] gs_range_norm_full total_keys=100 empty_keys=0 non_empty_sample={0: 4, 1: 5, 2: 4, 3: 2, 4: 3, 5: 2, 6: 3, 7: 2, 8: 2, 9: 4}
2025-10-07 06:40:29.112Z [DEBUG] gid_to_sat_gsl_if_idx: type=<class 'list'>, len=100, sample=[0, 0, 0, 0, 0]
2025-10-07 06:40:29.643Z [SP] done; fstate ready
2025-10-07 06:40:30.319Z [SP] done; fstate ready
2025-10-07 06:40:31.323Z [SP] delegating to step(payload) with constrained PID routing
2025-10-07 06:40:31.386Z [MODE] SP_OVER_PID_QUOTIENT=True
2025-10-07 06:40:31.409Z [PID] neighbors stats
2025-10-07 06:40:31.417Z [GW] rebuild done
2025-10-07 06:40:31.455Z [SP] constrained_graph edge stats
2025-10-07 06:40:31.490Z [SP] relaxed inter-PID edges appended
2025-10-07 06:40:31.524Z [SP] constrained_graph |V|=625 |E|=666
2025-10-07 06:40:31.550Z [SP] calling calculate_fstate_shortest_path_without_gs_relaying on constrained graph
2025-10-07 06:40:31.594Z [SP] constrained_graph |V|=625 |E|=666
2025-10-07 06:40:31.647Z [DEBUG] num_sats=625, num_gs=100
2025-10-07 06:40:31.732Z [DEBUG] raw_gs_range type=<class 'list'>
2025-10-07 06:40:31.801Z [SP] gs_range_norm_full total_keys=100 empty_keys=0 non_empty_sample={0: 4, 1: 5, 2: 4, 3: 2, 4: 3, 5: 2, 6: 3, 7: 2, 8: 2, 9: 4}
2025-10-07 06:40:31.827Z [DEBUG] gid_to_sat_gsl_if_idx: type=<class 'list'>, len=100, sample=[0, 0, 0, 0, 0]
2025-10-07 06:40:31.839Z [SP] done; fstate ready
2025-10-07 06:40:32.048Z [SP] delegating to step(payload) with constrained PID routing
2025-10-07 06:40:32.048Z [MODE] SP_OVER_PID_QUOTIENT=True
2025-10-07 06:40:32.054Z [PID] neighbors stats
2025-10-07 06:40:32.058Z [GW] rebuild done
2025-10-07 06:40:32.061Z [SP] constrained_graph edge stats
2025-10-07 06:40:32.062Z [SP] relaxed inter-PID edges appended
2025-10-07 06:40:32.063Z [SP] constrained_graph |V|=625 |E|=666
2025-10-07 06:40:32.063Z [SP] calling calculate_fstate_shortest_path_without_gs_relaying on constrained graph
2025-10-07 06:40:32.063Z [SP] constrained_graph |V|=625 |E|=666
2025-10-07 06:40:32.063Z [DEBUG] num_sats=625, num_gs=100
2025-10-07 06:40:32.063Z [DEBUG] raw_gs_range type=<class 'list'>
2025-10-07 06:40:32.064Z [SP] gs_range_norm_full total_keys=100 empty_keys=0 non_empty_sample={0: 4, 1: 4, 2: 4, 3: 2, 4: 3, 5: 2, 6: 3, 7: 2, 8: 2, 9: 4}
2025-10-07 06:40:32.064Z [DEBUG] gid_to_sat_gsl_if_idx: type=<class 'list'>, len=100, sample=[0, 0, 0, 0, 0]
2025-10-07 06:40:32.823Z [SP] done; fstate ready
2025-10-07 06:40:34.039Z [SP] done; fstate ready
2025-10-07 06:40:34.083Z [SP] done; fstate ready
2025-10-07 06:40:34.396Z [SP] delegating to step(payload) with constrained PID routing
2025-10-07 06:40:34.424Z [MODE] SP_OVER_PID_QUOTIENT=True
2025-10-07 06:40:34.505Z [PID] neighbors stats
2025-10-07 06:40:34.576Z [GW] rebuild done
2025-10-07 06:40:34.612Z [SP] constrained_graph edge stats
2025-10-07 06:40:34.667Z [SP] relaxed inter-PID edges appended
2025-10-07 06:40:34.735Z [SP] constrained_graph |V|=625 |E|=666
2025-10-07 06:40:34.831Z [SP] calling calculate_fstate_shortest_path_without_gs_relaying on constrained graph
2025-10-07 06:40:35.137Z [SP] constrained_graph |V|=625 |E|=666
2025-10-07 06:40:35.222Z [DEBUG] num_sats=625, num_gs=100
2025-10-07 06:40:35.332Z [DEBUG] raw_gs_range type=<class 'list'>
2025-10-07 06:40:35.550Z [SP] gs_range_norm_full total_keys=100 empty_keys=0 non_empty_sample={0: 4, 1: 5, 2: 4, 3: 2, 4: 3, 5: 2, 6: 3, 7: 2, 8: 2, 9: 4}
2025-10-07 06:40:35.742Z [DEBUG] gid_to_sat_gsl_if_idx: type=<class 'list'>, len=100, sample=[0, 0, 0, 0, 0]
2025-10-07 06:40:35.976Z [SP] done; fstate ready
2025-10-07 06:40:36.232Z [SP] done; fstate ready
2025-10-07 06:40:36.280Z [SP] done; fstate ready
2025-10-07 06:40:37.256Z [SP] delegating to step(payload) with constrained PID routing
2025-10-07 06:40:37.358Z [MODE] SP_OVER_PID_QUOTIENT=True
2025-10-07 06:40:37.511Z [SP] delegating to step(payload) with constrained PID routing
2025-10-07 06:40:37.565Z [PID] neighbors stats
2025-10-07 06:40:37.658Z [GW] rebuild done
2025-10-07 06:40:37.723Z [SP] constrained_graph edge stats
2025-10-07 06:40:37.663Z [MODE] SP_OVER_PID_QUOTIENT=True
2025-10-07 06:40:37.818Z [SP] relaxed inter-PID edges appended
2025-10-07 06:40:37.935Z [SP] constrained_graph |V|=625 |E|=666
2025-10-07 06:40:37.881Z [PID] neighbors stats
2025-10-07 06:40:38.164Z [GW] rebuild done
2025-10-07 06:40:38.283Z [SP] constrained_graph edge stats
2025-10-07 06:40:38.157Z [SP] calling calculate_fstate_shortest_path_without_gs_relaying on constrained graph
2025-10-07 06:40:38.461Z [SP] relaxed inter-PID edges appended
2025-10-07 06:40:38.506Z [SP] constrained_graph |V|=625 |E|=666
2025-10-07 06:40:38.524Z [SP] constrained_graph |V|=625 |E|=666
2025-10-07 06:40:38.638Z [DEBUG] num_sats=625, num_gs=100
2025-10-07 06:40:38.602Z [SP] calling calculate_fstate_shortest_path_without_gs_relaying on constrained graph
2025-10-07 06:40:38.720Z [SP] done; fstate ready
2025-10-07 06:40:38.748Z [DEBUG] raw_gs_range type=<class 'list'>
2025-10-07 06:40:38.928Z [SP] gs_range_norm_full total_keys=100 empty_keys=0 non_empty_sample={0: 4, 1: 4, 2: 4, 3: 2, 4: 3, 5: 3, 6: 3, 7: 2, 8: 2, 9: 4}
2025-10-07 06:40:38.818Z [SP] constrained_graph |V|=625 |E|=666
2025-10-07 06:40:39.044Z [DEBUG] gid_to_sat_gsl_if_idx: type=<class 'list'>, len=100, sample=[0, 0, 0, 0, 0]
2025-10-07 06:40:39.097Z [DEBUG] num_sats=625, num_gs=100
2025-10-07 06:40:39.345Z [DEBUG] raw_gs_range type=<class 'list'>
2025-10-07 06:40:39.461Z [SP] gs_range_norm_full total_keys=100 empty_keys=0 non_empty_sample={0: 4, 1: 5, 2: 4, 3: 2, 4: 3, 5: 2, 6: 3, 7: 2, 8: 2, 9: 4}
2025-10-07 06:40:39.657Z [DEBUG] gid_to_sat_gsl_if_idx: type=<class 'list'>, len=100, sample=[0, 0, 0, 0, 0]
2025-10-07 06:40:39.967Z [SP] delegating to step(payload) with constrained PID routing
2025-10-07 06:40:40.058Z [MODE] SP_OVER_PID_QUOTIENT=True
2025-10-07 06:40:40.245Z [PID] neighbors stats
2025-10-07 06:40:40.394Z [GW] rebuild done
2025-10-07 06:40:40.488Z [SP] constrained_graph edge stats
2025-10-07 06:40:40.555Z [SP] relaxed inter-PID edges appended
2025-10-07 06:40:40.600Z [SP] delegating to step(payload) with constrained PID routing
2025-10-07 06:40:40.601Z [SP] constrained_graph |V|=625 |E|=666
2025-10-07 06:40:40.603Z [SP] delegating to step(payload) with constrained PID routing
2025-10-07 06:40:40.608Z [MODE] SP_OVER_PID_QUOTIENT=True
2025-10-07 06:40:40.614Z [SP] calling calculate_fstate_shortest_path_without_gs_relaying on constrained graph
2025-10-07 06:40:40.675Z [PID] neighbors stats
2025-10-07 06:40:40.646Z [MODE] SP_OVER_PID_QUOTIENT=True
2025-10-07 06:40:40.690Z [SP] constrained_graph |V|=625 |E|=666
2025-10-07 06:40:40.711Z [GW] rebuild done
2025-10-07 06:40:40.737Z [PID] neighbors stats
2025-10-07 06:40:40.768Z [SP] constrained_graph edge stats
2025-10-07 06:40:40.778Z [GW] rebuild done
2025-10-07 06:40:40.811Z [SP] relaxed inter-PID edges appended
2025-10-07 06:40:40.748Z [DEBUG] num_sats=625, num_gs=100
2025-10-07 06:40:40.827Z [SP] constrained_graph |V|=625 |E|=666
2025-10-07 06:40:40.857Z [SP] constrained_graph edge stats
2025-10-07 06:40:40.848Z [DEBUG] raw_gs_range type=<class 'list'>
2025-10-07 06:40:40.912Z [SP] relaxed inter-PID edges appended
2025-10-07 06:40:40.895Z [SP] calling calculate_fstate_shortest_path_without_gs_relaying on constrained graph
2025-10-07 06:40:40.956Z [SP] constrained_graph |V|=625 |E|=666
2025-10-07 06:40:40.939Z [SP] gs_range_norm_full total_keys=100 empty_keys=0 non_empty_sample={0: 4, 1: 5, 2: 4, 3: 2, 4: 3, 5: 2, 6: 3, 7: 2, 8: 2, 9: 4}
2025-10-07 06:40:40.968Z [SP] calling calculate_fstate_shortest_path_without_gs_relaying on constrained graph
2025-10-07 06:40:40.957Z [SP] constrained_graph |V|=625 |E|=666
2025-10-07 06:40:40.983Z [DEBUG] gid_to_sat_gsl_if_idx: type=<class 'list'>, len=100, sample=[0, 0, 0, 0, 0]
2025-10-07 06:40:41.010Z [DEBUG] num_sats=625, num_gs=100
2025-10-07 06:40:41.005Z [SP] constrained_graph |V|=625 |E|=666
2025-10-07 06:40:41.107Z [DEBUG] num_sats=625, num_gs=100
2025-10-07 06:40:41.101Z [DEBUG] raw_gs_range type=<class 'list'>
2025-10-07 06:40:41.150Z [DEBUG] raw_gs_range type=<class 'list'>
2025-10-07 06:40:41.173Z [SP] gs_range_norm_full total_keys=100 empty_keys=0 non_empty_sample={0: 4, 1: 4, 2: 4, 3: 2, 4: 3, 5: 2, 6: 3, 7: 2, 8: 2, 9: 4}
2025-10-07 06:40:41.211Z [SP] gs_range_norm_full total_keys=100 empty_keys=0 non_empty_sample={0: 4, 1: 4, 2: 4, 3: 2, 4: 3, 5: 2, 6: 3, 7: 2, 8: 2, 9: 4}
2025-10-07 06:40:41.245Z [SP] delegating to step(payload) with constrained PID routing
2025-10-07 06:40:41.241Z [DEBUG] gid_to_sat_gsl_if_idx: type=<class 'list'>, len=100, sample=[0, 0, 0, 0, 0]
2025-10-07 06:40:41.245Z [MODE] SP_OVER_PID_QUOTIENT=True
2025-10-07 06:40:41.252Z [PID] neighbors stats
2025-10-07 06:40:41.245Z [DEBUG] gid_to_sat_gsl_if_idx: type=<class 'list'>, len=100, sample=[0, 0, 0, 0, 0]
2025-10-07 06:40:41.256Z [GW] rebuild done
2025-10-07 06:40:41.259Z [SP] constrained_graph edge stats
2025-10-07 06:40:41.260Z [SP] relaxed inter-PID edges appended
2025-10-07 06:40:41.261Z [SP] constrained_graph |V|=625 |E|=666
2025-10-07 06:40:41.261Z [SP] calling calculate_fstate_shortest_path_without_gs_relaying on constrained graph
2025-10-07 06:40:41.261Z [SP] constrained_graph |V|=625 |E|=666
2025-10-07 06:40:41.261Z [DEBUG] num_sats=625, num_gs=100
2025-10-07 06:40:41.261Z [DEBUG] raw_gs_range type=<class 'list'>
2025-10-07 06:40:41.261Z [SP] gs_range_norm_full total_keys=100 empty_keys=0 non_empty_sample={0: 4, 1: 5, 2: 4, 3: 2, 4: 3, 5: 2, 6: 3, 7: 2, 8: 2, 9: 4}
2025-10-07 06:40:41.263Z [DEBUG] gid_to_sat_gsl_if_idx: type=<class 'list'>, len=100, sample=[0, 0, 0, 0, 0]
2025-10-07 06:40:41.953Z [SP] done; fstate ready
2025-10-07 06:40:42.109Z [SP] done; fstate ready
2025-10-07 06:40:43.876Z [SP] delegating to step(payload) with constrained PID routing
2025-10-07 06:40:43.898Z [MODE] SP_OVER_PID_QUOTIENT=True
2025-10-07 06:40:43.961Z [PID] neighbors stats
2025-10-07 06:40:43.982Z [GW] rebuild done
2025-10-07 06:40:44.015Z [SP] constrained_graph edge stats
2025-10-07 06:40:44.060Z [SP] relaxed inter-PID edges appended
2025-10-07 06:40:44.114Z [SP] constrained_graph |V|=625 |E|=666
2025-10-07 06:40:44.162Z [SP] delegating to step(payload) with constrained PID routing
2025-10-07 06:40:44.146Z [SP] calling calculate_fstate_shortest_path_without_gs_relaying on constrained graph
2025-10-07 06:40:44.163Z [MODE] SP_OVER_PID_QUOTIENT=True
2025-10-07 06:40:44.164Z [SP] constrained_graph |V|=625 |E|=666
2025-10-07 06:40:44.172Z [PID] neighbors stats
2025-10-07 06:40:44.176Z [GW] rebuild done
2025-10-07 06:40:44.179Z [SP] constrained_graph edge stats
2025-10-07 06:40:44.172Z [DEBUG] num_sats=625, num_gs=100
2025-10-07 06:40:44.181Z [SP] relaxed inter-PID edges appended
2025-10-07 06:40:44.181Z [SP] constrained_graph |V|=625 |E|=666
2025-10-07 06:40:44.181Z [SP] calling calculate_fstate_shortest_path_without_gs_relaying on constrained graph
2025-10-07 06:40:44.181Z [DEBUG] raw_gs_range type=<class 'list'>
2025-10-07 06:40:44.181Z [SP] constrained_graph |V|=625 |E|=666
2025-10-07 06:40:44.181Z [DEBUG] num_sats=625, num_gs=100
2025-10-07 06:40:44.182Z [SP] gs_range_norm_full total_keys=100 empty_keys=0 non_empty_sample={0: 4, 1: 4, 2: 4, 3: 2, 4: 3, 5: 2, 6: 3, 7: 2, 8: 2, 9: 4}
2025-10-07 06:40:44.182Z [DEBUG] gid_to_sat_gsl_if_idx: type=<class 'list'>, len=100, sample=[0, 0, 0, 0, 0]
2025-10-07 06:40:44.182Z [DEBUG] raw_gs_range type=<class 'list'>
2025-10-07 06:40:44.183Z [SP] gs_range_norm_full total_keys=100 empty_keys=0 non_empty_sample={0: 4, 1: 5, 2: 4, 3: 2, 4: 3, 5: 2, 6: 3, 7: 2, 8: 2, 9: 4}
2025-10-07 06:40:44.183Z [DEBUG] gid_to_sat_gsl_if_idx: type=<class 'list'>, len=100, sample=[0, 0, 0, 0, 0]
2025-10-07 06:40:45.219Z [SP] done; fstate ready
2025-10-07 06:40:45.252Z [SP] done; fstate ready
2025-10-07 06:40:45.551Z [SP] done; fstate ready
2025-10-07 06:40:45.823Z [SP] done; fstate ready
2025-10-07 06:40:45.958Z [SP] done; fstate ready
2025-10-07 06:40:46.327Z [SP] done; fstate ready
2025-10-07 06:40:46.363Z [SP] done; fstate ready
2025-10-07 06:40:46.619Z [SP] done; fstate ready
2025-10-07 06:40:46.816Z [SP] done; fstate ready
