nohup: ignoring input
========================================
執行 Random P1 系列（失效率 1%）
========================================

執行 Random P1 K1...
[GID] Setting grid degree to 27° and K-best to 1 for hierarchical GID algorithm
Generating ground stations...
Generating TLEs...
Generating ISLs...
Generating description...
Generating GSL interfaces info..
Generating forwarding state...
Thread 0 does interval [0.00 ms, 50000.00 ms]
Thread 1 does interval [50000.00 ms, 100000.00 ms]
Thread 2 does interval [100000.00 ms, 150000.00 ms]
Thread 3 does interval [150000.00 ms, 200000.00 ms]
FORWARDING STATE AT T = 150000000000ns (= 150.0 seconds)

BASIC INFORMATION
  > Epoch.................. 2000-01-01 00:00:00.000
  > Time since epoch....... 150000000000 ns
  > Absolute time.......... 2000-01-01 00:02:30.000
  > Satellites............. 1584
  > Ground stations........ 101
  > Max. range GSL......... 1089686.4181956202m
  > Max. range ISL......... 5016591.233098428m

ISL INFORMATION
  > Total ISLs............. 3168
  > Min. ISLs/satellite.... 4
  > Max. ISLs/satellite.... 4

GSL INTERFACE INFORMATION
  > Min. GSL IFs/satellite........ 1
  > Max. GSL IFs/satellite........ 1
  > Min. GSL IFs/ground station... 1
  > Max. GSL IFs/ground_station... 1

GSL IN-RANGE INFORMATION
  > Min. satellites in range... 3
  > Max. satellites in range... 21

============================================================
🐒 CHAOS MONKEY CONFIGURATION
============================================================
  ENABLE_CHAOS_MONKEY       = True
  CHAOS_FAILURE_RATE        = 0.01 (1.0%)
  CHAOS_INTERVAL_SNAPSHOTS  = 1 (every 0.1s)
  CHAOS_LOG_FILE            = ../../logs/chaos_p1_k1.log
============================================================

[MODE] SP_OVER_PID_QUOTIENT=True
  > Calculating Floyd-Warshall for graph without ground-station relays
  > Writing forwarding state to: gen_data/starlink_550_isls_plus_grid_ground_stations_top_100_with_hsinchu_algorithm_hierarchical_virtual_gid_27deg_k1/dynamic_state_2000ms_for_200s/fstate_150000000000.txt
  > [SIGNALING] 累計統計: 4 事件, 0 字節
[STATS-DEBUG] 開始生成統計文件... PID=1714340, TID=130062513632320
[DEBUG] output_dynamic_state_dir: gen_data/starlink_550_isls_plus_grid_ground_stations_top_100_with_hsinchu_algorithm_hierarchical_virtual_gid_27deg_k1/dynamic_state_2000ms_for_200s
[DEBUG] k_best: 1
[DEBUG] scenario_info: ''
[DEBUG] temp_dir_name: temp_grhr_k1
  > [SIGNALING] 累計統計: 6 事件, 0 字節
FORWARDING STATE AT T = 152000000000ns (= 152.0 seconds)

BASIC INFORMATION
  > Epoch.................. 2000-01-01 00:00:00.000
  > Time since epoch....... 152000000000 ns
  > Absolute time.......... 2000-01-01 00:02:32.000
  > Satellites............. 1584
  > Ground stations........ 101
  > Max. range GSL......... 1089686.4181956202m
  > Max. range ISL......... 5016591.233098428m

ISL INFORMATION
  > Total ISLs............. 3168
  > Min. ISLs/satellite.... 4
  > Max. ISLs/satellite.... 4

GSL INTERFACE INFORMATION
  > Min. GSL IFs/satellite........ 1
  > Max. GSL IFs/satellite........ 1
  > Min. GSL IFs/ground station... 1
  > Max. GSL IFs/ground_station... 1

GSL IN-RANGE INFORMATION
  > Min. satellites in range... 5
  > Max. satellites in range... 20
[MODE] SP_OVER_PID_QUOTIENT=True
  > Calculating Floyd-Warshall for graph without ground-station relays
  > Writing forwarding state to: gen_data/starlink_550_isls_plus_grid_ground_stations_top_100_with_hsinchu_algorithm_hierarchical_virtual_gid_27deg_k1/dynamic_state_2000ms_for_200s/fstate_152000000000.txt
  > [SIGNALING] 累計統計: 9 事件, 0 字節
[STATS-DEBUG] 開始生成統計文件... PID=1714340, TID=130062513632320
[DEBUG] output_dynamic_state_dir: gen_data/starlink_550_isls_plus_grid_ground_stations_top_100_with_hsinchu_algorithm_hierarchical_virtual_gid_27deg_k1/dynamic_state_2000ms_for_200s
[DEBUG] k_best: 1
[DEBUG] scenario_info: ''
[DEBUG] temp_dir_name: temp_grhr_k1
  > [SIGNALING] 累計統計: 11 事件, 0 字節
FORWARDING STATE AT T = 154000000000ns (= 154.0 seconds)

BASIC INFORMATION
  > Epoch.................. 2000-01-01 00:00:00.000
  > Time since epoch....... 154000000000 ns
  > Absolute time.......... 2000-01-01 00:02:34.000
  > Satellites............. 1584
  > Ground stations........ 101
  > Max. range GSL......... 1089686.4181956202m
  > Max. range ISL......... 5016591.233098428m

ISL INFORMATION
  > Total ISLs............. 3168
  > Min. ISLs/satellite.... 4
  > Max. ISLs/satellite.... 4

GSL INTERFACE INFORMATION
  > Min. GSL IFs/satellite........ 1
  > Max. GSL IFs/satellite........ 1
  > Min. GSL IFs/ground station... 1
  > Max. GSL IFs/ground_station... 1

GSL IN-RANGE INFORMATION
  > Min. satellites in range... 5
  > Max. satellites in range... 21
[MODE] SP_OVER_PID_QUOTIENT=True
  > Calculating Floyd-Warshall for graph without ground-station relays
  > Writing forwarding state to: gen_data/starlink_550_isls_plus_grid_ground_stations_top_100_with_hsinchu_algorithm_hierarchical_virtual_gid_27deg_k1/dynamic_state_2000ms_for_200s/fstate_154000000000.txt
  > [SIGNALING] 累計統計: 14 事件, 0 字節
[STATS-DEBUG] 開始生成統計文件... PID=1714340, TID=130062513632320
[DEBUG] output_dynamic_state_dir: gen_data/starlink_550_isls_plus_grid_ground_stations_top_100_with_hsinchu_algorithm_hierarchical_virtual_gid_27deg_k1/dynamic_state_2000ms_for_200s
[DEBUG] k_best: 1
[DEBUG] scenario_info: ''
[DEBUG] temp_dir_name: temp_grhr_k1
  > [SIGNALING] 累計統計: 16 事件, 0 字節
FORWARDING STATE AT T = 156000000000ns (= 156.0 seconds)

BASIC INFORMATION
  > Epoch.................. 2000-01-01 00:00:00.000
  > Time since epoch....... 156000000000 ns
  > Absolute time.......... 2000-01-01 00:02:36.000
  > Satellites............. 1584
  > Ground stations........ 101
  > Max. range GSL......... 1089686.4181956202m
  > Max. range ISL......... 5016591.233098428m

ISL INFORMATION
  > Total ISLs............. 3168
  > Min. ISLs/satellite.... 4
  > Max. ISLs/satellite.... 4

GSL INTERFACE INFORMATION
  > Min. GSL IFs/satellite........ 1
  > Max. GSL IFs/satellite........ 1
  > Min. GSL IFs/ground station... 1
  > Max. GSL IFs/ground_station... 1

GSL IN-RANGE INFORMATION
  > Min. satellites in range... 5
  > Max. satellites in range... 21
[MODE] SP_OVER_PID_QUOTIENT=True
  > Calculating Floyd-Warshall for graph without ground-station relays
  > Writing forwarding state to: gen_data/starlink_550_isls_plus_grid_ground_stations_top_100_with_hsinchu_algorithm_hierarchical_virtual_gid_27deg_k1/dynamic_state_2000ms_for_200s/fstate_156000000000.txt
  > [SIGNALING] 累計統計: 19 事件, 0 字節
[STATS-DEBUG] 開始生成統計文件... PID=1714340, TID=130062513632320
[DEBUG] output_dynamic_state_dir: gen_data/starlink_550_isls_plus_grid_ground_stations_top_100_with_hsinchu_algorithm_hierarchical_virtual_gid_27deg_k1/dynamic_state_2000ms_for_200s
[DEBUG] k_best: 1
[DEBUG] scenario_info: ''
[DEBUG] temp_dir_name: temp_grhr_k1
  > [SIGNALING] 累計統計: 21 事件, 0 字節
FORWARDING STATE AT T = 158000000000ns (= 158.0 seconds)

BASIC INFORMATION
  > Epoch.................. 2000-01-01 00:00:00.000
  > Time since epoch....... 158000000000 ns
  > Absolute time.......... 2000-01-01 00:02:38.000
  > Satellites............. 1584
  > Ground stations........ 101
  > Max. range GSL......... 1089686.4181956202m
  > Max. range ISL......... 5016591.233098428m

ISL INFORMATION
  > Total ISLs............. 3168
  > Min. ISLs/satellite.... 4
  > Max. ISLs/satellite.... 4

GSL INTERFACE INFORMATION
  > Min. GSL IFs/satellite........ 1
  > Max. GSL IFs/satellite........ 1
  > Min. GSL IFs/ground station... 1
  > Max. GSL IFs/ground_station... 1

GSL IN-RANGE INFORMATION
  > Min. satellites in range... 5
  > Max. satellites in range... 20
[MODE] SP_OVER_PID_QUOTIENT=True
  > Calculating Floyd-Warshall for graph without ground-station relays
  > Writing forwarding state to: gen_data/starlink_550_isls_plus_grid_ground_stations_top_100_with_hsinchu_algorithm_hierarchical_virtual_gid_27deg_k1/dynamic_state_2000ms_for_200s/fstate_158000000000.txt
  > [SIGNALING] 累計統計: 24 事件, 0 字節
[STATS-DEBUG] 開始生成統計文件... PID=1714340, TID=130062513632320
[DEBUG] output_dynamic_state_dir: gen_data/starlink_550_isls_plus_grid_ground_stations_top_100_with_hsinchu_algorithm_hierarchical_virtual_gid_27deg_k1/dynamic_state_2000ms_for_200s
[DEBUG] k_best: 1
[DEBUG] scenario_info: ''
[DEBUG] temp_dir_name: temp_grhr_k1
  > [SIGNALING] 累計統計: 26 事件, 0 字節
FORWARDING STATE AT T = 160000000000ns (= 160.0 seconds)

BASIC INFORMATION
  > Epoch.................. 2000-01-01 00:00:00.000
  > Time since epoch....... 160000000000 ns
  > Absolute time.......... 2000-01-01 00:02:40.000
FORWARDING STATE AT T = 0ns (= 0.0 seconds)

BASIC INFORMATION
  > Epoch.................. 2000-01-01 00:00:00.000
  > Time since epoch....... 0 ns
  > Absolute time.......... 2000-01-01 00:00:00.000
  > Satellites............. 1584
  > Ground stations........ 101
  > Max. range GSL......... 1089686.4181956202m
  > Max. range ISL......... 5016591.233098428m

ISL INFORMATION
  > Total ISLs............. 3168
  > Min. ISLs/satellite.... 4
  > Max. ISLs/satellite.... 4

GSL INTERFACE INFORMATION
  > Min. GSL IFs/satellite........ 1
  > Max. GSL IFs/satellite........ 1
  > Min. GSL IFs/ground station... 1
  > Max. GSL IFs/ground_station... 1

GSL IN-RANGE INFORMATION
  > Min. satellites in range... 4
  > Max. satellites in range... 20

============================================================
🐒 CHAOS MONKEY CONFIGURATION
============================================================
  ENABLE_CHAOS_MONKEY       = True
  CHAOS_FAILURE_RATE        = 0.01 (1.0%)
  CHAOS_INTERVAL_SNAPSHOTS  = 1 (every 0.1s)
  CHAOS_LOG_FILE            = ../../logs/chaos_p1_k1.log
============================================================

[MODE] SP_OVER_PID_QUOTIENT=True
  > Calculating Floyd-Warshall for graph without ground-station relays
  > Writing forwarding state to: gen_data/starlink_550_isls_plus_grid_ground_stations_top_100_with_hsinchu_algorithm_hierarchical_virtual_gid_27deg_k1/dynamic_state_2000ms_for_200s/fstate_0.txt
  > [SIGNALING] 累計統計: 4 事件, 0 字節
[STATS-DEBUG] 開始生成統計文件... PID=1714337, TID=130062513632320
[DEBUG] output_dynamic_state_dir: gen_data/starlink_550_isls_plus_grid_ground_stations_top_100_with_hsinchu_algorithm_hierarchical_virtual_gid_27deg_k1/dynamic_state_2000ms_for_200s
[DEBUG] k_best: 1
[DEBUG] scenario_info: ''
[DEBUG] temp_dir_name: temp_grhr_k1
  > [SIGNALING] 累計統計: 6 事件, 0 字節
FORWARDING STATE AT T = 2000000000ns (= 2.0 seconds)

BASIC INFORMATION
  > Epoch.................. 2000-01-01 00:00:00.000
  > Time since epoch....... 2000000000 ns
  > Absolute time.......... 2000-01-01 00:00:02.000
  > Satellites............. 1584
  > Ground stations........ 101
  > Max. range GSL......... 1089686.4181956202m
  > Max. range ISL......... 5016591.233098428m

ISL INFORMATION
  > Total ISLs............. 3168
  > Min. ISLs/satellite.... 4
  > Max. ISLs/satellite.... 4

GSL INTERFACE INFORMATION
  > Min. GSL IFs/satellite........ 1
  > Max. GSL IFs/satellite........ 1
  > Min. GSL IFs/ground station... 1
  > Max. GSL IFs/ground_station... 1

GSL IN-RANGE INFORMATION
  > Min. satellites in range... 4
  > Max. satellites in range... 20
[MODE] SP_OVER_PID_QUOTIENT=True
  > Calculating Floyd-Warshall for graph without ground-station relays
  > Writing forwarding state to: gen_data/starlink_550_isls_plus_grid_ground_stations_top_100_with_hsinchu_algorithm_hierarchical_virtual_gid_27deg_k1/dynamic_state_2000ms_for_200s/fstate_2000000000.txt
  > [SIGNALING] 累計統計: 9 事件, 0 字節
[STATS-DEBUG] 開始生成統計文件... PID=1714337, TID=130062513632320
[DEBUG] output_dynamic_state_dir: gen_data/starlink_550_isls_plus_grid_ground_stations_top_100_with_hsinchu_algorithm_hierarchical_virtual_gid_27deg_k1/dynamic_state_2000ms_for_200s
[DEBUG] k_best: 1
[DEBUG] scenario_info: ''
[DEBUG] temp_dir_name: temp_grhr_k1
  > [SIGNALING] 累計統計: 11 事件, 0 字節
FORWARDING STATE AT T = 4000000000ns (= 4.0 seconds)

BASIC INFORMATION
  > Epoch.................. 2000-01-01 00:00:00.000
  > Time since epoch....... 4000000000 ns
  > Absolute time.......... 2000-01-01 00:00:04.000
  > Satellites............. 1584
  > Ground stations........ 101
  > Max. range GSL......... 1089686.4181956202m
  > Max. range ISL......... 5016591.233098428m

ISL INFORMATION
  > Total ISLs............. 3168
  > Min. ISLs/satellite.... 4
  > Max. ISLs/satellite.... 4

GSL INTERFACE INFORMATION
  > Min. GSL IFs/satellite........ 1
  > Max. GSL IFs/satellite........ 1
  > Min. GSL IFs/ground station... 1
  > Max. GSL IFs/ground_station... 1

GSL IN-RANGE INFORMATION
  > Min. satellites in range... 4
  > Max. satellites in range... 20
[MODE] SP_OVER_PID_QUOTIENT=True
  > Calculating Floyd-Warshall for graph without ground-station relays
  > Writing forwarding state to: gen_data/starlink_550_isls_plus_grid_ground_stations_top_100_with_hsinchu_algorithm_hierarchical_virtual_gid_27deg_k1/dynamic_state_2000ms_for_200s/fstate_4000000000.txt
  > [SIGNALING] 累計統計: 14 事件, 0 字節
[STATS-DEBUG] 開始生成統計文件... PID=1714337, TID=130062513632320
[DEBUG] output_dynamic_state_dir: gen_data/starlink_550_isls_plus_grid_ground_stations_top_100_with_hsinchu_algorithm_hierarchical_virtual_gid_27deg_k1/dynamic_state_2000ms_for_200s
[DEBUG] k_best: 1
[DEBUG] scenario_info: ''
[DEBUG] temp_dir_name: temp_grhr_k1
  > [SIGNALING] 累計統計: 16 事件, 0 字節
FORWARDING STATE AT T = 6000000000ns (= 6.0 seconds)

BASIC INFORMATION
  > Epoch.................. 2000-01-01 00:00:00.000
  > Time since epoch....... 6000000000 ns
  > Absolute time.......... 2000-01-01 00:00:06.000
  > Satellites............. 1584
  > Ground stations........ 101
  > Max. range GSL......... 1089686.4181956202m
  > Max. range ISL......... 5016591.233098428m

ISL INFORMATION
  > Total ISLs............. 3168
  > Min. ISLs/satellite.... 4
  > Max. ISLs/satellite.... 4

GSL INTERFACE INFORMATION
  > Min. GSL IFs/satellite........ 1
  > Max. GSL IFs/satellite........ 1
  > Min. GSL IFs/ground station... 1
  > Max. GSL IFs/ground_station... 1

GSL IN-RANGE INFORMATION
  > Min. satellites in range... 4
  > Max. satellites in range... 20
[MODE] SP_OVER_PID_QUOTIENT=True
  > Calculating Floyd-Warshall for graph without ground-station relays
  > Writing forwarding state to: gen_data/starlink_550_isls_plus_grid_ground_stations_top_100_with_hsinchu_algorithm_hierarchical_virtual_gid_27deg_k1/dynamic_state_2000ms_for_200s/fstate_6000000000.txt
  > [SIGNALING] 累計統計: 19 事件, 0 字節
[STATS-DEBUG] 開始生成統計文件... PID=1714337, TID=130062513632320
[DEBUG] output_dynamic_state_dir: gen_data/starlink_550_isls_plus_grid_ground_stations_top_100_with_hsinchu_algorithm_hierarchical_virtual_gid_27deg_k1/dynamic_state_2000ms_for_200s
[DEBUG] k_best: 1
[DEBUG] scenario_info: ''
[DEBUG] temp_dir_name: temp_grhr_k1
  > [SIGNALING] 累計統計: 21 事件, 0 字節
FORWARDING STATE AT T = 8000000000ns (= 8.0 seconds)

BASIC INFORMATION
  > Epoch.................. 2000-01-01 00:00:00.000
  > Time since epoch....... 8000000000 ns
  > Absolute time.......... 2000-01-01 00:00:08.000
  > Satellites............. 1584
  > Ground stations........ 101
  > Max. range GSL......... 1089686.4181956202m
  > Max. range ISL......... 5016591.233098428m

ISL INFORMATION
  > Total ISLs............. 3168
  > Min. ISLs/satellite.... 4
  > Max. ISLs/satellite.... 4

GSL INTERFACE INFORMATION
  > Min. GSL IFs/satellite........ 1
  > Max. GSL IFs/satellite........ 1
  > Min. GSL IFs/ground station... 1
  > Max. GSL IFs/ground_station... 1

GSL IN-RANGE INFORMATION
  > Min. satellites in range... 4
  > Max. satellites in range... 19
[MODE] SP_OVER_PID_QUOTIENT=True
  > Calculating Floyd-Warshall for graph without ground-station relays
  > Writing forwarding state to: gen_data/starlink_550_isls_plus_grid_ground_stations_top_100_with_hsinchu_algorithm_hierarchical_virtual_gid_27deg_k1/dynamic_state_2000ms_for_200s/fstate_8000000000.txt
  > [SIGNALING] 累計統計: 24 事件, 0 字節
[STATS-DEBUG] 開始生成統計文件... PID=1714337, TID=130062513632320
[DEBUG] output_dynamic_state_dir: gen_data/starlink_550_isls_plus_grid_ground_stations_top_100_with_hsinchu_algorithm_hierarchical_virtual_gid_27deg_k1/dynamic_state_2000ms_for_200s
[DEBUG] k_best: 1
[DEBUG] scenario_info: ''
[DEBUG] temp_dir_name: temp_grhr_k1
  > [SIGNALING] 累計統計: 26 事件, 0 字節
FORWARDING STATE AT T = 10000000000ns (= 10.0 seconds)

BASIC INFORMATION
  > Epoch.................. 2000-01-01 00:00:00.000
  > Time since epoch....... 10000000000 ns
  > Absolute time.......... 2000-01-01 00:00:10.000
  > Satellites............. 1584
  > Ground stations........ 101
FORWARDING STATE AT T = 100000000000ns (= 100.0 seconds)

BASIC INFORMATION
  > Epoch.................. 2000-01-01 00:00:00.000
  > Time since epoch....... 100000000000 ns
  > Absolute time.......... 2000-01-01 00:01:40.000
  > Satellites............. 1584
  > Ground stations........ 101
  > Max. range GSL......... 1089686.4181956202m
  > Max. range ISL......... 5016591.233098428m

ISL INFORMATION
  > Total ISLs............. 3168
  > Min. ISLs/satellite.... 4
  > Max. ISLs/satellite.... 4

GSL INTERFACE INFORMATION
  > Min. GSL IFs/satellite........ 1
  > Max. GSL IFs/satellite........ 1
  > Min. GSL IFs/ground station... 1
  > Max. GSL IFs/ground_station... 1

GSL IN-RANGE INFORMATION
  > Min. satellites in range... 5
  > Max. satellites in range... 19

============================================================
🐒 CHAOS MONKEY CONFIGURATION
============================================================
  ENABLE_CHAOS_MONKEY       = True
  CHAOS_FAILURE_RATE        = 0.01 (1.0%)
  CHAOS_INTERVAL_SNAPSHOTS  = 1 (every 0.1s)
  CHAOS_LOG_FILE            = ../../logs/chaos_p1_k1.log
============================================================

[MODE] SP_OVER_PID_QUOTIENT=True
  > Calculating Floyd-Warshall for graph without ground-station relays
  > Writing forwarding state to: gen_data/starlink_550_isls_plus_grid_ground_stations_top_100_with_hsinchu_algorithm_hierarchical_virtual_gid_27deg_k1/dynamic_state_2000ms_for_200s/fstate_100000000000.txt
  > [SIGNALING] 累計統計: 4 事件, 0 字節
[STATS-DEBUG] 開始生成統計文件... PID=1714339, TID=130062513632320
[DEBUG] output_dynamic_state_dir: gen_data/starlink_550_isls_plus_grid_ground_stations_top_100_with_hsinchu_algorithm_hierarchical_virtual_gid_27deg_k1/dynamic_state_2000ms_for_200s
[DEBUG] k_best: 1
[DEBUG] scenario_info: ''
[DEBUG] temp_dir_name: temp_grhr_k1
  > [SIGNALING] 累計統計: 6 事件, 0 字節
FORWARDING STATE AT T = 102000000000ns (= 102.0 seconds)

BASIC INFORMATION
  > Epoch.................. 2000-01-01 00:00:00.000
  > Time since epoch....... 102000000000 ns
  > Absolute time.......... 2000-01-01 00:01:42.000
  > Satellites............. 1584
  > Ground stations........ 101
  > Max. range GSL......... 1089686.4181956202m
  > Max. range ISL......... 5016591.233098428m

ISL INFORMATION
  > Total ISLs............. 3168
  > Min. ISLs/satellite.... 4
  > Max. ISLs/satellite.... 4

GSL INTERFACE INFORMATION
  > Min. GSL IFs/satellite........ 1
  > Max. GSL IFs/satellite........ 1
  > Min. GSL IFs/ground station... 1
  > Max. GSL IFs/ground_station... 1

GSL IN-RANGE INFORMATION
  > Min. satellites in range... 5
  > Max. satellites in range... 19
[MODE] SP_OVER_PID_QUOTIENT=True
  > Calculating Floyd-Warshall for graph without ground-station relays
  > Writing forwarding state to: gen_data/starlink_550_isls_plus_grid_ground_stations_top_100_with_hsinchu_algorithm_hierarchical_virtual_gid_27deg_k1/dynamic_state_2000ms_for_200s/fstate_102000000000.txt
  > [SIGNALING] 累計統計: 9 事件, 0 字節
[STATS-DEBUG] 開始生成統計文件... PID=1714339, TID=130062513632320
[DEBUG] output_dynamic_state_dir: gen_data/starlink_550_isls_plus_grid_ground_stations_top_100_with_hsinchu_algorithm_hierarchical_virtual_gid_27deg_k1/dynamic_state_2000ms_for_200s
[DEBUG] k_best: 1
[DEBUG] scenario_info: ''
[DEBUG] temp_dir_name: temp_grhr_k1
  > [SIGNALING] 累計統計: 11 事件, 0 字節
FORWARDING STATE AT T = 104000000000ns (= 104.0 seconds)

BASIC INFORMATION
  > Epoch.................. 2000-01-01 00:00:00.000
  > Time since epoch....... 104000000000 ns
  > Absolute time.......... 2000-01-01 00:01:44.000
  > Satellites............. 1584
  > Ground stations........ 101
  > Max. range GSL......... 1089686.4181956202m
  > Max. range ISL......... 5016591.233098428m

ISL INFORMATION
  > Total ISLs............. 3168
  > Min. ISLs/satellite.... 4
  > Max. ISLs/satellite.... 4

GSL INTERFACE INFORMATION
  > Min. GSL IFs/satellite........ 1
  > Max. GSL IFs/satellite........ 1
  > Min. GSL IFs/ground station... 1
  > Max. GSL IFs/ground_station... 1

GSL IN-RANGE INFORMATION
  > Min. satellites in range... 5
  > Max. satellites in range... 19
[MODE] SP_OVER_PID_QUOTIENT=True
  > Calculating Floyd-Warshall for graph without ground-station relays
  > Writing forwarding state to: gen_data/starlink_550_isls_plus_grid_ground_stations_top_100_with_hsinchu_algorithm_hierarchical_virtual_gid_27deg_k1/dynamic_state_2000ms_for_200s/fstate_104000000000.txt
  > [SIGNALING] 累計統計: 14 事件, 0 字節
[STATS-DEBUG] 開始生成統計文件... PID=1714339, TID=130062513632320
[DEBUG] output_dynamic_state_dir: gen_data/starlink_550_isls_plus_grid_ground_stations_top_100_with_hsinchu_algorithm_hierarchical_virtual_gid_27deg_k1/dynamic_state_2000ms_for_200s
[DEBUG] k_best: 1
[DEBUG] scenario_info: ''
[DEBUG] temp_dir_name: temp_grhr_k1
  > [SIGNALING] 累計統計: 16 事件, 0 字節
FORWARDING STATE AT T = 106000000000ns (= 106.0 seconds)

BASIC INFORMATION
  > Epoch.................. 2000-01-01 00:00:00.000
  > Time since epoch....... 106000000000 ns
  > Absolute time.......... 2000-01-01 00:01:46.000
  > Satellites............. 1584
  > Ground stations........ 101
  > Max. range GSL......... 1089686.4181956202m
  > Max. range ISL......... 5016591.233098428m

ISL INFORMATION
  > Total ISLs............. 3168
  > Min. ISLs/satellite.... 4
  > Max. ISLs/satellite.... 4

GSL INTERFACE INFORMATION
  > Min. GSL IFs/satellite........ 1
  > Max. GSL IFs/satellite........ 1
  > Min. GSL IFs/ground station... 1
  > Max. GSL IFs/ground_station... 1

GSL IN-RANGE INFORMATION
  > Min. satellites in range... 5
  > Max. satellites in range... 19
[MODE] SP_OVER_PID_QUOTIENT=True
  > Calculating Floyd-Warshall for graph without ground-station relays
  > Writing forwarding state to: gen_data/starlink_550_isls_plus_grid_ground_stations_top_100_with_hsinchu_algorithm_hierarchical_virtual_gid_27deg_k1/dynamic_state_2000ms_for_200s/fstate_106000000000.txt
  > [SIGNALING] 累計統計: 19 事件, 0 字節
[STATS-DEBUG] 開始生成統計文件... PID=1714339, TID=130062513632320
[DEBUG] output_dynamic_state_dir: gen_data/starlink_550_isls_plus_grid_ground_stations_top_100_with_hsinchu_algorithm_hierarchical_virtual_gid_27deg_k1/dynamic_state_2000ms_for_200s
[DEBUG] k_best: 1
[DEBUG] scenario_info: ''
[DEBUG] temp_dir_name: temp_grhr_k1
  > [SIGNALING] 累計統計: 21 事件, 0 字節
FORWARDING STATE AT T = 108000000000ns (= 108.0 seconds)

BASIC INFORMATION
  > Epoch.................. 2000-01-01 00:00:00.000
  > Time since epoch....... 108000000000 ns
  > Absolute time.......... 2000-01-01 00:01:48.000
  > Satellites............. 1584
  > Ground stations........ 101
  > Max. range GSL......... 1089686.4181956202m
  > Max. range ISL......... 5016591.233098428m

ISL INFORMATION
  > Total ISLs............. 3168
  > Min. ISLs/satellite.... 4
  > Max. ISLs/satellite.... 4

GSL INTERFACE INFORMATION
  > Min. GSL IFs/satellite........ 1
  > Max. GSL IFs/satellite........ 1
  > Min. GSL IFs/ground station... 1
  > Max. GSL IFs/ground_station... 1

GSL IN-RANGE INFORMATION
  > Min. satellites in range... 5
  > Max. satellites in range... 19
[MODE] SP_OVER_PID_QUOTIENT=True
  > Calculating Floyd-Warshall for graph without ground-station relays
  > Writing forwarding state to: gen_data/starlink_550_isls_plus_grid_ground_stations_top_100_with_hsinchu_algorithm_hierarchical_virtual_gid_27deg_k1/dynamic_state_2000ms_for_200s/fstate_108000000000.txt
  > [SIGNALING] 累計統計: 24 事件, 0 字節
[STATS-DEBUG] 開始生成統計文件... PID=1714339, TID=130062513632320
[DEBUG] output_dynamic_state_dir: gen_data/starlink_550_isls_plus_grid_ground_stations_top_100_with_hsinchu_algorithm_hierarchical_virtual_gid_27deg_k1/dynamic_state_2000ms_for_200s
[DEBUG] k_best: 1
[DEBUG] scenario_info: ''
[DEBUG] temp_dir_name: temp_grhr_k1
  > [SIGNALING] 累計統計: 26 事件, 0 字節
FORWARDING STATE AT T = 110000000000ns (= 110.0 seconds)

BASIC INFORMATION
  > Epoch.................. 2000-01-01 00:00:00.000
  > Time since epoch....... 110000000000 ns
  > Absolute time.......... 2000-01-01 00:01:50.000
FORWARDING STATE AT T = 50000000000ns (= 50.0 seconds)

BASIC INFORMATION
  > Epoch.................. 2000-01-01 00:00:00.000
  > Time since epoch....... 50000000000 ns
  > Absolute time.......... 2000-01-01 00:00:50.000
  > Satellites............. 1584
  > Ground stations........ 101
  > Max. range GSL......... 1089686.4181956202m
  > Max. range ISL......... 5016591.233098428m

ISL INFORMATION
  > Total ISLs............. 3168
  > Min. ISLs/satellite.... 4
  > Max. ISLs/satellite.... 4

GSL INTERFACE INFORMATION
  > Min. GSL IFs/satellite........ 1
  > Max. GSL IFs/satellite........ 1
  > Min. GSL IFs/ground station... 1
  > Max. GSL IFs/ground_station... 1

GSL IN-RANGE INFORMATION
  > Min. satellites in range... 2
  > Max. satellites in range... 20

============================================================
🐒 CHAOS MONKEY CONFIGURATION
============================================================
  ENABLE_CHAOS_MONKEY       = True
  CHAOS_FAILURE_RATE        = 0.01 (1.0%)
  CHAOS_INTERVAL_SNAPSHOTS  = 1 (every 0.1s)
  CHAOS_LOG_FILE            = ../../logs/chaos_p1_k1.log
============================================================

[MODE] SP_OVER_PID_QUOTIENT=True
  > Calculating Floyd-Warshall for graph without ground-station relays
  > Writing forwarding state to: gen_data/starlink_550_isls_plus_grid_ground_stations_top_100_with_hsinchu_algorithm_hierarchical_virtual_gid_27deg_k1/dynamic_state_2000ms_for_200s/fstate_50000000000.txt
  > [SIGNALING] 累計統計: 4 事件, 0 字節
[STATS-DEBUG] 開始生成統計文件... PID=1714338, TID=130062513632320
[DEBUG] output_dynamic_state_dir: gen_data/starlink_550_isls_plus_grid_ground_stations_top_100_with_hsinchu_algorithm_hierarchical_virtual_gid_27deg_k1/dynamic_state_2000ms_for_200s
[DEBUG] k_best: 1
[DEBUG] scenario_info: ''
[DEBUG] temp_dir_name: temp_grhr_k1
  > [SIGNALING] 累計統計: 6 事件, 0 字節
FORWARDING STATE AT T = 52000000000ns (= 52.0 seconds)

BASIC INFORMATION
  > Epoch.................. 2000-01-01 00:00:00.000
  > Time since epoch....... 52000000000 ns
  > Absolute time.......... 2000-01-01 00:00:52.000
  > Satellites............. 1584
  > Ground stations........ 101
  > Max. range GSL......... 1089686.4181956202m
  > Max. range ISL......... 5016591.233098428m

ISL INFORMATION
  > Total ISLs............. 3168
  > Min. ISLs/satellite.... 4
  > Max. ISLs/satellite.... 4

GSL INTERFACE INFORMATION
  > Min. GSL IFs/satellite........ 1
  > Max. GSL IFs/satellite........ 1
  > Min. GSL IFs/ground station... 1
  > Max. GSL IFs/ground_station... 1

GSL IN-RANGE INFORMATION
  > Min. satellites in range... 2
  > Max. satellites in range... 20
[MODE] SP_OVER_PID_QUOTIENT=True
  > Calculating Floyd-Warshall for graph without ground-station relays
  > Writing forwarding state to: gen_data/starlink_550_isls_plus_grid_ground_stations_top_100_with_hsinchu_algorithm_hierarchical_virtual_gid_27deg_k1/dynamic_state_2000ms_for_200s/fstate_52000000000.txt
  > [SIGNALING] 累計統計: 9 事件, 0 字節
[STATS-DEBUG] 開始生成統計文件... PID=1714338, TID=130062513632320
[DEBUG] output_dynamic_state_dir: gen_data/starlink_550_isls_plus_grid_ground_stations_top_100_with_hsinchu_algorithm_hierarchical_virtual_gid_27deg_k1/dynamic_state_2000ms_for_200s
[DEBUG] k_best: 1
[DEBUG] scenario_info: ''
[DEBUG] temp_dir_name: temp_grhr_k1
  > [SIGNALING] 累計統計: 11 事件, 0 字節
FORWARDING STATE AT T = 54000000000ns (= 54.0 seconds)

BASIC INFORMATION
  > Epoch.................. 2000-01-01 00:00:00.000
  > Time since epoch....... 54000000000 ns
  > Absolute time.......... 2000-01-01 00:00:54.000
  > Satellites............. 1584
  > Ground stations........ 101
  > Max. range GSL......... 1089686.4181956202m
  > Max. range ISL......... 5016591.233098428m

ISL INFORMATION
  > Total ISLs............. 3168
  > Min. ISLs/satellite.... 4
  > Max. ISLs/satellite.... 4

GSL INTERFACE INFORMATION
  > Min. GSL IFs/satellite........ 1
  > Max. GSL IFs/satellite........ 1
  > Min. GSL IFs/ground station... 1
  > Max. GSL IFs/ground_station... 1

GSL IN-RANGE INFORMATION
  > Min. satellites in range... 2
  > Max. satellites in range... 20
[MODE] SP_OVER_PID_QUOTIENT=True
  > Calculating Floyd-Warshall for graph without ground-station relays
  > Writing forwarding state to: gen_data/starlink_550_isls_plus_grid_ground_stations_top_100_with_hsinchu_algorithm_hierarchical_virtual_gid_27deg_k1/dynamic_state_2000ms_for_200s/fstate_54000000000.txt
  > [SIGNALING] 累計統計: 14 事件, 0 字節
[STATS-DEBUG] 開始生成統計文件... PID=1714338, TID=130062513632320
[DEBUG] output_dynamic_state_dir: gen_data/starlink_550_isls_plus_grid_ground_stations_top_100_with_hsinchu_algorithm_hierarchical_virtual_gid_27deg_k1/dynamic_state_2000ms_for_200s
[DEBUG] k_best: 1
[DEBUG] scenario_info: ''
[DEBUG] temp_dir_name: temp_grhr_k1
  > [SIGNALING] 累計統計: 16 事件, 0 字節
FORWARDING STATE AT T = 56000000000ns (= 56.0 seconds)

BASIC INFORMATION
  > Epoch.................. 2000-01-01 00:00:00.000
  > Time since epoch....... 56000000000 ns
  > Absolute time.......... 2000-01-01 00:00:56.000
  > Satellites............. 1584
  > Ground stations........ 101
  > Max. range GSL......... 1089686.4181956202m
  > Max. range ISL......... 5016591.233098428m

ISL INFORMATION
  > Total ISLs............. 3168
  > Min. ISLs/satellite.... 4
  > Max. ISLs/satellite.... 4

GSL INTERFACE INFORMATION
  > Min. GSL IFs/satellite........ 1
  > Max. GSL IFs/satellite........ 1
  > Min. GSL IFs/ground station... 1
  > Max. GSL IFs/ground_station... 1

GSL IN-RANGE INFORMATION
  > Min. satellites in range... 2
  > Max. satellites in range... 20
[MODE] SP_OVER_PID_QUOTIENT=True
  > Calculating Floyd-Warshall for graph without ground-station relays
  > Writing forwarding state to: gen_data/starlink_550_isls_plus_grid_ground_stations_top_100_with_hsinchu_algorithm_hierarchical_virtual_gid_27deg_k1/dynamic_state_2000ms_for_200s/fstate_56000000000.txt
  > [SIGNALING] 累計統計: 19 事件, 0 字節
[STATS-DEBUG] 開始生成統計文件... PID=1714338, TID=130062513632320
[DEBUG] output_dynamic_state_dir: gen_data/starlink_550_isls_plus_grid_ground_stations_top_100_with_hsinchu_algorithm_hierarchical_virtual_gid_27deg_k1/dynamic_state_2000ms_for_200s
[DEBUG] k_best: 1
[DEBUG] scenario_info: ''
[DEBUG] temp_dir_name: temp_grhr_k1
  > [SIGNALING] 累計統計: 21 事件, 0 字節
FORWARDING STATE AT T = 58000000000ns (= 58.0 seconds)

BASIC INFORMATION
  > Epoch.................. 2000-01-01 00:00:00.000
  > Time since epoch....... 58000000000 ns
  > Absolute time.......... 2000-01-01 00:00:58.000
  > Satellites............. 1584
  > Ground stations........ 101
  > Max. range GSL......... 1089686.4181956202m
  > Max. range ISL......... 5016591.233098428m

ISL INFORMATION
  > Total ISLs............. 3168
  > Min. ISLs/satellite.... 4
  > Max. ISLs/satellite.... 4

GSL INTERFACE INFORMATION
  > Min. GSL IFs/satellite........ 1
  > Max. GSL IFs/satellite........ 1
  > Min. GSL IFs/ground station... 1
  > Max. GSL IFs/ground_station... 1

GSL IN-RANGE INFORMATION
  > Min. satellites in range... 3
  > Max. satellites in range... 20
[MODE] SP_OVER_PID_QUOTIENT=True
  > Calculating Floyd-Warshall for graph without ground-station relays
  > Writing forwarding state to: gen_data/starlink_550_isls_plus_grid_ground_stations_top_100_with_hsinchu_algorithm_hierarchical_virtual_gid_27deg_k1/dynamic_state_2000ms_for_200s/fstate_58000000000.txt
  > [SIGNALING] 累計統計: 24 事件, 0 字節
[STATS-DEBUG] 開始生成統計文件... PID=1714338, TID=130062513632320
[DEBUG] output_dynamic_state_dir: gen_data/starlink_550_isls_plus_grid_ground_stations_top_100_with_hsinchu_algorithm_hierarchical_virtual_gid_27deg_k1/dynamic_state_2000ms_for_200s
[DEBUG] k_best: 1
[DEBUG] scenario_info: ''
[DEBUG] temp_dir_name: temp_grhr_k1
  > [SIGNALING] 累計統計: 26 事件, 0 字節
FORWARDING STATE AT T = 60000000000ns (= 60.0 seconds)

BASIC INFORMATION
  > Epoch.................. 2000-01-01 00:00:00.000
  > Time since epoch....... 60000000000 ns
  > Absolute time.......... 2000-01-01 00:01:00.000
  > Satellites............. 1584
  > Satellites............. 1584
  > Ground stations........ 101
  > Max. range GSL......... 1089686.4181956202m
  > Max. range ISL......... 5016591.233098428m

ISL INFORMATION
  > Total ISLs............. 3168
  > Min. ISLs/satellite.... 4
  > Max. ISLs/satellite.... 4

GSL INTERFACE INFORMATION
  > Min. GSL IFs/satellite........ 1
  > Max. GSL IFs/satellite........ 1
  > Min. GSL IFs/ground station... 1
  > Max. GSL IFs/ground_station... 1

GSL IN-RANGE INFORMATION
  > Min. satellites in range... 5
  > Max. satellites in range... 19
[MODE] SP_OVER_PID_QUOTIENT=True
  > Calculating Floyd-Warshall for graph without ground-station relays
  > Writing forwarding state to: gen_data/starlink_550_isls_plus_grid_ground_stations_top_100_with_hsinchu_algorithm_hierarchical_virtual_gid_27deg_k1/dynamic_state_2000ms_for_200s/fstate_160000000000.txt
  > [SIGNALING] 累計統計: 29 事件, 0 字節
[STATS-DEBUG] 開始生成統計文件... PID=1714340, TID=130062513632320
[DEBUG] output_dynamic_state_dir: gen_data/starlink_550_isls_plus_grid_ground_stations_top_100_with_hsinchu_algorithm_hierarchical_virtual_gid_27deg_k1/dynamic_state_2000ms_for_200s
[DEBUG] k_best: 1
[DEBUG] scenario_info: ''
[DEBUG] temp_dir_name: temp_grhr_k1
  > [SIGNALING] 累計統計: 31 事件, 0 字節
FORWARDING STATE AT T = 162000000000ns (= 162.0 seconds)

BASIC INFORMATION
  > Epoch.................. 2000-01-01 00:00:00.000
  > Time since epoch....... 162000000000 ns
  > Absolute time.......... 2000-01-01 00:02:42.000
  > Satellites............. 1584
  > Ground stations........ 101
  > Max. range GSL......... 1089686.4181956202m
  > Max. range ISL......... 5016591.233098428m

ISL INFORMATION
  > Total ISLs............. 3168
  > Min. ISLs/satellite.... 4
  > Max. ISLs/satellite.... 4

GSL INTERFACE INFORMATION
  > Min. GSL IFs/satellite........ 1
  > Max. GSL IFs/satellite........ 1
  > Min. GSL IFs/ground station... 1
  > Max. GSL IFs/ground_station... 1

GSL IN-RANGE INFORMATION
  > Min. satellites in range... 5
  > Max. satellites in range... 19
[MODE] SP_OVER_PID_QUOTIENT=True
  > Calculating Floyd-Warshall for graph without ground-station relays
  > Writing forwarding state to: gen_data/starlink_550_isls_plus_grid_ground_stations_top_100_with_hsinchu_algorithm_hierarchical_virtual_gid_27deg_k1/dynamic_state_2000ms_for_200s/fstate_162000000000.txt
  > [SIGNALING] 累計統計: 34 事件, 0 字節
[STATS-DEBUG] 開始生成統計文件... PID=1714340, TID=130062513632320
[DEBUG] output_dynamic_state_dir: gen_data/starlink_550_isls_plus_grid_ground_stations_top_100_with_hsinchu_algorithm_hierarchical_virtual_gid_27deg_k1/dynamic_state_2000ms_for_200s
[DEBUG] k_best: 1
[DEBUG] scenario_info: ''
[DEBUG] temp_dir_name: temp_grhr_k1
  > [SIGNALING] 累計統計: 36 事件, 0 字節
FORWARDING STATE AT T = 164000000000ns (= 164.0 seconds)

BASIC INFORMATION
  > Epoch.................. 2000-01-01 00:00:00.000
  > Time since epoch....... 164000000000 ns
  > Absolute time.......... 2000-01-01 00:02:44.000
  > Satellites............. 1584
  > Ground stations........ 101
  > Max. range GSL......... 1089686.4181956202m
  > Max. range ISL......... 5016591.233098428m

ISL INFORMATION
  > Total ISLs............. 3168
  > Min. ISLs/satellite.... 4
  > Max. ISLs/satellite.... 4

GSL INTERFACE INFORMATION
  > Min. GSL IFs/satellite........ 1
  > Max. GSL IFs/satellite........ 1
  > Min. GSL IFs/ground station... 1
  > Max. GSL IFs/ground_station... 1

GSL IN-RANGE INFORMATION
  > Min. satellites in range... 5
  > Max. satellites in range... 20
[MODE] SP_OVER_PID_QUOTIENT=True
  > Calculating Floyd-Warshall for graph without ground-station relays
  > Writing forwarding state to: gen_data/starlink_550_isls_plus_grid_ground_stations_top_100_with_hsinchu_algorithm_hierarchical_virtual_gid_27deg_k1/dynamic_state_2000ms_for_200s/fstate_164000000000.txt
  > [SIGNALING] 累計統計: 39 事件, 0 字節
[STATS-DEBUG] 開始生成統計文件... PID=1714340, TID=130062513632320
[DEBUG] output_dynamic_state_dir: gen_data/starlink_550_isls_plus_grid_ground_stations_top_100_with_hsinchu_algorithm_hierarchical_virtual_gid_27deg_k1/dynamic_state_2000ms_for_200s
[DEBUG] k_best: 1
[DEBUG] scenario_info: ''
[DEBUG] temp_dir_name: temp_grhr_k1
  > [SIGNALING] 累計統計: 41 事件, 0 字節
FORWARDING STATE AT T = 166000000000ns (= 166.0 seconds)

BASIC INFORMATION
  > Epoch.................. 2000-01-01 00:00:00.000
  > Time since epoch....... 166000000000 ns
  > Absolute time.......... 2000-01-01 00:02:46.000
  > Satellites............. 1584
  > Ground stations........ 101
  > Max. range GSL......... 1089686.4181956202m
  > Max. range ISL......... 5016591.233098428m

ISL INFORMATION
  > Total ISLs............. 3168
  > Min. ISLs/satellite.... 4
  > Max. ISLs/satellite.... 4

GSL INTERFACE INFORMATION
  > Min. GSL IFs/satellite........ 1
  > Max. GSL IFs/satellite........ 1
  > Min. GSL IFs/ground station... 1
  > Max. GSL IFs/ground_station... 1

GSL IN-RANGE INFORMATION
  > Min. satellites in range... 5
  > Max. satellites in range... 20
[MODE] SP_OVER_PID_QUOTIENT=True
  > Calculating Floyd-Warshall for graph without ground-station relays
  > Writing forwarding state to: gen_data/starlink_550_isls_plus_grid_ground_stations_top_100_with_hsinchu_algorithm_hierarchical_virtual_gid_27deg_k1/dynamic_state_2000ms_for_200s/fstate_166000000000.txt
  > [SIGNALING] 累計統計: 44 事件, 0 字節
[STATS-DEBUG] 開始生成統計文件... PID=1714340, TID=130062513632320
[DEBUG] output_dynamic_state_dir: gen_data/starlink_550_isls_plus_grid_ground_stations_top_100_with_hsinchu_algorithm_hierarchical_virtual_gid_27deg_k1/dynamic_state_2000ms_for_200s
[DEBUG] k_best: 1
[DEBUG] scenario_info: ''
[DEBUG] temp_dir_name: temp_grhr_k1
  > [SIGNALING] 累計統計: 46 事件, 0 字節
FORWARDING STATE AT T = 168000000000ns (= 168.0 seconds)

BASIC INFORMATION
  > Epoch.................. 2000-01-01 00:00:00.000
  > Time since epoch....... 168000000000 ns
  > Absolute time.......... 2000-01-01 00:02:48.000
  > Satellites............. 1584
  > Ground stations........ 101
  > Max. range GSL......... 1089686.4181956202m
  > Max. range ISL......... 5016591.233098428m

ISL INFORMATION
  > Total ISLs............. 3168
  > Min. ISLs/satellite.... 4
  > Max. ISLs/satellite.... 4

GSL INTERFACE INFORMATION
  > Min. GSL IFs/satellite........ 1
  > Max. GSL IFs/satellite........ 1
  > Min. GSL IFs/ground station... 1
  > Max. GSL IFs/ground_station... 1

GSL IN-RANGE INFORMATION
  > Min. satellites in range... 4
  > Max. satellites in range... 19
[MODE] SP_OVER_PID_QUOTIENT=True
  > Calculating Floyd-Warshall for graph without ground-station relays
  > Writing forwarding state to: gen_data/starlink_550_isls_plus_grid_ground_stations_top_100_with_hsinchu_algorithm_hierarchical_virtual_gid_27deg_k1/dynamic_state_2000ms_for_200s/fstate_168000000000.txt
  > [SIGNALING] 累計統計: 49 事件, 0 字節
[STATS-DEBUG] 開始生成統計文件... PID=1714340, TID=130062513632320
[DEBUG] output_dynamic_state_dir: gen_data/starlink_550_isls_plus_grid_ground_stations_top_100_with_hsinchu_algorithm_hierarchical_virtual_gid_27deg_k1/dynamic_state_2000ms_for_200s
[DEBUG] k_best: 1
[DEBUG] scenario_info: ''
[DEBUG] temp_dir_name: temp_grhr_k1
  > [SIGNALING] 累計統計: 51 事件, 0 字節
FORWARDING STATE AT T = 170000000000ns (= 170.0 seconds)

BASIC INFORMATION
  > Epoch.................. 2000-01-01 00:00:00.000
  > Time since epoch....... 170000000000 ns
  > Absolute time.......... 2000-01-01 00:02:50.000
  > Satellites............. 1584
  > Ground stations........ 101
  > Max. range GSL......... 1089686.4181956202m
  > Max. range ISL......... 5016591.233098428m

ISL INFORMATION
  > Total ISLs............. 3168
  > Min. ISLs/satellite.... 4
  > Max. ISLs/satellite.... 4

GSL INTERFACE INFORMATION
  > Min. GSL IFs/satellite........ 1
  > Max. GSL IFs/satellite........ 1
  > Min. GSL IFs/ground station... 1
  > Max. GSL IFs/ground_station... 1

GSL IN-RANGE INFORMATION
  > Min. satellites in range... 4
  > Max. satellites in range... 20
[MODE] SP_OVER_PID_QUOTIENT=True
  > Satellites............. 1584
  > Ground stations........ 101
  > Max. range GSL......... 1089686.4181956202m
  > Max. range ISL......... 5016591.233098428m

ISL INFORMATION
  > Total ISLs............. 3168
  > Min. ISLs/satellite.... 4
  > Max. ISLs/satellite.... 4

GSL INTERFACE INFORMATION
  > Min. GSL IFs/satellite........ 1
  > Max. GSL IFs/satellite........ 1
  > Min. GSL IFs/ground station... 1
  > Max. GSL IFs/ground_station... 1

GSL IN-RANGE INFORMATION
  > Min. satellites in range... 4
  > Max. satellites in range... 20
[MODE] SP_OVER_PID_QUOTIENT=True
  > Calculating Floyd-Warshall for graph without ground-station relays
  > Writing forwarding state to: gen_data/starlink_550_isls_plus_grid_ground_stations_top_100_with_hsinchu_algorithm_hierarchical_virtual_gid_27deg_k1/dynamic_state_2000ms_for_200s/fstate_110000000000.txt
  > [SIGNALING] 累計統計: 29 事件, 0 字節
[STATS-DEBUG] 開始生成統計文件... PID=1714339, TID=130062513632320
[DEBUG] output_dynamic_state_dir: gen_data/starlink_550_isls_plus_grid_ground_stations_top_100_with_hsinchu_algorithm_hierarchical_virtual_gid_27deg_k1/dynamic_state_2000ms_for_200s
[DEBUG] k_best: 1
[DEBUG] scenario_info: ''
[DEBUG] temp_dir_name: temp_grhr_k1
  > [SIGNALING] 累計統計: 31 事件, 0 字節
FORWARDING STATE AT T = 112000000000ns (= 112.0 seconds)

BASIC INFORMATION
  > Epoch.................. 2000-01-01 00:00:00.000
  > Time since epoch....... 112000000000 ns
  > Absolute time.......... 2000-01-01 00:01:52.000
  > Satellites............. 1584
  > Ground stations........ 101
  > Max. range GSL......... 1089686.4181956202m
  > Max. range ISL......... 5016591.233098428m

ISL INFORMATION
  > Total ISLs............. 3168
  > Min. ISLs/satellite.... 4
  > Max. ISLs/satellite.... 4

GSL INTERFACE INFORMATION
  > Min. GSL IFs/satellite........ 1
  > Max. GSL IFs/satellite........ 1
  > Min. GSL IFs/ground station... 1
  > Max. GSL IFs/ground_station... 1

GSL IN-RANGE INFORMATION
  > Min. satellites in range... 4
  > Max. satellites in range... 20
[MODE] SP_OVER_PID_QUOTIENT=True
  > Calculating Floyd-Warshall for graph without ground-station relays
  > Writing forwarding state to: gen_data/starlink_550_isls_plus_grid_ground_stations_top_100_with_hsinchu_algorithm_hierarchical_virtual_gid_27deg_k1/dynamic_state_2000ms_for_200s/fstate_112000000000.txt
  > [SIGNALING] 累計統計: 34 事件, 0 字節
[STATS-DEBUG] 開始生成統計文件... PID=1714339, TID=130062513632320
[DEBUG] output_dynamic_state_dir: gen_data/starlink_550_isls_plus_grid_ground_stations_top_100_with_hsinchu_algorithm_hierarchical_virtual_gid_27deg_k1/dynamic_state_2000ms_for_200s
[DEBUG] k_best: 1
[DEBUG] scenario_info: ''
[DEBUG] temp_dir_name: temp_grhr_k1
  > [SIGNALING] 累計統計: 36 事件, 0 字節
FORWARDING STATE AT T = 114000000000ns (= 114.0 seconds)

BASIC INFORMATION
  > Epoch.................. 2000-01-01 00:00:00.000
  > Time since epoch....... 114000000000 ns
  > Absolute time.......... 2000-01-01 00:01:54.000
  > Satellites............. 1584
  > Ground stations........ 101
  > Max. range GSL......... 1089686.4181956202m
  > Max. range ISL......... 5016591.233098428m

ISL INFORMATION
  > Total ISLs............. 3168
  > Min. ISLs/satellite.... 4
  > Max. ISLs/satellite.... 4

GSL INTERFACE INFORMATION
  > Min. GSL IFs/satellite........ 1
  > Max. GSL IFs/satellite........ 1
  > Min. GSL IFs/ground station... 1
  > Max. GSL IFs/ground_station... 1

GSL IN-RANGE INFORMATION
  > Min. satellites in range... 4
  > Max. satellites in range... 20
[MODE] SP_OVER_PID_QUOTIENT=True
  > Calculating Floyd-Warshall for graph without ground-station relays
  > Writing forwarding state to: gen_data/starlink_550_isls_plus_grid_ground_stations_top_100_with_hsinchu_algorithm_hierarchical_virtual_gid_27deg_k1/dynamic_state_2000ms_for_200s/fstate_114000000000.txt
  > [SIGNALING] 累計統計: 39 事件, 0 字節
[STATS-DEBUG] 開始生成統計文件... PID=1714339, TID=130062513632320
[DEBUG] output_dynamic_state_dir: gen_data/starlink_550_isls_plus_grid_ground_stations_top_100_with_hsinchu_algorithm_hierarchical_virtual_gid_27deg_k1/dynamic_state_2000ms_for_200s
[DEBUG] k_best: 1
[DEBUG] scenario_info: ''
[DEBUG] temp_dir_name: temp_grhr_k1
  > [SIGNALING] 累計統計: 41 事件, 0 字節
FORWARDING STATE AT T = 116000000000ns (= 116.0 seconds)

BASIC INFORMATION
  > Epoch.................. 2000-01-01 00:00:00.000
  > Time since epoch....... 116000000000 ns
  > Absolute time.......... 2000-01-01 00:01:56.000
  > Satellites............. 1584
  > Ground stations........ 101
  > Max. range GSL......... 1089686.4181956202m
  > Max. range ISL......... 5016591.233098428m

ISL INFORMATION
  > Total ISLs............. 3168
  > Min. ISLs/satellite.... 4
  > Max. ISLs/satellite.... 4

GSL INTERFACE INFORMATION
  > Min. GSL IFs/satellite........ 1
  > Max. GSL IFs/satellite........ 1
  > Min. GSL IFs/ground station... 1
  > Max. GSL IFs/ground_station... 1

GSL IN-RANGE INFORMATION
  > Min. satellites in range... 4
  > Max. satellites in range... 20
[MODE] SP_OVER_PID_QUOTIENT=True
  > Calculating Floyd-Warshall for graph without ground-station relays
  > Writing forwarding state to: gen_data/starlink_550_isls_plus_grid_ground_stations_top_100_with_hsinchu_algorithm_hierarchical_virtual_gid_27deg_k1/dynamic_state_2000ms_for_200s/fstate_116000000000.txt
  > [SIGNALING] 累計統計: 44 事件, 0 字節
[STATS-DEBUG] 開始生成統計文件... PID=1714339, TID=130062513632320
[DEBUG] output_dynamic_state_dir: gen_data/starlink_550_isls_plus_grid_ground_stations_top_100_with_hsinchu_algorithm_hierarchical_virtual_gid_27deg_k1/dynamic_state_2000ms_for_200s
[DEBUG] k_best: 1
[DEBUG] scenario_info: ''
[DEBUG] temp_dir_name: temp_grhr_k1
  > [SIGNALING] 累計統計: 46 事件, 0 字節
FORWARDING STATE AT T = 118000000000ns (= 118.0 seconds)

BASIC INFORMATION
  > Epoch.................. 2000-01-01 00:00:00.000
  > Time since epoch....... 118000000000 ns
  > Absolute time.......... 2000-01-01 00:01:58.000
  > Satellites............. 1584
  > Ground stations........ 101
  > Max. range GSL......... 1089686.4181956202m
  > Max. range ISL......... 5016591.233098428m

ISL INFORMATION
  > Total ISLs............. 3168
  > Min. ISLs/satellite.... 4
  > Max. ISLs/satellite.... 4

GSL INTERFACE INFORMATION
  > Min. GSL IFs/satellite........ 1
  > Max. GSL IFs/satellite........ 1
  > Min. GSL IFs/ground station... 1
  > Max. GSL IFs/ground_station... 1

GSL IN-RANGE INFORMATION
  > Min. satellites in range... 4
  > Max. satellites in range... 20
[MODE] SP_OVER_PID_QUOTIENT=True
  > Calculating Floyd-Warshall for graph without ground-station relays
  > Writing forwarding state to: gen_data/starlink_550_isls_plus_grid_ground_stations_top_100_with_hsinchu_algorithm_hierarchical_virtual_gid_27deg_k1/dynamic_state_2000ms_for_200s/fstate_118000000000.txt
  > [SIGNALING] 累計統計: 49 事件, 0 字節
[STATS-DEBUG] 開始生成統計文件... PID=1714339, TID=130062513632320
[DEBUG] output_dynamic_state_dir: gen_data/starlink_550_isls_plus_grid_ground_stations_top_100_with_hsinchu_algorithm_hierarchical_virtual_gid_27deg_k1/dynamic_state_2000ms_for_200s
[DEBUG] k_best: 1
[DEBUG] scenario_info: ''
[DEBUG] temp_dir_name: temp_grhr_k1
  > [SIGNALING] 累計統計: 51 事件, 0 字節
FORWARDING STATE AT T = 120000000000ns (= 120.0 seconds)

BASIC INFORMATION
  > Epoch.................. 2000-01-01 00:00:00.000
  > Time since epoch....... 120000000000 ns
  > Absolute time.......... 2000-01-01 00:02:00.000
  > Satellites............. 1584
  > Ground stations........ 101
  > Max. range GSL......... 1089686.4181956202m
  > Max. range ISL......... 5016591.233098428m

ISL INFORMATION
  > Total ISLs............. 3168
  > Min. ISLs/satellite.... 4
  > Max. ISLs/satellite.... 4

GSL INTERFACE INFORMATION
  > Min. GSL IFs/satellite........ 1
  > Max. GSL IFs/satellite........ 1
  > Min. GSL IFs/ground station... 1
  > Max. GSL IFs/ground_station... 1

GSL IN-RANGE INFORMATION
  > Min. satellites in range... 4
  > Max. satellites in range... 20
[MODE] SP_OVER_PID_QUOTIENT=True
  > Ground stations........ 101
  > Max. range GSL......... 1089686.4181956202m
  > Max. range ISL......... 5016591.233098428m

ISL INFORMATION
  > Total ISLs............. 3168
  > Min. ISLs/satellite.... 4
  > Max. ISLs/satellite.... 4

GSL INTERFACE INFORMATION
  > Min. GSL IFs/satellite........ 1
  > Max. GSL IFs/satellite........ 1
  > Min. GSL IFs/ground station... 1
  > Max. GSL IFs/ground_station... 1

GSL IN-RANGE INFORMATION
  > Min. satellites in range... 3
  > Max. satellites in range... 20
[MODE] SP_OVER_PID_QUOTIENT=True
  > Calculating Floyd-Warshall for graph without ground-station relays
  > Writing forwarding state to: gen_data/starlink_550_isls_plus_grid_ground_stations_top_100_with_hsinchu_algorithm_hierarchical_virtual_gid_27deg_k1/dynamic_state_2000ms_for_200s/fstate_60000000000.txt
  > [SIGNALING] 累計統計: 29 事件, 0 字節
[STATS-DEBUG] 開始生成統計文件... PID=1714338, TID=130062513632320
[DEBUG] output_dynamic_state_dir: gen_data/starlink_550_isls_plus_grid_ground_stations_top_100_with_hsinchu_algorithm_hierarchical_virtual_gid_27deg_k1/dynamic_state_2000ms_for_200s
[DEBUG] k_best: 1
[DEBUG] scenario_info: ''
[DEBUG] temp_dir_name: temp_grhr_k1
  > [SIGNALING] 累計統計: 31 事件, 0 字節
FORWARDING STATE AT T = 62000000000ns (= 62.0 seconds)

BASIC INFORMATION
  > Epoch.................. 2000-01-01 00:00:00.000
  > Time since epoch....... 62000000000 ns
  > Absolute time.......... 2000-01-01 00:01:02.000
  > Satellites............. 1584
  > Ground stations........ 101
  > Max. range GSL......... 1089686.4181956202m
  > Max. range ISL......... 5016591.233098428m

ISL INFORMATION
  > Total ISLs............. 3168
  > Min. ISLs/satellite.... 4
  > Max. ISLs/satellite.... 4

GSL INTERFACE INFORMATION
  > Min. GSL IFs/satellite........ 1
  > Max. GSL IFs/satellite........ 1
  > Min. GSL IFs/ground station... 1
  > Max. GSL IFs/ground_station... 1

GSL IN-RANGE INFORMATION
  > Min. satellites in range... 3
  > Max. satellites in range... 21
[MODE] SP_OVER_PID_QUOTIENT=True
  > Calculating Floyd-Warshall for graph without ground-station relays
  > Writing forwarding state to: gen_data/starlink_550_isls_plus_grid_ground_stations_top_100_with_hsinchu_algorithm_hierarchical_virtual_gid_27deg_k1/dynamic_state_2000ms_for_200s/fstate_62000000000.txt
  > [SIGNALING] 累計統計: 34 事件, 0 字節
[STATS-DEBUG] 開始生成統計文件... PID=1714338, TID=130062513632320
[DEBUG] output_dynamic_state_dir: gen_data/starlink_550_isls_plus_grid_ground_stations_top_100_with_hsinchu_algorithm_hierarchical_virtual_gid_27deg_k1/dynamic_state_2000ms_for_200s
[DEBUG] k_best: 1
[DEBUG] scenario_info: ''
[DEBUG] temp_dir_name: temp_grhr_k1
  > [SIGNALING] 累計統計: 36 事件, 0 字節
FORWARDING STATE AT T = 64000000000ns (= 64.0 seconds)

BASIC INFORMATION
  > Epoch.................. 2000-01-01 00:00:00.000
  > Time since epoch....... 64000000000 ns
  > Absolute time.......... 2000-01-01 00:01:04.000
  > Satellites............. 1584
  > Ground stations........ 101
  > Max. range GSL......... 1089686.4181956202m
  > Max. range ISL......... 5016591.233098428m

ISL INFORMATION
  > Total ISLs............. 3168
  > Min. ISLs/satellite.... 4
  > Max. ISLs/satellite.... 4

GSL INTERFACE INFORMATION
  > Min. GSL IFs/satellite........ 1
  > Max. GSL IFs/satellite........ 1
  > Min. GSL IFs/ground station... 1
  > Max. GSL IFs/ground_station... 1

GSL IN-RANGE INFORMATION
  > Min. satellites in range... 3
  > Max. satellites in range... 20
[MODE] SP_OVER_PID_QUOTIENT=True
  > Calculating Floyd-Warshall for graph without ground-station relays
  > Writing forwarding state to: gen_data/starlink_550_isls_plus_grid_ground_stations_top_100_with_hsinchu_algorithm_hierarchical_virtual_gid_27deg_k1/dynamic_state_2000ms_for_200s/fstate_64000000000.txt
  > [SIGNALING] 累計統計: 39 事件, 0 字節
[STATS-DEBUG] 開始生成統計文件... PID=1714338, TID=130062513632320
[DEBUG] output_dynamic_state_dir: gen_data/starlink_550_isls_plus_grid_ground_stations_top_100_with_hsinchu_algorithm_hierarchical_virtual_gid_27deg_k1/dynamic_state_2000ms_for_200s
[DEBUG] k_best: 1
[DEBUG] scenario_info: ''
[DEBUG] temp_dir_name: temp_grhr_k1
  > [SIGNALING] 累計統計: 41 事件, 0 字節
FORWARDING STATE AT T = 66000000000ns (= 66.0 seconds)

BASIC INFORMATION
  > Epoch.................. 2000-01-01 00:00:00.000
  > Time since epoch....... 66000000000 ns
  > Absolute time.......... 2000-01-01 00:01:06.000
  > Satellites............. 1584
  > Ground stations........ 101
  > Max. range GSL......... 1089686.4181956202m
  > Max. range ISL......... 5016591.233098428m

ISL INFORMATION
  > Total ISLs............. 3168
  > Min. ISLs/satellite.... 4
  > Max. ISLs/satellite.... 4

GSL INTERFACE INFORMATION
  > Min. GSL IFs/satellite........ 1
  > Max. GSL IFs/satellite........ 1
  > Min. GSL IFs/ground station... 1
  > Max. GSL IFs/ground_station... 1

GSL IN-RANGE INFORMATION
  > Min. satellites in range... 3
  > Max. satellites in range... 20
[MODE] SP_OVER_PID_QUOTIENT=True
  > Calculating Floyd-Warshall for graph without ground-station relays
  > Writing forwarding state to: gen_data/starlink_550_isls_plus_grid_ground_stations_top_100_with_hsinchu_algorithm_hierarchical_virtual_gid_27deg_k1/dynamic_state_2000ms_for_200s/fstate_66000000000.txt
  > [SIGNALING] 累計統計: 44 事件, 0 字節
[STATS-DEBUG] 開始生成統計文件... PID=1714338, TID=130062513632320
[DEBUG] output_dynamic_state_dir: gen_data/starlink_550_isls_plus_grid_ground_stations_top_100_with_hsinchu_algorithm_hierarchical_virtual_gid_27deg_k1/dynamic_state_2000ms_for_200s
[DEBUG] k_best: 1
[DEBUG] scenario_info: ''
[DEBUG] temp_dir_name: temp_grhr_k1
  > [SIGNALING] 累計統計: 46 事件, 0 字節
FORWARDING STATE AT T = 68000000000ns (= 68.0 seconds)

BASIC INFORMATION
  > Epoch.................. 2000-01-01 00:00:00.000
  > Time since epoch....... 68000000000 ns
  > Absolute time.......... 2000-01-01 00:01:08.000
  > Satellites............. 1584
  > Ground stations........ 101
  > Max. range GSL......... 1089686.4181956202m
  > Max. range ISL......... 5016591.233098428m

ISL INFORMATION
  > Total ISLs............. 3168
  > Min. ISLs/satellite.... 4
  > Max. ISLs/satellite.... 4

GSL INTERFACE INFORMATION
  > Min. GSL IFs/satellite........ 1
  > Max. GSL IFs/satellite........ 1
  > Min. GSL IFs/ground station... 1
  > Max. GSL IFs/ground_station... 1

GSL IN-RANGE INFORMATION
  > Min. satellites in range... 3
  > Max. satellites in range... 20
[MODE] SP_OVER_PID_QUOTIENT=True
  > Calculating Floyd-Warshall for graph without ground-station relays
  > Writing forwarding state to: gen_data/starlink_550_isls_plus_grid_ground_stations_top_100_with_hsinchu_algorithm_hierarchical_virtual_gid_27deg_k1/dynamic_state_2000ms_for_200s/fstate_68000000000.txt
  > [SIGNALING] 累計統計: 49 事件, 0 字節
[STATS-DEBUG] 開始生成統計文件... PID=1714338, TID=130062513632320
[DEBUG] output_dynamic_state_dir: gen_data/starlink_550_isls_plus_grid_ground_stations_top_100_with_hsinchu_algorithm_hierarchical_virtual_gid_27deg_k1/dynamic_state_2000ms_for_200s
[DEBUG] k_best: 1
[DEBUG] scenario_info: ''
[DEBUG] temp_dir_name: temp_grhr_k1
  > [SIGNALING] 累計統計: 51 事件, 0 字節
FORWARDING STATE AT T = 70000000000ns (= 70.0 seconds)

BASIC INFORMATION
  > Epoch.................. 2000-01-01 00:00:00.000
  > Time since epoch....... 70000000000 ns
  > Absolute time.......... 2000-01-01 00:01:10.000
  > Satellites............. 1584
  > Ground stations........ 101
  > Max. range GSL......... 1089686.4181956202m
  > Max. range ISL......... 5016591.233098428m

ISL INFORMATION
  > Total ISLs............. 3168
  > Min. ISLs/satellite.... 4
  > Max. ISLs/satellite.... 4

GSL INTERFACE INFORMATION
  > Min. GSL IFs/satellite........ 1
  > Max. GSL IFs/satellite........ 1
  > Min. GSL IFs/ground station... 1
  > Max. GSL IFs/ground_station... 1

GSL IN-RANGE INFORMATION
  > Min. satellites in range... 3
  > Max. satellites in range... 21
[MODE] SP_OVER_PID_QUOTIENT=True
  > Calculating Floyd-Warshall for graph without ground-station relays
  > Max. range GSL......... 1089686.4181956202m
  > Max. range ISL......... 5016591.233098428m

ISL INFORMATION
  > Total ISLs............. 3168
  > Min. ISLs/satellite.... 4
  > Max. ISLs/satellite.... 4

GSL INTERFACE INFORMATION
  > Min. GSL IFs/satellite........ 1
  > Max. GSL IFs/satellite........ 1
  > Min. GSL IFs/ground station... 1
  > Max. GSL IFs/ground_station... 1

GSL IN-RANGE INFORMATION
  > Min. satellites in range... 4
  > Max. satellites in range... 20
[MODE] SP_OVER_PID_QUOTIENT=True
  > Calculating Floyd-Warshall for graph without ground-station relays
  > Writing forwarding state to: gen_data/starlink_550_isls_plus_grid_ground_stations_top_100_with_hsinchu_algorithm_hierarchical_virtual_gid_27deg_k1/dynamic_state_2000ms_for_200s/fstate_10000000000.txt
  > [SIGNALING] 累計統計: 29 事件, 0 字節
[STATS-DEBUG] 開始生成統計文件... PID=1714337, TID=130062513632320
[DEBUG] output_dynamic_state_dir: gen_data/starlink_550_isls_plus_grid_ground_stations_top_100_with_hsinchu_algorithm_hierarchical_virtual_gid_27deg_k1/dynamic_state_2000ms_for_200s
[DEBUG] k_best: 1
[DEBUG] scenario_info: ''
[DEBUG] temp_dir_name: temp_grhr_k1
  > [SIGNALING] 累計統計: 31 事件, 0 字節
FORWARDING STATE AT T = 12000000000ns (= 12.0 seconds)

BASIC INFORMATION
  > Epoch.................. 2000-01-01 00:00:00.000
  > Time since epoch....... 12000000000 ns
  > Absolute time.......... 2000-01-01 00:00:12.000
  > Satellites............. 1584
  > Ground stations........ 101
  > Max. range GSL......... 1089686.4181956202m
  > Max. range ISL......... 5016591.233098428m

ISL INFORMATION
  > Total ISLs............. 3168
  > Min. ISLs/satellite.... 4
  > Max. ISLs/satellite.... 4

GSL INTERFACE INFORMATION
  > Min. GSL IFs/satellite........ 1
  > Max. GSL IFs/satellite........ 1
  > Min. GSL IFs/ground station... 1
  > Max. GSL IFs/ground_station... 1

GSL IN-RANGE INFORMATION
  > Min. satellites in range... 4
  > Max. satellites in range... 20
[MODE] SP_OVER_PID_QUOTIENT=True
  > Calculating Floyd-Warshall for graph without ground-station relays
  > Writing forwarding state to: gen_data/starlink_550_isls_plus_grid_ground_stations_top_100_with_hsinchu_algorithm_hierarchical_virtual_gid_27deg_k1/dynamic_state_2000ms_for_200s/fstate_12000000000.txt
  > [SIGNALING] 累計統計: 34 事件, 0 字節
[STATS-DEBUG] 開始生成統計文件... PID=1714337, TID=130062513632320
[DEBUG] output_dynamic_state_dir: gen_data/starlink_550_isls_plus_grid_ground_stations_top_100_with_hsinchu_algorithm_hierarchical_virtual_gid_27deg_k1/dynamic_state_2000ms_for_200s
[DEBUG] k_best: 1
[DEBUG] scenario_info: ''
[DEBUG] temp_dir_name: temp_grhr_k1
  > [SIGNALING] 累計統計: 36 事件, 0 字節
FORWARDING STATE AT T = 14000000000ns (= 14.0 seconds)

BASIC INFORMATION
  > Epoch.................. 2000-01-01 00:00:00.000
  > Time since epoch....... 14000000000 ns
  > Absolute time.......... 2000-01-01 00:00:14.000
  > Satellites............. 1584
  > Ground stations........ 101
  > Max. range GSL......... 1089686.4181956202m
  > Max. range ISL......... 5016591.233098428m

ISL INFORMATION
  > Total ISLs............. 3168
  > Min. ISLs/satellite.... 4
  > Max. ISLs/satellite.... 4

GSL INTERFACE INFORMATION
  > Min. GSL IFs/satellite........ 1
  > Max. GSL IFs/satellite........ 1
  > Min. GSL IFs/ground station... 1
  > Max. GSL IFs/ground_station... 1

GSL IN-RANGE INFORMATION
  > Min. satellites in range... 4
  > Max. satellites in range... 20
[MODE] SP_OVER_PID_QUOTIENT=True
  > Calculating Floyd-Warshall for graph without ground-station relays
  > Writing forwarding state to: gen_data/starlink_550_isls_plus_grid_ground_stations_top_100_with_hsinchu_algorithm_hierarchical_virtual_gid_27deg_k1/dynamic_state_2000ms_for_200s/fstate_14000000000.txt
  > [SIGNALING] 累計統計: 39 事件, 0 字節
[STATS-DEBUG] 開始生成統計文件... PID=1714337, TID=130062513632320
[DEBUG] output_dynamic_state_dir: gen_data/starlink_550_isls_plus_grid_ground_stations_top_100_with_hsinchu_algorithm_hierarchical_virtual_gid_27deg_k1/dynamic_state_2000ms_for_200s
[DEBUG] k_best: 1
[DEBUG] scenario_info: ''
[DEBUG] temp_dir_name: temp_grhr_k1
  > [SIGNALING] 累計統計: 41 事件, 0 字節
FORWARDING STATE AT T = 16000000000ns (= 16.0 seconds)

BASIC INFORMATION
  > Epoch.................. 2000-01-01 00:00:00.000
  > Time since epoch....... 16000000000 ns
  > Absolute time.......... 2000-01-01 00:00:16.000
  > Satellites............. 1584
  > Ground stations........ 101
  > Max. range GSL......... 1089686.4181956202m
  > Max. range ISL......... 5016591.233098428m

ISL INFORMATION
  > Total ISLs............. 3168
  > Min. ISLs/satellite.... 4
  > Max. ISLs/satellite.... 4

GSL INTERFACE INFORMATION
  > Min. GSL IFs/satellite........ 1
  > Max. GSL IFs/satellite........ 1
  > Min. GSL IFs/ground station... 1
  > Max. GSL IFs/ground_station... 1

GSL IN-RANGE INFORMATION
  > Min. satellites in range... 4
  > Max. satellites in range... 20
[MODE] SP_OVER_PID_QUOTIENT=True
  > Calculating Floyd-Warshall for graph without ground-station relays
  > Writing forwarding state to: gen_data/starlink_550_isls_plus_grid_ground_stations_top_100_with_hsinchu_algorithm_hierarchical_virtual_gid_27deg_k1/dynamic_state_2000ms_for_200s/fstate_16000000000.txt
  > [SIGNALING] 累計統計: 44 事件, 0 字節
[STATS-DEBUG] 開始生成統計文件... PID=1714337, TID=130062513632320
[DEBUG] output_dynamic_state_dir: gen_data/starlink_550_isls_plus_grid_ground_stations_top_100_with_hsinchu_algorithm_hierarchical_virtual_gid_27deg_k1/dynamic_state_2000ms_for_200s
[DEBUG] k_best: 1
[DEBUG] scenario_info: ''
[DEBUG] temp_dir_name: temp_grhr_k1
  > [SIGNALING] 累計統計: 46 事件, 0 字節
FORWARDING STATE AT T = 18000000000ns (= 18.0 seconds)

BASIC INFORMATION
  > Epoch.................. 2000-01-01 00:00:00.000
  > Time since epoch....... 18000000000 ns
  > Absolute time.......... 2000-01-01 00:00:18.000
  > Satellites............. 1584
  > Ground stations........ 101
  > Max. range GSL......... 1089686.4181956202m
  > Max. range ISL......... 5016591.233098428m

ISL INFORMATION
  > Total ISLs............. 3168
  > Min. ISLs/satellite.... 4
  > Max. ISLs/satellite.... 4

GSL INTERFACE INFORMATION
  > Min. GSL IFs/satellite........ 1
  > Max. GSL IFs/satellite........ 1
  > Min. GSL IFs/ground station... 1
  > Max. GSL IFs/ground_station... 1

GSL IN-RANGE INFORMATION
  > Min. satellites in range... 4
  > Max. satellites in range... 20
[MODE] SP_OVER_PID_QUOTIENT=True
  > Calculating Floyd-Warshall for graph without ground-station relays
  > Writing forwarding state to: gen_data/starlink_550_isls_plus_grid_ground_stations_top_100_with_hsinchu_algorithm_hierarchical_virtual_gid_27deg_k1/dynamic_state_2000ms_for_200s/fstate_18000000000.txt
  > [SIGNALING] 累計統計: 49 事件, 0 字節
[STATS-DEBUG] 開始生成統計文件... PID=1714337, TID=130062513632320
[DEBUG] output_dynamic_state_dir: gen_data/starlink_550_isls_plus_grid_ground_stations_top_100_with_hsinchu_algorithm_hierarchical_virtual_gid_27deg_k1/dynamic_state_2000ms_for_200s
[DEBUG] k_best: 1
[DEBUG] scenario_info: ''
[DEBUG] temp_dir_name: temp_grhr_k1
  > [SIGNALING] 累計統計: 51 事件, 0 字節
FORWARDING STATE AT T = 20000000000ns (= 20.0 seconds)

BASIC INFORMATION
  > Epoch.................. 2000-01-01 00:00:00.000
  > Time since epoch....... 20000000000 ns
  > Absolute time.......... 2000-01-01 00:00:20.000
  > Satellites............. 1584
  > Ground stations........ 101
  > Max. range GSL......... 1089686.4181956202m
  > Max. range ISL......... 5016591.233098428m

ISL INFORMATION
  > Total ISLs............. 3168
  > Min. ISLs/satellite.... 4
  > Max. ISLs/satellite.... 4

GSL INTERFACE INFORMATION
  > Min. GSL IFs/satellite........ 1
  > Max. GSL IFs/satellite........ 1
  > Min. GSL IFs/ground station... 1
  > Max. GSL IFs/ground_station... 1

GSL IN-RANGE INFORMATION
  > Min. satellites in range... 4
  > Max. satellites in range... 20
[MODE] SP_OVER_PID_QUOTIENT=True
  > Calculating Floyd-Warshall for graph without ground-station relays
  > Calculating Floyd-Warshall for graph without ground-station relays
  > Writing forwarding state to: gen_data/starlink_550_isls_plus_grid_ground_stations_top_100_with_hsinchu_algorithm_hierarchical_virtual_gid_27deg_k1/dynamic_state_2000ms_for_200s/fstate_170000000000.txt
  > [SIGNALING] 累計統計: 54 事件, 0 字節
[STATS-DEBUG] 開始生成統計文件... PID=1714340, TID=130062513632320
[DEBUG] output_dynamic_state_dir: gen_data/starlink_550_isls_plus_grid_ground_stations_top_100_with_hsinchu_algorithm_hierarchical_virtual_gid_27deg_k1/dynamic_state_2000ms_for_200s
[DEBUG] k_best: 1
[DEBUG] scenario_info: ''
[DEBUG] temp_dir_name: temp_grhr_k1
  > [SIGNALING] 累計統計: 56 事件, 0 字節
FORWARDING STATE AT T = 172000000000ns (= 172.0 seconds)

BASIC INFORMATION
  > Epoch.................. 2000-01-01 00:00:00.000
  > Time since epoch....... 172000000000 ns
  > Absolute time.......... 2000-01-01 00:02:52.000
  > Satellites............. 1584
  > Ground stations........ 101
  > Max. range GSL......... 1089686.4181956202m
  > Max. range ISL......... 5016591.233098428m

ISL INFORMATION
  > Total ISLs............. 3168
  > Min. ISLs/satellite.... 4
  > Max. ISLs/satellite.... 4

GSL INTERFACE INFORMATION
  > Min. GSL IFs/satellite........ 1
  > Max. GSL IFs/satellite........ 1
  > Min. GSL IFs/ground station... 1
  > Max. GSL IFs/ground_station... 1

GSL IN-RANGE INFORMATION
  > Min. satellites in range... 4
  > Max. satellites in range... 20
[MODE] SP_OVER_PID_QUOTIENT=True
  > Calculating Floyd-Warshall for graph without ground-station relays
  > Writing forwarding state to: gen_data/starlink_550_isls_plus_grid_ground_stations_top_100_with_hsinchu_algorithm_hierarchical_virtual_gid_27deg_k1/dynamic_state_2000ms_for_200s/fstate_172000000000.txt
  > [SIGNALING] 累計統計: 59 事件, 0 字節
[STATS-DEBUG] 開始生成統計文件... PID=1714340, TID=130062513632320
[DEBUG] output_dynamic_state_dir: gen_data/starlink_550_isls_plus_grid_ground_stations_top_100_with_hsinchu_algorithm_hierarchical_virtual_gid_27deg_k1/dynamic_state_2000ms_for_200s
[DEBUG] k_best: 1
[DEBUG] scenario_info: ''
[DEBUG] temp_dir_name: temp_grhr_k1
  > [SIGNALING] 累計統計: 61 事件, 0 字節
FORWARDING STATE AT T = 174000000000ns (= 174.0 seconds)

BASIC INFORMATION
  > Epoch.................. 2000-01-01 00:00:00.000
  > Time since epoch....... 174000000000 ns
  > Absolute time.......... 2000-01-01 00:02:54.000
  > Satellites............. 1584
  > Ground stations........ 101
  > Max. range GSL......... 1089686.4181956202m
  > Max. range ISL......... 5016591.233098428m

ISL INFORMATION
  > Total ISLs............. 3168
  > Min. ISLs/satellite.... 4
  > Max. ISLs/satellite.... 4

GSL INTERFACE INFORMATION
  > Min. GSL IFs/satellite........ 1
  > Max. GSL IFs/satellite........ 1
  > Min. GSL IFs/ground station... 1
  > Max. GSL IFs/ground_station... 1

GSL IN-RANGE INFORMATION
  > Min. satellites in range... 4
  > Max. satellites in range... 20
[MODE] SP_OVER_PID_QUOTIENT=True
  > Calculating Floyd-Warshall for graph without ground-station relays
  > Writing forwarding state to: gen_data/starlink_550_isls_plus_grid_ground_stations_top_100_with_hsinchu_algorithm_hierarchical_virtual_gid_27deg_k1/dynamic_state_2000ms_for_200s/fstate_174000000000.txt
  > [SIGNALING] 累計統計: 64 事件, 0 字節
[STATS-DEBUG] 開始生成統計文件... PID=1714340, TID=130062513632320
[DEBUG] output_dynamic_state_dir: gen_data/starlink_550_isls_plus_grid_ground_stations_top_100_with_hsinchu_algorithm_hierarchical_virtual_gid_27deg_k1/dynamic_state_2000ms_for_200s
[DEBUG] k_best: 1
[DEBUG] scenario_info: ''
[DEBUG] temp_dir_name: temp_grhr_k1
  > [SIGNALING] 累計統計: 66 事件, 0 字節
FORWARDING STATE AT T = 176000000000ns (= 176.0 seconds)

BASIC INFORMATION
  > Epoch.................. 2000-01-01 00:00:00.000
  > Time since epoch....... 176000000000 ns
  > Absolute time.......... 2000-01-01 00:02:56.000
  > Satellites............. 1584
  > Ground stations........ 101
  > Max. range GSL......... 1089686.4181956202m
  > Max. range ISL......... 5016591.233098428m

ISL INFORMATION
  > Total ISLs............. 3168
  > Min. ISLs/satellite.... 4
  > Max. ISLs/satellite.... 4

GSL INTERFACE INFORMATION
  > Min. GSL IFs/satellite........ 1
  > Max. GSL IFs/satellite........ 1
  > Min. GSL IFs/ground station... 1
  > Max. GSL IFs/ground_station... 1

GSL IN-RANGE INFORMATION
  > Min. satellites in range... 4
  > Max. satellites in range... 20
[MODE] SP_OVER_PID_QUOTIENT=True
  > Calculating Floyd-Warshall for graph without ground-station relays
  > Writing forwarding state to: gen_data/starlink_550_isls_plus_grid_ground_stations_top_100_with_hsinchu_algorithm_hierarchical_virtual_gid_27deg_k1/dynamic_state_2000ms_for_200s/fstate_176000000000.txt
  > [SIGNALING] 累計統計: 69 事件, 0 字節
[STATS-DEBUG] 開始生成統計文件... PID=1714340, TID=130062513632320
[DEBUG] output_dynamic_state_dir: gen_data/starlink_550_isls_plus_grid_ground_stations_top_100_with_hsinchu_algorithm_hierarchical_virtual_gid_27deg_k1/dynamic_state_2000ms_for_200s
[DEBUG] k_best: 1
[DEBUG] scenario_info: ''
[DEBUG] temp_dir_name: temp_grhr_k1
  > [SIGNALING] 累計統計: 71 事件, 0 字節
FORWARDING STATE AT T = 178000000000ns (= 178.0 seconds)

BASIC INFORMATION
  > Epoch.................. 2000-01-01 00:00:00.000
  > Time since epoch....... 178000000000 ns
  > Absolute time.......... 2000-01-01 00:02:58.000
  > Satellites............. 1584
  > Ground stations........ 101
  > Max. range GSL......... 1089686.4181956202m
  > Max. range ISL......... 5016591.233098428m

ISL INFORMATION
  > Total ISLs............. 3168
  > Min. ISLs/satellite.... 4
  > Max. ISLs/satellite.... 4

GSL INTERFACE INFORMATION
  > Min. GSL IFs/satellite........ 1
  > Max. GSL IFs/satellite........ 1
  > Min. GSL IFs/ground station... 1
  > Max. GSL IFs/ground_station... 1

GSL IN-RANGE INFORMATION
  > Min. satellites in range... 4
  > Max. satellites in range... 20
[MODE] SP_OVER_PID_QUOTIENT=True
  > Calculating Floyd-Warshall for graph without ground-station relays
  > Writing forwarding state to: gen_data/starlink_550_isls_plus_grid_ground_stations_top_100_with_hsinchu_algorithm_hierarchical_virtual_gid_27deg_k1/dynamic_state_2000ms_for_200s/fstate_178000000000.txt
  > [SIGNALING] 累計統計: 74 事件, 0 字節
[STATS-DEBUG] 開始生成統計文件... PID=1714340, TID=130062513632320
[DEBUG] output_dynamic_state_dir: gen_data/starlink_550_isls_plus_grid_ground_stations_top_100_with_hsinchu_algorithm_hierarchical_virtual_gid_27deg_k1/dynamic_state_2000ms_for_200s
[DEBUG] k_best: 1
[DEBUG] scenario_info: ''
[DEBUG] temp_dir_name: temp_grhr_k1
  > [SIGNALING] 累計統計: 76 事件, 0 字節
FORWARDING STATE AT T = 180000000000ns (= 180.0 seconds)

BASIC INFORMATION
  > Epoch.................. 2000-01-01 00:00:00.000
  > Time since epoch....... 180000000000 ns
  > Absolute time.......... 2000-01-01 00:03:00.000
  > Satellites............. 1584
  > Ground stations........ 101
  > Max. range GSL......... 1089686.4181956202m
  > Max. range ISL......... 5016591.233098428m

ISL INFORMATION
  > Total ISLs............. 3168
  > Min. ISLs/satellite.... 4
  > Max. ISLs/satellite.... 4

GSL INTERFACE INFORMATION
  > Min. GSL IFs/satellite........ 1
  > Max. GSL IFs/satellite........ 1
  > Min. GSL IFs/ground station... 1
  > Max. GSL IFs/ground_station... 1

GSL IN-RANGE INFORMATION
  > Min. satellites in range... 4
  > Max. satellites in range... 20
[MODE] SP_OVER_PID_QUOTIENT=True
  > Calculating Floyd-Warshall for graph without ground-station relays
  > Writing forwarding state to: gen_data/starlink_550_isls_plus_grid_ground_stations_top_100_with_hsinchu_algorithm_hierarchical_virtual_gid_27deg_k1/dynamic_state_2000ms_for_200s/fstate_180000000000.txt
  > [SIGNALING] 累計統計: 79 事件, 0 字節
[STATS-DEBUG] 開始生成統計文件... PID=1714340, TID=130062513632320
[DEBUG] output_dynamic_state_dir: gen_data/starlink_550_isls_plus_grid_ground_stations_top_100_with_hsinchu_algorithm_hierarchical_virtual_gid_27deg_k1/dynamic_state_2000ms_for_200s
[DEBUG] k_best: 1
[DEBUG] scenario_info: ''
  > Calculating Floyd-Warshall for graph without ground-station relays
  > Writing forwarding state to: gen_data/starlink_550_isls_plus_grid_ground_stations_top_100_with_hsinchu_algorithm_hierarchical_virtual_gid_27deg_k1/dynamic_state_2000ms_for_200s/fstate_120000000000.txt
  > [SIGNALING] 累計統計: 54 事件, 0 字節
[STATS-DEBUG] 開始生成統計文件... PID=1714339, TID=130062513632320
[DEBUG] output_dynamic_state_dir: gen_data/starlink_550_isls_plus_grid_ground_stations_top_100_with_hsinchu_algorithm_hierarchical_virtual_gid_27deg_k1/dynamic_state_2000ms_for_200s
[DEBUG] k_best: 1
[DEBUG] scenario_info: ''
[DEBUG] temp_dir_name: temp_grhr_k1
  > [SIGNALING] 累計統計: 56 事件, 0 字節
FORWARDING STATE AT T = 122000000000ns (= 122.0 seconds)

BASIC INFORMATION
  > Epoch.................. 2000-01-01 00:00:00.000
  > Time since epoch....... 122000000000 ns
  > Absolute time.......... 2000-01-01 00:02:02.000
  > Satellites............. 1584
  > Ground stations........ 101
  > Max. range GSL......... 1089686.4181956202m
  > Max. range ISL......... 5016591.233098428m

ISL INFORMATION
  > Total ISLs............. 3168
  > Min. ISLs/satellite.... 4
  > Max. ISLs/satellite.... 4

GSL INTERFACE INFORMATION
  > Min. GSL IFs/satellite........ 1
  > Max. GSL IFs/satellite........ 1
  > Min. GSL IFs/ground station... 1
  > Max. GSL IFs/ground_station... 1

GSL IN-RANGE INFORMATION
  > Min. satellites in range... 4
  > Max. satellites in range... 20
[MODE] SP_OVER_PID_QUOTIENT=True
  > Calculating Floyd-Warshall for graph without ground-station relays
  > Writing forwarding state to: gen_data/starlink_550_isls_plus_grid_ground_stations_top_100_with_hsinchu_algorithm_hierarchical_virtual_gid_27deg_k1/dynamic_state_2000ms_for_200s/fstate_122000000000.txt
  > [SIGNALING] 累計統計: 59 事件, 0 字節
[STATS-DEBUG] 開始生成統計文件... PID=1714339, TID=130062513632320
[DEBUG] output_dynamic_state_dir: gen_data/starlink_550_isls_plus_grid_ground_stations_top_100_with_hsinchu_algorithm_hierarchical_virtual_gid_27deg_k1/dynamic_state_2000ms_for_200s
[DEBUG] k_best: 1
[DEBUG] scenario_info: ''
[DEBUG] temp_dir_name: temp_grhr_k1
  > [SIGNALING] 累計統計: 61 事件, 0 字節
FORWARDING STATE AT T = 124000000000ns (= 124.0 seconds)

BASIC INFORMATION
  > Epoch.................. 2000-01-01 00:00:00.000
  > Time since epoch....... 124000000000 ns
  > Absolute time.......... 2000-01-01 00:02:04.000
  > Satellites............. 1584
  > Ground stations........ 101
  > Max. range GSL......... 1089686.4181956202m
  > Max. range ISL......... 5016591.233098428m

ISL INFORMATION
  > Total ISLs............. 3168
  > Min. ISLs/satellite.... 4
  > Max. ISLs/satellite.... 4

GSL INTERFACE INFORMATION
  > Min. GSL IFs/satellite........ 1
  > Max. GSL IFs/satellite........ 1
  > Min. GSL IFs/ground station... 1
  > Max. GSL IFs/ground_station... 1

GSL IN-RANGE INFORMATION
  > Min. satellites in range... 4
  > Max. satellites in range... 20
[MODE] SP_OVER_PID_QUOTIENT=True
  > Calculating Floyd-Warshall for graph without ground-station relays
  > Writing forwarding state to: gen_data/starlink_550_isls_plus_grid_ground_stations_top_100_with_hsinchu_algorithm_hierarchical_virtual_gid_27deg_k1/dynamic_state_2000ms_for_200s/fstate_124000000000.txt
  > [SIGNALING] 累計統計: 64 事件, 0 字節
[STATS-DEBUG] 開始生成統計文件... PID=1714339, TID=130062513632320
[DEBUG] output_dynamic_state_dir: gen_data/starlink_550_isls_plus_grid_ground_stations_top_100_with_hsinchu_algorithm_hierarchical_virtual_gid_27deg_k1/dynamic_state_2000ms_for_200s
[DEBUG] k_best: 1
[DEBUG] scenario_info: ''
[DEBUG] temp_dir_name: temp_grhr_k1
  > [SIGNALING] 累計統計: 66 事件, 0 字節
FORWARDING STATE AT T = 126000000000ns (= 126.0 seconds)

BASIC INFORMATION
  > Epoch.................. 2000-01-01 00:00:00.000
  > Time since epoch....... 126000000000 ns
  > Absolute time.......... 2000-01-01 00:02:06.000
  > Satellites............. 1584
  > Ground stations........ 101
  > Max. range GSL......... 1089686.4181956202m
  > Max. range ISL......... 5016591.233098428m

ISL INFORMATION
  > Total ISLs............. 3168
  > Min. ISLs/satellite.... 4
  > Max. ISLs/satellite.... 4

GSL INTERFACE INFORMATION
  > Min. GSL IFs/satellite........ 1
  > Max. GSL IFs/satellite........ 1
  > Min. GSL IFs/ground station... 1
  > Max. GSL IFs/ground_station... 1

GSL IN-RANGE INFORMATION
  > Min. satellites in range... 3
  > Max. satellites in range... 20
[MODE] SP_OVER_PID_QUOTIENT=True
  > Calculating Floyd-Warshall for graph without ground-station relays
  > Writing forwarding state to: gen_data/starlink_550_isls_plus_grid_ground_stations_top_100_with_hsinchu_algorithm_hierarchical_virtual_gid_27deg_k1/dynamic_state_2000ms_for_200s/fstate_126000000000.txt
  > [SIGNALING] 累計統計: 69 事件, 0 字節
[STATS-DEBUG] 開始生成統計文件... PID=1714339, TID=130062513632320
[DEBUG] output_dynamic_state_dir: gen_data/starlink_550_isls_plus_grid_ground_stations_top_100_with_hsinchu_algorithm_hierarchical_virtual_gid_27deg_k1/dynamic_state_2000ms_for_200s
[DEBUG] k_best: 1
[DEBUG] scenario_info: ''
[DEBUG] temp_dir_name: temp_grhr_k1
  > [SIGNALING] 累計統計: 71 事件, 0 字節
FORWARDING STATE AT T = 128000000000ns (= 128.0 seconds)

BASIC INFORMATION
  > Epoch.................. 2000-01-01 00:00:00.000
  > Time since epoch....... 128000000000 ns
  > Absolute time.......... 2000-01-01 00:02:08.000
  > Satellites............. 1584
  > Ground stations........ 101
  > Max. range GSL......... 1089686.4181956202m
  > Max. range ISL......... 5016591.233098428m

ISL INFORMATION
  > Total ISLs............. 3168
  > Min. ISLs/satellite.... 4
  > Max. ISLs/satellite.... 4

GSL INTERFACE INFORMATION
  > Min. GSL IFs/satellite........ 1
  > Max. GSL IFs/satellite........ 1
  > Min. GSL IFs/ground station... 1
  > Max. GSL IFs/ground_station... 1

GSL IN-RANGE INFORMATION
  > Min. satellites in range... 3
  > Max. satellites in range... 20
[MODE] SP_OVER_PID_QUOTIENT=True
  > Calculating Floyd-Warshall for graph without ground-station relays
  > Writing forwarding state to: gen_data/starlink_550_isls_plus_grid_ground_stations_top_100_with_hsinchu_algorithm_hierarchical_virtual_gid_27deg_k1/dynamic_state_2000ms_for_200s/fstate_128000000000.txt
  > [SIGNALING] 累計統計: 74 事件, 0 字節
[STATS-DEBUG] 開始生成統計文件... PID=1714339, TID=130062513632320
[DEBUG] output_dynamic_state_dir: gen_data/starlink_550_isls_plus_grid_ground_stations_top_100_with_hsinchu_algorithm_hierarchical_virtual_gid_27deg_k1/dynamic_state_2000ms_for_200s
[DEBUG] k_best: 1
[DEBUG] scenario_info: ''
[DEBUG] temp_dir_name: temp_grhr_k1
  > [SIGNALING] 累計統計: 76 事件, 0 字節
FORWARDING STATE AT T = 130000000000ns (= 130.0 seconds)

BASIC INFORMATION
  > Epoch.................. 2000-01-01 00:00:00.000
  > Time since epoch....... 130000000000 ns
  > Absolute time.......... 2000-01-01 00:02:10.000
  > Satellites............. 1584
  > Ground stations........ 101
  > Max. range GSL......... 1089686.4181956202m
  > Max. range ISL......... 5016591.233098428m

ISL INFORMATION
  > Total ISLs............. 3168
  > Min. ISLs/satellite.... 4
  > Max. ISLs/satellite.... 4

GSL INTERFACE INFORMATION
  > Min. GSL IFs/satellite........ 1
  > Max. GSL IFs/satellite........ 1
  > Min. GSL IFs/ground station... 1
  > Max. GSL IFs/ground_station... 1

GSL IN-RANGE INFORMATION
  > Min. satellites in range... 3
  > Max. satellites in range... 20
[MODE] SP_OVER_PID_QUOTIENT=True
  > Calculating Floyd-Warshall for graph without ground-station relays
  > Writing forwarding state to: gen_data/starlink_550_isls_plus_grid_ground_stations_top_100_with_hsinchu_algorithm_hierarchical_virtual_gid_27deg_k1/dynamic_state_2000ms_for_200s/fstate_130000000000.txt
  > [SIGNALING] 累計統計: 79 事件, 0 字節
[STATS-DEBUG] 開始生成統計文件... PID=1714339, TID=130062513632320
[DEBUG] output_dynamic_state_dir: gen_data/starlink_550_isls_plus_grid_ground_stations_top_100_with_hsinchu_algorithm_hierarchical_virtual_gid_27deg_k1/dynamic_state_2000ms_for_200s
[DEBUG] k_best: 1
[DEBUG] scenario_info: ''
  > Writing forwarding state to: gen_data/starlink_550_isls_plus_grid_ground_stations_top_100_with_hsinchu_algorithm_hierarchical_virtual_gid_27deg_k1/dynamic_state_2000ms_for_200s/fstate_70000000000.txt
  > [SIGNALING] 累計統計: 54 事件, 0 字節
[STATS-DEBUG] 開始生成統計文件... PID=1714338, TID=130062513632320
[DEBUG] output_dynamic_state_dir: gen_data/starlink_550_isls_plus_grid_ground_stations_top_100_with_hsinchu_algorithm_hierarchical_virtual_gid_27deg_k1/dynamic_state_2000ms_for_200s
[DEBUG] k_best: 1
[DEBUG] scenario_info: ''
[DEBUG] temp_dir_name: temp_grhr_k1
  > [SIGNALING] 累計統計: 56 事件, 0 字節
FORWARDING STATE AT T = 72000000000ns (= 72.0 seconds)

BASIC INFORMATION
  > Epoch.................. 2000-01-01 00:00:00.000
  > Time since epoch....... 72000000000 ns
  > Absolute time.......... 2000-01-01 00:01:12.000
  > Satellites............. 1584
  > Ground stations........ 101
  > Max. range GSL......... 1089686.4181956202m
  > Max. range ISL......... 5016591.233098428m

ISL INFORMATION
  > Total ISLs............. 3168
  > Min. ISLs/satellite.... 4
  > Max. ISLs/satellite.... 4

GSL INTERFACE INFORMATION
  > Min. GSL IFs/satellite........ 1
  > Max. GSL IFs/satellite........ 1
  > Min. GSL IFs/ground station... 1
  > Max. GSL IFs/ground_station... 1

GSL IN-RANGE INFORMATION
  > Min. satellites in range... 4
  > Max. satellites in range... 21
[MODE] SP_OVER_PID_QUOTIENT=True
  > Calculating Floyd-Warshall for graph without ground-station relays
  > Writing forwarding state to: gen_data/starlink_550_isls_plus_grid_ground_stations_top_100_with_hsinchu_algorithm_hierarchical_virtual_gid_27deg_k1/dynamic_state_2000ms_for_200s/fstate_72000000000.txt
  > [SIGNALING] 累計統計: 59 事件, 0 字節
[STATS-DEBUG] 開始生成統計文件... PID=1714338, TID=130062513632320
[DEBUG] output_dynamic_state_dir: gen_data/starlink_550_isls_plus_grid_ground_stations_top_100_with_hsinchu_algorithm_hierarchical_virtual_gid_27deg_k1/dynamic_state_2000ms_for_200s
[DEBUG] k_best: 1
[DEBUG] scenario_info: ''
[DEBUG] temp_dir_name: temp_grhr_k1
  > [SIGNALING] 累計統計: 61 事件, 0 字節
FORWARDING STATE AT T = 74000000000ns (= 74.0 seconds)

BASIC INFORMATION
  > Epoch.................. 2000-01-01 00:00:00.000
  > Time since epoch....... 74000000000 ns
  > Absolute time.......... 2000-01-01 00:01:14.000
  > Satellites............. 1584
  > Ground stations........ 101
  > Max. range GSL......... 1089686.4181956202m
  > Max. range ISL......... 5016591.233098428m

ISL INFORMATION
  > Total ISLs............. 3168
  > Min. ISLs/satellite.... 4
  > Max. ISLs/satellite.... 4

GSL INTERFACE INFORMATION
  > Min. GSL IFs/satellite........ 1
  > Max. GSL IFs/satellite........ 1
  > Min. GSL IFs/ground station... 1
  > Max. GSL IFs/ground_station... 1

GSL IN-RANGE INFORMATION
  > Min. satellites in range... 4
  > Max. satellites in range... 18
[MODE] SP_OVER_PID_QUOTIENT=True
  > Calculating Floyd-Warshall for graph without ground-station relays
  > Writing forwarding state to: gen_data/starlink_550_isls_plus_grid_ground_stations_top_100_with_hsinchu_algorithm_hierarchical_virtual_gid_27deg_k1/dynamic_state_2000ms_for_200s/fstate_74000000000.txt
  > [SIGNALING] 累計統計: 64 事件, 0 字節
[STATS-DEBUG] 開始生成統計文件... PID=1714338, TID=130062513632320
[DEBUG] output_dynamic_state_dir: gen_data/starlink_550_isls_plus_grid_ground_stations_top_100_with_hsinchu_algorithm_hierarchical_virtual_gid_27deg_k1/dynamic_state_2000ms_for_200s
[DEBUG] k_best: 1
[DEBUG] scenario_info: ''
[DEBUG] temp_dir_name: temp_grhr_k1
  > [SIGNALING] 累計統計: 66 事件, 0 字節
FORWARDING STATE AT T = 76000000000ns (= 76.0 seconds)

BASIC INFORMATION
  > Epoch.................. 2000-01-01 00:00:00.000
  > Time since epoch....... 76000000000 ns
  > Absolute time.......... 2000-01-01 00:01:16.000
  > Satellites............. 1584
  > Ground stations........ 101
  > Max. range GSL......... 1089686.4181956202m
  > Max. range ISL......... 5016591.233098428m

ISL INFORMATION
  > Total ISLs............. 3168
  > Min. ISLs/satellite.... 4
  > Max. ISLs/satellite.... 4

GSL INTERFACE INFORMATION
  > Min. GSL IFs/satellite........ 1
  > Max. GSL IFs/satellite........ 1
  > Min. GSL IFs/ground station... 1
  > Max. GSL IFs/ground_station... 1

GSL IN-RANGE INFORMATION
  > Min. satellites in range... 4
  > Max. satellites in range... 18
[MODE] SP_OVER_PID_QUOTIENT=True
  > Calculating Floyd-Warshall for graph without ground-station relays
  > Writing forwarding state to: gen_data/starlink_550_isls_plus_grid_ground_stations_top_100_with_hsinchu_algorithm_hierarchical_virtual_gid_27deg_k1/dynamic_state_2000ms_for_200s/fstate_76000000000.txt
  > [SIGNALING] 累計統計: 69 事件, 0 字節
[STATS-DEBUG] 開始生成統計文件... PID=1714338, TID=130062513632320
[DEBUG] output_dynamic_state_dir: gen_data/starlink_550_isls_plus_grid_ground_stations_top_100_with_hsinchu_algorithm_hierarchical_virtual_gid_27deg_k1/dynamic_state_2000ms_for_200s
[DEBUG] k_best: 1
[DEBUG] scenario_info: ''
[DEBUG] temp_dir_name: temp_grhr_k1
  > [SIGNALING] 累計統計: 71 事件, 0 字節
FORWARDING STATE AT T = 78000000000ns (= 78.0 seconds)

BASIC INFORMATION
  > Epoch.................. 2000-01-01 00:00:00.000
  > Time since epoch....... 78000000000 ns
  > Absolute time.......... 2000-01-01 00:01:18.000
  > Satellites............. 1584
  > Ground stations........ 101
  > Max. range GSL......... 1089686.4181956202m
  > Max. range ISL......... 5016591.233098428m

ISL INFORMATION
  > Total ISLs............. 3168
  > Min. ISLs/satellite.... 4
  > Max. ISLs/satellite.... 4

GSL INTERFACE INFORMATION
  > Min. GSL IFs/satellite........ 1
  > Max. GSL IFs/satellite........ 1
  > Min. GSL IFs/ground station... 1
  > Max. GSL IFs/ground_station... 1

GSL IN-RANGE INFORMATION
  > Min. satellites in range... 4
  > Max. satellites in range... 18
[MODE] SP_OVER_PID_QUOTIENT=True
  > Calculating Floyd-Warshall for graph without ground-station relays
  > Writing forwarding state to: gen_data/starlink_550_isls_plus_grid_ground_stations_top_100_with_hsinchu_algorithm_hierarchical_virtual_gid_27deg_k1/dynamic_state_2000ms_for_200s/fstate_78000000000.txt
  > [SIGNALING] 累計統計: 74 事件, 0 字節
[STATS-DEBUG] 開始生成統計文件... PID=1714338, TID=130062513632320
[DEBUG] output_dynamic_state_dir: gen_data/starlink_550_isls_plus_grid_ground_stations_top_100_with_hsinchu_algorithm_hierarchical_virtual_gid_27deg_k1/dynamic_state_2000ms_for_200s
[DEBUG] k_best: 1
[DEBUG] scenario_info: ''
[DEBUG] temp_dir_name: temp_grhr_k1
  > [SIGNALING] 累計統計: 76 事件, 0 字節
FORWARDING STATE AT T = 80000000000ns (= 80.0 seconds)

BASIC INFORMATION
  > Epoch.................. 2000-01-01 00:00:00.000
  > Time since epoch....... 80000000000 ns
  > Absolute time.......... 2000-01-01 00:01:20.000
  > Satellites............. 1584
  > Ground stations........ 101
  > Max. range GSL......... 1089686.4181956202m
  > Max. range ISL......... 5016591.233098428m

ISL INFORMATION
  > Total ISLs............. 3168
  > Min. ISLs/satellite.... 4
  > Max. ISLs/satellite.... 4

GSL INTERFACE INFORMATION
  > Min. GSL IFs/satellite........ 1
  > Max. GSL IFs/satellite........ 1
  > Min. GSL IFs/ground station... 1
  > Max. GSL IFs/ground_station... 1

GSL IN-RANGE INFORMATION
  > Min. satellites in range... 4
  > Max. satellites in range... 18
[MODE] SP_OVER_PID_QUOTIENT=True
  > Calculating Floyd-Warshall for graph without ground-station relays
  > Writing forwarding state to: gen_data/starlink_550_isls_plus_grid_ground_stations_top_100_with_hsinchu_algorithm_hierarchical_virtual_gid_27deg_k1/dynamic_state_2000ms_for_200s/fstate_80000000000.txt
  > [SIGNALING] 累計統計: 79 事件, 0 字節
[STATS-DEBUG] 開始生成統計文件... PID=1714338, TID=130062513632320
[DEBUG] output_dynamic_state_dir: gen_data/starlink_550_isls_plus_grid_ground_stations_top_100_with_hsinchu_algorithm_hierarchical_virtual_gid_27deg_k1/dynamic_state_2000ms_for_200s
[DEBUG] k_best: 1
[DEBUG] scenario_info: ''
[DEBUG] temp_dir_name: temp_grhr_k1
  > [SIGNALING] 累計統計: 81 事件, 0 字節
  > Writing forwarding state to: gen_data/starlink_550_isls_plus_grid_ground_stations_top_100_with_hsinchu_algorithm_hierarchical_virtual_gid_27deg_k1/dynamic_state_2000ms_for_200s/fstate_20000000000.txt
  > [SIGNALING] 累計統計: 54 事件, 0 字節
[STATS-DEBUG] 開始生成統計文件... PID=1714337, TID=130062513632320
[DEBUG] output_dynamic_state_dir: gen_data/starlink_550_isls_plus_grid_ground_stations_top_100_with_hsinchu_algorithm_hierarchical_virtual_gid_27deg_k1/dynamic_state_2000ms_for_200s
[DEBUG] k_best: 1
[DEBUG] scenario_info: ''
[DEBUG] temp_dir_name: temp_grhr_k1
  > [SIGNALING] 累計統計: 56 事件, 0 字節
FORWARDING STATE AT T = 22000000000ns (= 22.0 seconds)

BASIC INFORMATION
  > Epoch.................. 2000-01-01 00:00:00.000
  > Time since epoch....... 22000000000 ns
  > Absolute time.......... 2000-01-01 00:00:22.000
  > Satellites............. 1584
  > Ground stations........ 101
  > Max. range GSL......... 1089686.4181956202m
  > Max. range ISL......... 5016591.233098428m

ISL INFORMATION
  > Total ISLs............. 3168
  > Min. ISLs/satellite.... 4
  > Max. ISLs/satellite.... 4

GSL INTERFACE INFORMATION
  > Min. GSL IFs/satellite........ 1
  > Max. GSL IFs/satellite........ 1
  > Min. GSL IFs/ground station... 1
  > Max. GSL IFs/ground_station... 1

GSL IN-RANGE INFORMATION
  > Min. satellites in range... 4
  > Max. satellites in range... 20
[MODE] SP_OVER_PID_QUOTIENT=True
  > Calculating Floyd-Warshall for graph without ground-station relays
  > Writing forwarding state to: gen_data/starlink_550_isls_plus_grid_ground_stations_top_100_with_hsinchu_algorithm_hierarchical_virtual_gid_27deg_k1/dynamic_state_2000ms_for_200s/fstate_22000000000.txt
  > [SIGNALING] 累計統計: 59 事件, 0 字節
[STATS-DEBUG] 開始生成統計文件... PID=1714337, TID=130062513632320
[DEBUG] output_dynamic_state_dir: gen_data/starlink_550_isls_plus_grid_ground_stations_top_100_with_hsinchu_algorithm_hierarchical_virtual_gid_27deg_k1/dynamic_state_2000ms_for_200s
[DEBUG] k_best: 1
[DEBUG] scenario_info: ''
[DEBUG] temp_dir_name: temp_grhr_k1
  > [SIGNALING] 累計統計: 61 事件, 0 字節
FORWARDING STATE AT T = 24000000000ns (= 24.0 seconds)

BASIC INFORMATION
  > Epoch.................. 2000-01-01 00:00:00.000
  > Time since epoch....... 24000000000 ns
  > Absolute time.......... 2000-01-01 00:00:24.000
  > Satellites............. 1584
  > Ground stations........ 101
  > Max. range GSL......... 1089686.4181956202m
  > Max. range ISL......... 5016591.233098428m

ISL INFORMATION
  > Total ISLs............. 3168
  > Min. ISLs/satellite.... 4
  > Max. ISLs/satellite.... 4

GSL INTERFACE INFORMATION
  > Min. GSL IFs/satellite........ 1
  > Max. GSL IFs/satellite........ 1
  > Min. GSL IFs/ground station... 1
  > Max. GSL IFs/ground_station... 1

GSL IN-RANGE INFORMATION
  > Min. satellites in range... 4
  > Max. satellites in range... 19
[MODE] SP_OVER_PID_QUOTIENT=True
  > Calculating Floyd-Warshall for graph without ground-station relays
  > Writing forwarding state to: gen_data/starlink_550_isls_plus_grid_ground_stations_top_100_with_hsinchu_algorithm_hierarchical_virtual_gid_27deg_k1/dynamic_state_2000ms_for_200s/fstate_24000000000.txt
  > [SIGNALING] 累計統計: 64 事件, 0 字節
[STATS-DEBUG] 開始生成統計文件... PID=1714337, TID=130062513632320
[DEBUG] output_dynamic_state_dir: gen_data/starlink_550_isls_plus_grid_ground_stations_top_100_with_hsinchu_algorithm_hierarchical_virtual_gid_27deg_k1/dynamic_state_2000ms_for_200s
[DEBUG] k_best: 1
[DEBUG] scenario_info: ''
[DEBUG] temp_dir_name: temp_grhr_k1
  > [SIGNALING] 累計統計: 66 事件, 0 字節
FORWARDING STATE AT T = 26000000000ns (= 26.0 seconds)

BASIC INFORMATION
  > Epoch.................. 2000-01-01 00:00:00.000
  > Time since epoch....... 26000000000 ns
  > Absolute time.......... 2000-01-01 00:00:26.000
  > Satellites............. 1584
  > Ground stations........ 101
  > Max. range GSL......... 1089686.4181956202m
  > Max. range ISL......... 5016591.233098428m

ISL INFORMATION
  > Total ISLs............. 3168
  > Min. ISLs/satellite.... 4
  > Max. ISLs/satellite.... 4

GSL INTERFACE INFORMATION
  > Min. GSL IFs/satellite........ 1
  > Max. GSL IFs/satellite........ 1
  > Min. GSL IFs/ground station... 1
  > Max. GSL IFs/ground_station... 1

GSL IN-RANGE INFORMATION
  > Min. satellites in range... 4
  > Max. satellites in range... 19
[MODE] SP_OVER_PID_QUOTIENT=True
  > Calculating Floyd-Warshall for graph without ground-station relays
  > Writing forwarding state to: gen_data/starlink_550_isls_plus_grid_ground_stations_top_100_with_hsinchu_algorithm_hierarchical_virtual_gid_27deg_k1/dynamic_state_2000ms_for_200s/fstate_26000000000.txt
  > [SIGNALING] 累計統計: 69 事件, 0 字節
[STATS-DEBUG] 開始生成統計文件... PID=1714337, TID=130062513632320
[DEBUG] output_dynamic_state_dir: gen_data/starlink_550_isls_plus_grid_ground_stations_top_100_with_hsinchu_algorithm_hierarchical_virtual_gid_27deg_k1/dynamic_state_2000ms_for_200s
[DEBUG] k_best: 1
[DEBUG] scenario_info: ''
[DEBUG] temp_dir_name: temp_grhr_k1
  > [SIGNALING] 累計統計: 71 事件, 0 字節
FORWARDING STATE AT T = 28000000000ns (= 28.0 seconds)

BASIC INFORMATION
  > Epoch.................. 2000-01-01 00:00:00.000
  > Time since epoch....... 28000000000 ns
  > Absolute time.......... 2000-01-01 00:00:28.000
  > Satellites............. 1584
  > Ground stations........ 101
  > Max. range GSL......... 1089686.4181956202m
  > Max. range ISL......... 5016591.233098428m

ISL INFORMATION
  > Total ISLs............. 3168
  > Min. ISLs/satellite.... 4
  > Max. ISLs/satellite.... 4

GSL INTERFACE INFORMATION
  > Min. GSL IFs/satellite........ 1
  > Max. GSL IFs/satellite........ 1
  > Min. GSL IFs/ground station... 1
  > Max. GSL IFs/ground_station... 1

GSL IN-RANGE INFORMATION
  > Min. satellites in range... 4
  > Max. satellites in range... 19
[MODE] SP_OVER_PID_QUOTIENT=True
  > Calculating Floyd-Warshall for graph without ground-station relays
  > Writing forwarding state to: gen_data/starlink_550_isls_plus_grid_ground_stations_top_100_with_hsinchu_algorithm_hierarchical_virtual_gid_27deg_k1/dynamic_state_2000ms_for_200s/fstate_28000000000.txt
  > [SIGNALING] 累計統計: 74 事件, 0 字節
[STATS-DEBUG] 開始生成統計文件... PID=1714337, TID=130062513632320
[DEBUG] output_dynamic_state_dir: gen_data/starlink_550_isls_plus_grid_ground_stations_top_100_with_hsinchu_algorithm_hierarchical_virtual_gid_27deg_k1/dynamic_state_2000ms_for_200s
[DEBUG] k_best: 1
[DEBUG] scenario_info: ''
[DEBUG] temp_dir_name: temp_grhr_k1
  > [SIGNALING] 累計統計: 76 事件, 0 字節
FORWARDING STATE AT T = 30000000000ns (= 30.0 seconds)

BASIC INFORMATION
  > Epoch.................. 2000-01-01 00:00:00.000
  > Time since epoch....... 30000000000 ns
  > Absolute time.......... 2000-01-01 00:00:30.000
  > Satellites............. 1584
  > Ground stations........ 101
  > Max. range GSL......... 1089686.4181956202m
  > Max. range ISL......... 5016591.233098428m

ISL INFORMATION
  > Total ISLs............. 3168
  > Min. ISLs/satellite.... 4
  > Max. ISLs/satellite.... 4

GSL INTERFACE INFORMATION
  > Min. GSL IFs/satellite........ 1
  > Max. GSL IFs/satellite........ 1
  > Min. GSL IFs/ground station... 1
  > Max. GSL IFs/ground_station... 1

GSL IN-RANGE INFORMATION
  > Min. satellites in range... 4
  > Max. satellites in range... 19
[MODE] SP_OVER_PID_QUOTIENT=True
  > Calculating Floyd-Warshall for graph without ground-station relays
  > Writing forwarding state to: gen_data/starlink_550_isls_plus_grid_ground_stations_top_100_with_hsinchu_algorithm_hierarchical_virtual_gid_27deg_k1/dynamic_state_2000ms_for_200s/fstate_30000000000.txt
  > [SIGNALING] 累計統計: 79 事件, 0 字節
[STATS-DEBUG] 開始生成統計文件... PID=1714337, TID=130062513632320
[DEBUG] output_dynamic_state_dir: gen_data/starlink_550_isls_plus_grid_ground_stations_top_100_with_hsinchu_algorithm_hierarchical_virtual_gid_27deg_k1/dynamic_state_2000ms_for_200s
[DEBUG] k_best: 1
[DEBUG] scenario_info: ''
[DEBUG] temp_dir_name: temp_grhr_k1
  > [SIGNALING] 累計統計: 81 事件, 0 字節
[DEBUG] temp_dir_name: temp_grhr_k1
  > [SIGNALING] 累計統計: 81 事件, 0 字節
FORWARDING STATE AT T = 182000000000ns (= 182.0 seconds)

BASIC INFORMATION
  > Epoch.................. 2000-01-01 00:00:00.000
  > Time since epoch....... 182000000000 ns
  > Absolute time.......... 2000-01-01 00:03:02.000
  > Satellites............. 1584
  > Ground stations........ 101
  > Max. range GSL......... 1089686.4181956202m
  > Max. range ISL......... 5016591.233098428m

ISL INFORMATION
  > Total ISLs............. 3168
  > Min. ISLs/satellite.... 4
  > Max. ISLs/satellite.... 4

GSL INTERFACE INFORMATION
  > Min. GSL IFs/satellite........ 1
  > Max. GSL IFs/satellite........ 1
  > Min. GSL IFs/ground station... 1
  > Max. GSL IFs/ground_station... 1

GSL IN-RANGE INFORMATION
  > Min. satellites in range... 4
  > Max. satellites in range... 20
[MODE] SP_OVER_PID_QUOTIENT=True
  > Calculating Floyd-Warshall for graph without ground-station relays
  > Writing forwarding state to: gen_data/starlink_550_isls_plus_grid_ground_stations_top_100_with_hsinchu_algorithm_hierarchical_virtual_gid_27deg_k1/dynamic_state_2000ms_for_200s/fstate_182000000000.txt
  > [SIGNALING] 累計統計: 84 事件, 0 字節
[STATS-DEBUG] 開始生成統計文件... PID=1714340, TID=130062513632320
[DEBUG] output_dynamic_state_dir: gen_data/starlink_550_isls_plus_grid_ground_stations_top_100_with_hsinchu_algorithm_hierarchical_virtual_gid_27deg_k1/dynamic_state_2000ms_for_200s
[DEBUG] k_best: 1
[DEBUG] scenario_info: ''
[DEBUG] temp_dir_name: temp_grhr_k1
  > [SIGNALING] 累計統計: 86 事件, 0 字節
FORWARDING STATE AT T = 184000000000ns (= 184.0 seconds)

BASIC INFORMATION
  > Epoch.................. 2000-01-01 00:00:00.000
  > Time since epoch....... 184000000000 ns
  > Absolute time.......... 2000-01-01 00:03:04.000
  > Satellites............. 1584
  > Ground stations........ 101
  > Max. range GSL......... 1089686.4181956202m
  > Max. range ISL......... 5016591.233098428m

ISL INFORMATION
  > Total ISLs............. 3168
  > Min. ISLs/satellite.... 4
  > Max. ISLs/satellite.... 4

GSL INTERFACE INFORMATION
  > Min. GSL IFs/satellite........ 1
  > Max. GSL IFs/satellite........ 1
  > Min. GSL IFs/ground station... 1
  > Max. GSL IFs/ground_station... 1

GSL IN-RANGE INFORMATION
  > Min. satellites in range... 4
  > Max. satellites in range... 20
[MODE] SP_OVER_PID_QUOTIENT=True
  > Calculating Floyd-Warshall for graph without ground-station relays
  > Writing forwarding state to: gen_data/starlink_550_isls_plus_grid_ground_stations_top_100_with_hsinchu_algorithm_hierarchical_virtual_gid_27deg_k1/dynamic_state_2000ms_for_200s/fstate_184000000000.txt
  > [SIGNALING] 累計統計: 89 事件, 0 字節
[STATS-DEBUG] 開始生成統計文件... PID=1714340, TID=130062513632320
[DEBUG] output_dynamic_state_dir: gen_data/starlink_550_isls_plus_grid_ground_stations_top_100_with_hsinchu_algorithm_hierarchical_virtual_gid_27deg_k1/dynamic_state_2000ms_for_200s
[DEBUG] k_best: 1
[DEBUG] scenario_info: ''
[DEBUG] temp_dir_name: temp_grhr_k1
  > [SIGNALING] 累計統計: 91 事件, 0 字節
FORWARDING STATE AT T = 186000000000ns (= 186.0 seconds)

BASIC INFORMATION
  > Epoch.................. 2000-01-01 00:00:00.000
  > Time since epoch....... 186000000000 ns
  > Absolute time.......... 2000-01-01 00:03:06.000
  > Satellites............. 1584
  > Ground stations........ 101
  > Max. range GSL......... 1089686.4181956202m
  > Max. range ISL......... 5016591.233098428m

ISL INFORMATION
  > Total ISLs............. 3168
  > Min. ISLs/satellite.... 4
  > Max. ISLs/satellite.... 4

GSL INTERFACE INFORMATION
  > Min. GSL IFs/satellite........ 1
  > Max. GSL IFs/satellite........ 1
  > Min. GSL IFs/ground station... 1
  > Max. GSL IFs/ground_station... 1

GSL IN-RANGE INFORMATION
  > Min. satellites in range... 4
  > Max. satellites in range... 20
[MODE] SP_OVER_PID_QUOTIENT=True
  > Calculating Floyd-Warshall for graph without ground-station relays
  > Writing forwarding state to: gen_data/starlink_550_isls_plus_grid_ground_stations_top_100_with_hsinchu_algorithm_hierarchical_virtual_gid_27deg_k1/dynamic_state_2000ms_for_200s/fstate_186000000000.txt
  > [SIGNALING] 累計統計: 94 事件, 0 字節
[STATS-DEBUG] 開始生成統計文件... PID=1714340, TID=130062513632320
[DEBUG] output_dynamic_state_dir: gen_data/starlink_550_isls_plus_grid_ground_stations_top_100_with_hsinchu_algorithm_hierarchical_virtual_gid_27deg_k1/dynamic_state_2000ms_for_200s
[DEBUG] k_best: 1
[DEBUG] scenario_info: ''
[DEBUG] temp_dir_name: temp_grhr_k1
  > [SIGNALING] 累計統計: 96 事件, 0 字節
FORWARDING STATE AT T = 188000000000ns (= 188.0 seconds)

BASIC INFORMATION
  > Epoch.................. 2000-01-01 00:00:00.000
  > Time since epoch....... 188000000000 ns
  > Absolute time.......... 2000-01-01 00:03:08.000
  > Satellites............. 1584
  > Ground stations........ 101
  > Max. range GSL......... 1089686.4181956202m
  > Max. range ISL......... 5016591.233098428m

ISL INFORMATION
  > Total ISLs............. 3168
  > Min. ISLs/satellite.... 4
  > Max. ISLs/satellite.... 4

GSL INTERFACE INFORMATION
  > Min. GSL IFs/satellite........ 1
  > Max. GSL IFs/satellite........ 1
  > Min. GSL IFs/ground station... 1
  > Max. GSL IFs/ground_station... 1

GSL IN-RANGE INFORMATION
  > Min. satellites in range... 4
  > Max. satellites in range... 20
[MODE] SP_OVER_PID_QUOTIENT=True
  > Calculating Floyd-Warshall for graph without ground-station relays
  > Writing forwarding state to: gen_data/starlink_550_isls_plus_grid_ground_stations_top_100_with_hsinchu_algorithm_hierarchical_virtual_gid_27deg_k1/dynamic_state_2000ms_for_200s/fstate_188000000000.txt
  > [SIGNALING] 累計統計: 99 事件, 0 字節
[STATS-DEBUG] 開始生成統計文件... PID=1714340, TID=130062513632320
[DEBUG] output_dynamic_state_dir: gen_data/starlink_550_isls_plus_grid_ground_stations_top_100_with_hsinchu_algorithm_hierarchical_virtual_gid_27deg_k1/dynamic_state_2000ms_for_200s
[DEBUG] k_best: 1
[DEBUG] scenario_info: ''
[DEBUG] temp_dir_name: temp_grhr_k1
  > [SIGNALING] 累計統計: 101 事件, 0 字節
FORWARDING STATE AT T = 190000000000ns (= 190.0 seconds)

BASIC INFORMATION
  > Epoch.................. 2000-01-01 00:00:00.000
  > Time since epoch....... 190000000000 ns
  > Absolute time.......... 2000-01-01 00:03:10.000
  > Satellites............. 1584
  > Ground stations........ 101
  > Max. range GSL......... 1089686.4181956202m
  > Max. range ISL......... 5016591.233098428m

ISL INFORMATION
  > Total ISLs............. 3168
  > Min. ISLs/satellite.... 4
  > Max. ISLs/satellite.... 4

GSL INTERFACE INFORMATION
  > Min. GSL IFs/satellite........ 1
  > Max. GSL IFs/satellite........ 1
  > Min. GSL IFs/ground station... 1
  > Max. GSL IFs/ground_station... 1

GSL IN-RANGE INFORMATION
  > Min. satellites in range... 4
  > Max. satellites in range... 20
[MODE] SP_OVER_PID_QUOTIENT=True
  > Calculating Floyd-Warshall for graph without ground-station relays
  > Writing forwarding state to: gen_data/starlink_550_isls_plus_grid_ground_stations_top_100_with_hsinchu_algorithm_hierarchical_virtual_gid_27deg_k1/dynamic_state_2000ms_for_200s/fstate_190000000000.txt
  > [SIGNALING] 累計統計: 104 事件, 0 字節
[STATS-DEBUG] 開始生成統計文件... PID=1714340, TID=130062513632320
[DEBUG] output_dynamic_state_dir: gen_data/starlink_550_isls_plus_grid_ground_stations_top_100_with_hsinchu_algorithm_hierarchical_virtual_gid_27deg_k1/dynamic_state_2000ms_for_200s
[DEBUG] k_best: 1
[DEBUG] scenario_info: ''
[DEBUG] temp_dir_name: temp_grhr_k1
  > [SIGNALING] 累計統計: 106 事件, 0 字節
FORWARDING STATE AT T = 192000000000ns (= 192.0 seconds)

BASIC INFORMATION
  > Epoch.................. 2000-01-01 00:00:00.000
  > Time since epoch....... 192000000000 ns
  > Absolute time.......... 2000-01-01 00:03:12.000
  > Satellites............. 1584
  > Ground stations........ 101
  > Max. range GSL......... 1089686.4181956202m
  > Max. range ISL......... 5016591.233098428m

ISL INFORMATION
  > Total ISLs............. 3168
  > Min. ISLs/satellite.... 4
  > Max. ISLs/satellite.... 4

GSL INTERFACE INFORMATION
[DEBUG] temp_dir_name: temp_grhr_k1
  > [SIGNALING] 累計統計: 81 事件, 0 字節
FORWARDING STATE AT T = 132000000000ns (= 132.0 seconds)

BASIC INFORMATION
  > Epoch.................. 2000-01-01 00:00:00.000
  > Time since epoch....... 132000000000 ns
  > Absolute time.......... 2000-01-01 00:02:12.000
  > Satellites............. 1584
  > Ground stations........ 101
  > Max. range GSL......... 1089686.4181956202m
  > Max. range ISL......... 5016591.233098428m

ISL INFORMATION
  > Total ISLs............. 3168
  > Min. ISLs/satellite.... 4
  > Max. ISLs/satellite.... 4

GSL INTERFACE INFORMATION
  > Min. GSL IFs/satellite........ 1
  > Max. GSL IFs/satellite........ 1
  > Min. GSL IFs/ground station... 1
  > Max. GSL IFs/ground_station... 1

GSL IN-RANGE INFORMATION
  > Min. satellites in range... 3
  > Max. satellites in range... 20
[MODE] SP_OVER_PID_QUOTIENT=True
  > Calculating Floyd-Warshall for graph without ground-station relays
  > Writing forwarding state to: gen_data/starlink_550_isls_plus_grid_ground_stations_top_100_with_hsinchu_algorithm_hierarchical_virtual_gid_27deg_k1/dynamic_state_2000ms_for_200s/fstate_132000000000.txt
  > [SIGNALING] 累計統計: 84 事件, 0 字節
[STATS-DEBUG] 開始生成統計文件... PID=1714339, TID=130062513632320
[DEBUG] output_dynamic_state_dir: gen_data/starlink_550_isls_plus_grid_ground_stations_top_100_with_hsinchu_algorithm_hierarchical_virtual_gid_27deg_k1/dynamic_state_2000ms_for_200s
[DEBUG] k_best: 1
[DEBUG] scenario_info: ''
[DEBUG] temp_dir_name: temp_grhr_k1
  > [SIGNALING] 累計統計: 86 事件, 0 字節
FORWARDING STATE AT T = 134000000000ns (= 134.0 seconds)

BASIC INFORMATION
  > Epoch.................. 2000-01-01 00:00:00.000
  > Time since epoch....... 134000000000 ns
  > Absolute time.......... 2000-01-01 00:02:14.000
  > Satellites............. 1584
  > Ground stations........ 101
  > Max. range GSL......... 1089686.4181956202m
  > Max. range ISL......... 5016591.233098428m

ISL INFORMATION
  > Total ISLs............. 3168
  > Min. ISLs/satellite.... 4
  > Max. ISLs/satellite.... 4

GSL INTERFACE INFORMATION
  > Min. GSL IFs/satellite........ 1
  > Max. GSL IFs/satellite........ 1
  > Min. GSL IFs/ground station... 1
  > Max. GSL IFs/ground_station... 1

GSL IN-RANGE INFORMATION
  > Min. satellites in range... 3
  > Max. satellites in range... 20
[MODE] SP_OVER_PID_QUOTIENT=True
  > Calculating Floyd-Warshall for graph without ground-station relays
  > Writing forwarding state to: gen_data/starlink_550_isls_plus_grid_ground_stations_top_100_with_hsinchu_algorithm_hierarchical_virtual_gid_27deg_k1/dynamic_state_2000ms_for_200s/fstate_134000000000.txt
  > [SIGNALING] 累計統計: 89 事件, 0 字節
[STATS-DEBUG] 開始生成統計文件... PID=1714339, TID=130062513632320
[DEBUG] output_dynamic_state_dir: gen_data/starlink_550_isls_plus_grid_ground_stations_top_100_with_hsinchu_algorithm_hierarchical_virtual_gid_27deg_k1/dynamic_state_2000ms_for_200s
[DEBUG] k_best: 1
[DEBUG] scenario_info: ''
[DEBUG] temp_dir_name: temp_grhr_k1
  > [SIGNALING] 累計統計: 91 事件, 0 字節
FORWARDING STATE AT T = 136000000000ns (= 136.0 seconds)

BASIC INFORMATION
  > Epoch.................. 2000-01-01 00:00:00.000
  > Time since epoch....... 136000000000 ns
  > Absolute time.......... 2000-01-01 00:02:16.000
  > Satellites............. 1584
  > Ground stations........ 101
  > Max. range GSL......... 1089686.4181956202m
  > Max. range ISL......... 5016591.233098428m

ISL INFORMATION
  > Total ISLs............. 3168
  > Min. ISLs/satellite.... 4
  > Max. ISLs/satellite.... 4

GSL INTERFACE INFORMATION
  > Min. GSL IFs/satellite........ 1
  > Max. GSL IFs/satellite........ 1
  > Min. GSL IFs/ground station... 1
  > Max. GSL IFs/ground_station... 1

GSL IN-RANGE INFORMATION
  > Min. satellites in range... 3
  > Max. satellites in range... 20
[MODE] SP_OVER_PID_QUOTIENT=True
  > Calculating Floyd-Warshall for graph without ground-station relays
  > Writing forwarding state to: gen_data/starlink_550_isls_plus_grid_ground_stations_top_100_with_hsinchu_algorithm_hierarchical_virtual_gid_27deg_k1/dynamic_state_2000ms_for_200s/fstate_136000000000.txt
  > [SIGNALING] 累計統計: 94 事件, 0 字節
[STATS-DEBUG] 開始生成統計文件... PID=1714339, TID=130062513632320
[DEBUG] output_dynamic_state_dir: gen_data/starlink_550_isls_plus_grid_ground_stations_top_100_with_hsinchu_algorithm_hierarchical_virtual_gid_27deg_k1/dynamic_state_2000ms_for_200s
[DEBUG] k_best: 1
[DEBUG] scenario_info: ''
[DEBUG] temp_dir_name: temp_grhr_k1
  > [SIGNALING] 累計統計: 96 事件, 0 字節
FORWARDING STATE AT T = 138000000000ns (= 138.0 seconds)

BASIC INFORMATION
  > Epoch.................. 2000-01-01 00:00:00.000
  > Time since epoch....... 138000000000 ns
  > Absolute time.......... 2000-01-01 00:02:18.000
  > Satellites............. 1584
  > Ground stations........ 101
  > Max. range GSL......... 1089686.4181956202m
  > Max. range ISL......... 5016591.233098428m

ISL INFORMATION
  > Total ISLs............. 3168
  > Min. ISLs/satellite.... 4
  > Max. ISLs/satellite.... 4

GSL INTERFACE INFORMATION
  > Min. GSL IFs/satellite........ 1
  > Max. GSL IFs/satellite........ 1
  > Min. GSL IFs/ground station... 1
  > Max. GSL IFs/ground_station... 1

GSL IN-RANGE INFORMATION
  > Min. satellites in range... 3
  > Max. satellites in range... 20
[MODE] SP_OVER_PID_QUOTIENT=True
  > Calculating Floyd-Warshall for graph without ground-station relays
  > Writing forwarding state to: gen_data/starlink_550_isls_plus_grid_ground_stations_top_100_with_hsinchu_algorithm_hierarchical_virtual_gid_27deg_k1/dynamic_state_2000ms_for_200s/fstate_138000000000.txt
  > [SIGNALING] 累計統計: 99 事件, 0 字節
[STATS-DEBUG] 開始生成統計文件... PID=1714339, TID=130062513632320
[DEBUG] output_dynamic_state_dir: gen_data/starlink_550_isls_plus_grid_ground_stations_top_100_with_hsinchu_algorithm_hierarchical_virtual_gid_27deg_k1/dynamic_state_2000ms_for_200s
[DEBUG] k_best: 1
[DEBUG] scenario_info: ''
[DEBUG] temp_dir_name: temp_grhr_k1
  > [SIGNALING] 累計統計: 101 事件, 0 字節
FORWARDING STATE AT T = 140000000000ns (= 140.0 seconds)

BASIC INFORMATION
  > Epoch.................. 2000-01-01 00:00:00.000
  > Time since epoch....... 140000000000 ns
  > Absolute time.......... 2000-01-01 00:02:20.000
  > Satellites............. 1584
  > Ground stations........ 101
  > Max. range GSL......... 1089686.4181956202m
  > Max. range ISL......... 5016591.233098428m

ISL INFORMATION
  > Total ISLs............. 3168
  > Min. ISLs/satellite.... 4
  > Max. ISLs/satellite.... 4

GSL INTERFACE INFORMATION
  > Min. GSL IFs/satellite........ 1
  > Max. GSL IFs/satellite........ 1
  > Min. GSL IFs/ground station... 1
  > Max. GSL IFs/ground_station... 1

GSL IN-RANGE INFORMATION
  > Min. satellites in range... 3
  > Max. satellites in range... 20
[MODE] SP_OVER_PID_QUOTIENT=True
  > Calculating Floyd-Warshall for graph without ground-station relays
  > Writing forwarding state to: gen_data/starlink_550_isls_plus_grid_ground_stations_top_100_with_hsinchu_algorithm_hierarchical_virtual_gid_27deg_k1/dynamic_state_2000ms_for_200s/fstate_140000000000.txt
  > [SIGNALING] 累計統計: 104 事件, 0 字節
[STATS-DEBUG] 開始生成統計文件... PID=1714339, TID=130062513632320
[DEBUG] output_dynamic_state_dir: gen_data/starlink_550_isls_plus_grid_ground_stations_top_100_with_hsinchu_algorithm_hierarchical_virtual_gid_27deg_k1/dynamic_state_2000ms_for_200s
[DEBUG] k_best: 1
[DEBUG] scenario_info: ''
[DEBUG] temp_dir_name: temp_grhr_k1
  > [SIGNALING] 累計統計: 106 事件, 0 字節
FORWARDING STATE AT T = 142000000000ns (= 142.0 seconds)

BASIC INFORMATION
  > Epoch.................. 2000-01-01 00:00:00.000
  > Time since epoch....... 142000000000 ns
  > Absolute time.......... 2000-01-01 00:02:22.000
  > Satellites............. 1584
  > Ground stations........ 101
  > Max. range GSL......... 1089686.4181956202m
  > Max. range ISL......... 5016591.233098428m

ISL INFORMATION
  > Total ISLs............. 3168
  > Min. ISLs/satellite.... 4
  > Max. ISLs/satellite.... 4

GSL INTERFACE INFORMATION
FORWARDING STATE AT T = 82000000000ns (= 82.0 seconds)

BASIC INFORMATION
  > Epoch.................. 2000-01-01 00:00:00.000
  > Time since epoch....... 82000000000 ns
  > Absolute time.......... 2000-01-01 00:01:22.000
  > Satellites............. 1584
  > Ground stations........ 101
  > Max. range GSL......... 1089686.4181956202m
  > Max. range ISL......... 5016591.233098428m

ISL INFORMATION
  > Total ISLs............. 3168
  > Min. ISLs/satellite.... 4
  > Max. ISLs/satellite.... 4

GSL INTERFACE INFORMATION
  > Min. GSL IFs/satellite........ 1
  > Max. GSL IFs/satellite........ 1
  > Min. GSL IFs/ground station... 1
  > Max. GSL IFs/ground_station... 1

GSL IN-RANGE INFORMATION
  > Min. satellites in range... 4
  > Max. satellites in range... 18
[MODE] SP_OVER_PID_QUOTIENT=True
  > Calculating Floyd-Warshall for graph without ground-station relays
  > Writing forwarding state to: gen_data/starlink_550_isls_plus_grid_ground_stations_top_100_with_hsinchu_algorithm_hierarchical_virtual_gid_27deg_k1/dynamic_state_2000ms_for_200s/fstate_82000000000.txt
  > [SIGNALING] 累計統計: 84 事件, 0 字節
[STATS-DEBUG] 開始生成統計文件... PID=1714338, TID=130062513632320
[DEBUG] output_dynamic_state_dir: gen_data/starlink_550_isls_plus_grid_ground_stations_top_100_with_hsinchu_algorithm_hierarchical_virtual_gid_27deg_k1/dynamic_state_2000ms_for_200s
[DEBUG] k_best: 1
[DEBUG] scenario_info: ''
[DEBUG] temp_dir_name: temp_grhr_k1
  > [SIGNALING] 累計統計: 86 事件, 0 字節
FORWARDING STATE AT T = 84000000000ns (= 84.0 seconds)

BASIC INFORMATION
  > Epoch.................. 2000-01-01 00:00:00.000
  > Time since epoch....... 84000000000 ns
  > Absolute time.......... 2000-01-01 00:01:24.000
  > Satellites............. 1584
  > Ground stations........ 101
  > Max. range GSL......... 1089686.4181956202m
  > Max. range ISL......... 5016591.233098428m

ISL INFORMATION
  > Total ISLs............. 3168
  > Min. ISLs/satellite.... 4
  > Max. ISLs/satellite.... 4

GSL INTERFACE INFORMATION
  > Min. GSL IFs/satellite........ 1
  > Max. GSL IFs/satellite........ 1
  > Min. GSL IFs/ground station... 1
  > Max. GSL IFs/ground_station... 1

GSL IN-RANGE INFORMATION
  > Min. satellites in range... 4
  > Max. satellites in range... 18
[MODE] SP_OVER_PID_QUOTIENT=True
  > Calculating Floyd-Warshall for graph without ground-station relays
  > Writing forwarding state to: gen_data/starlink_550_isls_plus_grid_ground_stations_top_100_with_hsinchu_algorithm_hierarchical_virtual_gid_27deg_k1/dynamic_state_2000ms_for_200s/fstate_84000000000.txt
  > [SIGNALING] 累計統計: 89 事件, 0 字節
[STATS-DEBUG] 開始生成統計文件... PID=1714338, TID=130062513632320
[DEBUG] output_dynamic_state_dir: gen_data/starlink_550_isls_plus_grid_ground_stations_top_100_with_hsinchu_algorithm_hierarchical_virtual_gid_27deg_k1/dynamic_state_2000ms_for_200s
[DEBUG] k_best: 1
[DEBUG] scenario_info: ''
[DEBUG] temp_dir_name: temp_grhr_k1
  > [SIGNALING] 累計統計: 91 事件, 0 字節
FORWARDING STATE AT T = 86000000000ns (= 86.0 seconds)

BASIC INFORMATION
  > Epoch.................. 2000-01-01 00:00:00.000
  > Time since epoch....... 86000000000 ns
  > Absolute time.......... 2000-01-01 00:01:26.000
  > Satellites............. 1584
  > Ground stations........ 101
  > Max. range GSL......... 1089686.4181956202m
  > Max. range ISL......... 5016591.233098428m

ISL INFORMATION
  > Total ISLs............. 3168
  > Min. ISLs/satellite.... 4
  > Max. ISLs/satellite.... 4

GSL INTERFACE INFORMATION
  > Min. GSL IFs/satellite........ 1
  > Max. GSL IFs/satellite........ 1
  > Min. GSL IFs/ground station... 1
  > Max. GSL IFs/ground_station... 1

GSL IN-RANGE INFORMATION
  > Min. satellites in range... 4
  > Max. satellites in range... 19
[MODE] SP_OVER_PID_QUOTIENT=True
  > Calculating Floyd-Warshall for graph without ground-station relays
  > Writing forwarding state to: gen_data/starlink_550_isls_plus_grid_ground_stations_top_100_with_hsinchu_algorithm_hierarchical_virtual_gid_27deg_k1/dynamic_state_2000ms_for_200s/fstate_86000000000.txt
  > [SIGNALING] 累計統計: 94 事件, 0 字節
[STATS-DEBUG] 開始生成統計文件... PID=1714338, TID=130062513632320
[DEBUG] output_dynamic_state_dir: gen_data/starlink_550_isls_plus_grid_ground_stations_top_100_with_hsinchu_algorithm_hierarchical_virtual_gid_27deg_k1/dynamic_state_2000ms_for_200s
[DEBUG] k_best: 1
[DEBUG] scenario_info: ''
[DEBUG] temp_dir_name: temp_grhr_k1
  > [SIGNALING] 累計統計: 96 事件, 0 字節
FORWARDING STATE AT T = 88000000000ns (= 88.0 seconds)

BASIC INFORMATION
  > Epoch.................. 2000-01-01 00:00:00.000
  > Time since epoch....... 88000000000 ns
  > Absolute time.......... 2000-01-01 00:01:28.000
  > Satellites............. 1584
  > Ground stations........ 101
  > Max. range GSL......... 1089686.4181956202m
  > Max. range ISL......... 5016591.233098428m

ISL INFORMATION
  > Total ISLs............. 3168
  > Min. ISLs/satellite.... 4
  > Max. ISLs/satellite.... 4

GSL INTERFACE INFORMATION
  > Min. GSL IFs/satellite........ 1
  > Max. GSL IFs/satellite........ 1
  > Min. GSL IFs/ground station... 1
  > Max. GSL IFs/ground_station... 1

GSL IN-RANGE INFORMATION
  > Min. satellites in range... 4
  > Max. satellites in range... 20
[MODE] SP_OVER_PID_QUOTIENT=True
  > Calculating Floyd-Warshall for graph without ground-station relays
  > Writing forwarding state to: gen_data/starlink_550_isls_plus_grid_ground_stations_top_100_with_hsinchu_algorithm_hierarchical_virtual_gid_27deg_k1/dynamic_state_2000ms_for_200s/fstate_88000000000.txt
  > [SIGNALING] 累計統計: 99 事件, 0 字節
[STATS-DEBUG] 開始生成統計文件... PID=1714338, TID=130062513632320
[DEBUG] output_dynamic_state_dir: gen_data/starlink_550_isls_plus_grid_ground_stations_top_100_with_hsinchu_algorithm_hierarchical_virtual_gid_27deg_k1/dynamic_state_2000ms_for_200s
[DEBUG] k_best: 1
[DEBUG] scenario_info: ''
[DEBUG] temp_dir_name: temp_grhr_k1
  > [SIGNALING] 累計統計: 101 事件, 0 字節
FORWARDING STATE AT T = 90000000000ns (= 90.0 seconds)

BASIC INFORMATION
  > Epoch.................. 2000-01-01 00:00:00.000
  > Time since epoch....... 90000000000 ns
  > Absolute time.......... 2000-01-01 00:01:30.000
  > Satellites............. 1584
  > Ground stations........ 101
  > Max. range GSL......... 1089686.4181956202m
  > Max. range ISL......... 5016591.233098428m

ISL INFORMATION
  > Total ISLs............. 3168
  > Min. ISLs/satellite.... 4
  > Max. ISLs/satellite.... 4

GSL INTERFACE INFORMATION
  > Min. GSL IFs/satellite........ 1
  > Max. GSL IFs/satellite........ 1
  > Min. GSL IFs/ground station... 1
  > Max. GSL IFs/ground_station... 1

GSL IN-RANGE INFORMATION
  > Min. satellites in range... 4
  > Max. satellites in range... 19
[MODE] SP_OVER_PID_QUOTIENT=True
  > Calculating Floyd-Warshall for graph without ground-station relays
  > Writing forwarding state to: gen_data/starlink_550_isls_plus_grid_ground_stations_top_100_with_hsinchu_algorithm_hierarchical_virtual_gid_27deg_k1/dynamic_state_2000ms_for_200s/fstate_90000000000.txt
  > [SIGNALING] 累計統計: 104 事件, 0 字節
[STATS-DEBUG] 開始生成統計文件... PID=1714338, TID=130062513632320
[DEBUG] output_dynamic_state_dir: gen_data/starlink_550_isls_plus_grid_ground_stations_top_100_with_hsinchu_algorithm_hierarchical_virtual_gid_27deg_k1/dynamic_state_2000ms_for_200s
[DEBUG] k_best: 1
[DEBUG] scenario_info: ''
[DEBUG] temp_dir_name: temp_grhr_k1
  > [SIGNALING] 累計統計: 106 事件, 0 字節
FORWARDING STATE AT T = 92000000000ns (= 92.0 seconds)

BASIC INFORMATION
  > Epoch.................. 2000-01-01 00:00:00.000
  > Time since epoch....... 92000000000 ns
  > Absolute time.......... 2000-01-01 00:01:32.000
  > Satellites............. 1584
  > Ground stations........ 101
  > Max. range GSL......... 1089686.4181956202m
  > Max. range ISL......... 5016591.233098428m

ISL INFORMATION
  > Total ISLs............. 3168
  > Min. ISLs/satellite.... 4
  > Max. ISLs/satellite.... 4

GSL INTERFACE INFORMATION
  > Min. GSL IFs/satellite........ 1
  > Max. GSL IFs/satellite........ 1
  > Min. GSL IFs/ground station... 1
FORWARDING STATE AT T = 32000000000ns (= 32.0 seconds)

BASIC INFORMATION
  > Epoch.................. 2000-01-01 00:00:00.000
  > Time since epoch....... 32000000000 ns
  > Absolute time.......... 2000-01-01 00:00:32.000
  > Satellites............. 1584
  > Ground stations........ 101
  > Max. range GSL......... 1089686.4181956202m
  > Max. range ISL......... 5016591.233098428m

ISL INFORMATION
  > Total ISLs............. 3168
  > Min. ISLs/satellite.... 4
  > Max. ISLs/satellite.... 4

GSL INTERFACE INFORMATION
  > Min. GSL IFs/satellite........ 1
  > Max. GSL IFs/satellite........ 1
  > Min. GSL IFs/ground station... 1
  > Max. GSL IFs/ground_station... 1

GSL IN-RANGE INFORMATION
  > Min. satellites in range... 4
  > Max. satellites in range... 19
[MODE] SP_OVER_PID_QUOTIENT=True
  > Calculating Floyd-Warshall for graph without ground-station relays
  > Writing forwarding state to: gen_data/starlink_550_isls_plus_grid_ground_stations_top_100_with_hsinchu_algorithm_hierarchical_virtual_gid_27deg_k1/dynamic_state_2000ms_for_200s/fstate_32000000000.txt
  > [SIGNALING] 累計統計: 84 事件, 0 字節
[STATS-DEBUG] 開始生成統計文件... PID=1714337, TID=130062513632320
[DEBUG] output_dynamic_state_dir: gen_data/starlink_550_isls_plus_grid_ground_stations_top_100_with_hsinchu_algorithm_hierarchical_virtual_gid_27deg_k1/dynamic_state_2000ms_for_200s
[DEBUG] k_best: 1
[DEBUG] scenario_info: ''
[DEBUG] temp_dir_name: temp_grhr_k1
  > [SIGNALING] 累計統計: 86 事件, 0 字節
FORWARDING STATE AT T = 34000000000ns (= 34.0 seconds)

BASIC INFORMATION
  > Epoch.................. 2000-01-01 00:00:00.000
  > Time since epoch....... 34000000000 ns
  > Absolute time.......... 2000-01-01 00:00:34.000
  > Satellites............. 1584
  > Ground stations........ 101
  > Max. range GSL......... 1089686.4181956202m
  > Max. range ISL......... 5016591.233098428m

ISL INFORMATION
  > Total ISLs............. 3168
  > Min. ISLs/satellite.... 4
  > Max. ISLs/satellite.... 4

GSL INTERFACE INFORMATION
  > Min. GSL IFs/satellite........ 1
  > Max. GSL IFs/satellite........ 1
  > Min. GSL IFs/ground station... 1
  > Max. GSL IFs/ground_station... 1

GSL IN-RANGE INFORMATION
  > Min. satellites in range... 4
  > Max. satellites in range... 19
[MODE] SP_OVER_PID_QUOTIENT=True
  > Calculating Floyd-Warshall for graph without ground-station relays
  > Writing forwarding state to: gen_data/starlink_550_isls_plus_grid_ground_stations_top_100_with_hsinchu_algorithm_hierarchical_virtual_gid_27deg_k1/dynamic_state_2000ms_for_200s/fstate_34000000000.txt
  > [SIGNALING] 累計統計: 89 事件, 0 字節
[STATS-DEBUG] 開始生成統計文件... PID=1714337, TID=130062513632320
[DEBUG] output_dynamic_state_dir: gen_data/starlink_550_isls_plus_grid_ground_stations_top_100_with_hsinchu_algorithm_hierarchical_virtual_gid_27deg_k1/dynamic_state_2000ms_for_200s
[DEBUG] k_best: 1
[DEBUG] scenario_info: ''
[DEBUG] temp_dir_name: temp_grhr_k1
  > [SIGNALING] 累計統計: 91 事件, 0 字節
FORWARDING STATE AT T = 36000000000ns (= 36.0 seconds)

BASIC INFORMATION
  > Epoch.................. 2000-01-01 00:00:00.000
  > Time since epoch....... 36000000000 ns
  > Absolute time.......... 2000-01-01 00:00:36.000
  > Satellites............. 1584
  > Ground stations........ 101
  > Max. range GSL......... 1089686.4181956202m
  > Max. range ISL......... 5016591.233098428m

ISL INFORMATION
  > Total ISLs............. 3168
  > Min. ISLs/satellite.... 4
  > Max. ISLs/satellite.... 4

GSL INTERFACE INFORMATION
  > Min. GSL IFs/satellite........ 1
  > Max. GSL IFs/satellite........ 1
  > Min. GSL IFs/ground station... 1
  > Max. GSL IFs/ground_station... 1

GSL IN-RANGE INFORMATION
  > Min. satellites in range... 4
  > Max. satellites in range... 19
[MODE] SP_OVER_PID_QUOTIENT=True
  > Calculating Floyd-Warshall for graph without ground-station relays
  > Writing forwarding state to: gen_data/starlink_550_isls_plus_grid_ground_stations_top_100_with_hsinchu_algorithm_hierarchical_virtual_gid_27deg_k1/dynamic_state_2000ms_for_200s/fstate_36000000000.txt
  > [SIGNALING] 累計統計: 94 事件, 0 字節
[STATS-DEBUG] 開始生成統計文件... PID=1714337, TID=130062513632320
[DEBUG] output_dynamic_state_dir: gen_data/starlink_550_isls_plus_grid_ground_stations_top_100_with_hsinchu_algorithm_hierarchical_virtual_gid_27deg_k1/dynamic_state_2000ms_for_200s
[DEBUG] k_best: 1
[DEBUG] scenario_info: ''
[DEBUG] temp_dir_name: temp_grhr_k1
  > [SIGNALING] 累計統計: 96 事件, 0 字節
FORWARDING STATE AT T = 38000000000ns (= 38.0 seconds)

BASIC INFORMATION
  > Epoch.................. 2000-01-01 00:00:00.000
  > Time since epoch....... 38000000000 ns
  > Absolute time.......... 2000-01-01 00:00:38.000
  > Satellites............. 1584
  > Ground stations........ 101
  > Max. range GSL......... 1089686.4181956202m
  > Max. range ISL......... 5016591.233098428m

ISL INFORMATION
  > Total ISLs............. 3168
  > Min. ISLs/satellite.... 4
  > Max. ISLs/satellite.... 4

GSL INTERFACE INFORMATION
  > Min. GSL IFs/satellite........ 1
  > Max. GSL IFs/satellite........ 1
  > Min. GSL IFs/ground station... 1
  > Max. GSL IFs/ground_station... 1

GSL IN-RANGE INFORMATION
  > Min. satellites in range... 3
  > Max. satellites in range... 19
[MODE] SP_OVER_PID_QUOTIENT=True
  > Calculating Floyd-Warshall for graph without ground-station relays
  > Writing forwarding state to: gen_data/starlink_550_isls_plus_grid_ground_stations_top_100_with_hsinchu_algorithm_hierarchical_virtual_gid_27deg_k1/dynamic_state_2000ms_for_200s/fstate_38000000000.txt
  > [SIGNALING] 累計統計: 99 事件, 0 字節
[STATS-DEBUG] 開始生成統計文件... PID=1714337, TID=130062513632320
[DEBUG] output_dynamic_state_dir: gen_data/starlink_550_isls_plus_grid_ground_stations_top_100_with_hsinchu_algorithm_hierarchical_virtual_gid_27deg_k1/dynamic_state_2000ms_for_200s
[DEBUG] k_best: 1
[DEBUG] scenario_info: ''
[DEBUG] temp_dir_name: temp_grhr_k1
  > [SIGNALING] 累計統計: 101 事件, 0 字節
FORWARDING STATE AT T = 40000000000ns (= 40.0 seconds)

BASIC INFORMATION
  > Epoch.................. 2000-01-01 00:00:00.000
  > Time since epoch....... 40000000000 ns
  > Absolute time.......... 2000-01-01 00:00:40.000
  > Satellites............. 1584
  > Ground stations........ 101
  > Max. range GSL......... 1089686.4181956202m
  > Max. range ISL......... 5016591.233098428m

ISL INFORMATION
  > Total ISLs............. 3168
  > Min. ISLs/satellite.... 4
  > Max. ISLs/satellite.... 4

GSL INTERFACE INFORMATION
  > Min. GSL IFs/satellite........ 1
  > Max. GSL IFs/satellite........ 1
  > Min. GSL IFs/ground station... 1
  > Max. GSL IFs/ground_station... 1

GSL IN-RANGE INFORMATION
  > Min. satellites in range... 3
  > Max. satellites in range... 19
[MODE] SP_OVER_PID_QUOTIENT=True
  > Calculating Floyd-Warshall for graph without ground-station relays
  > Writing forwarding state to: gen_data/starlink_550_isls_plus_grid_ground_stations_top_100_with_hsinchu_algorithm_hierarchical_virtual_gid_27deg_k1/dynamic_state_2000ms_for_200s/fstate_40000000000.txt
  > [SIGNALING] 累計統計: 104 事件, 0 字節
[STATS-DEBUG] 開始生成統計文件... PID=1714337, TID=130062513632320
[DEBUG] output_dynamic_state_dir: gen_data/starlink_550_isls_plus_grid_ground_stations_top_100_with_hsinchu_algorithm_hierarchical_virtual_gid_27deg_k1/dynamic_state_2000ms_for_200s
[DEBUG] k_best: 1
[DEBUG] scenario_info: ''
[DEBUG] temp_dir_name: temp_grhr_k1
  > [SIGNALING] 累計統計: 106 事件, 0 字節
FORWARDING STATE AT T = 42000000000ns (= 42.0 seconds)

BASIC INFORMATION
  > Epoch.................. 2000-01-01 00:00:00.000
  > Time since epoch....... 42000000000 ns
  > Absolute time.......... 2000-01-01 00:00:42.000
  > Satellites............. 1584
  > Ground stations........ 101
  > Max. range GSL......... 1089686.4181956202m
  > Max. range ISL......... 5016591.233098428m

ISL INFORMATION
  > Total ISLs............. 3168
  > Min. ISLs/satellite.... 4
  > Max. ISLs/satellite.... 4

GSL INTERFACE INFORMATION
  > Min. GSL IFs/satellite........ 1
  > Max. GSL IFs/satellite........ 1
  > Min. GSL IFs/ground station... 1
  > Min. GSL IFs/satellite........ 1
  > Max. GSL IFs/satellite........ 1
  > Min. GSL IFs/ground station... 1
  > Max. GSL IFs/ground_station... 1

GSL IN-RANGE INFORMATION
  > Min. satellites in range... 4
  > Max. satellites in range... 20
[MODE] SP_OVER_PID_QUOTIENT=True
  > Calculating Floyd-Warshall for graph without ground-station relays
  > Writing forwarding state to: gen_data/starlink_550_isls_plus_grid_ground_stations_top_100_with_hsinchu_algorithm_hierarchical_virtual_gid_27deg_k1/dynamic_state_2000ms_for_200s/fstate_192000000000.txt
  > [SIGNALING] 累計統計: 109 事件, 0 字節
[STATS-DEBUG] 開始生成統計文件... PID=1714340, TID=130062513632320
[DEBUG] output_dynamic_state_dir: gen_data/starlink_550_isls_plus_grid_ground_stations_top_100_with_hsinchu_algorithm_hierarchical_virtual_gid_27deg_k1/dynamic_state_2000ms_for_200s
[DEBUG] k_best: 1
[DEBUG] scenario_info: ''
[DEBUG] temp_dir_name: temp_grhr_k1
  > [SIGNALING] 累計統計: 111 事件, 0 字節
FORWARDING STATE AT T = 194000000000ns (= 194.0 seconds)

BASIC INFORMATION
  > Epoch.................. 2000-01-01 00:00:00.000
  > Time since epoch....... 194000000000 ns
  > Absolute time.......... 2000-01-01 00:03:14.000
  > Satellites............. 1584
  > Ground stations........ 101
  > Max. range GSL......... 1089686.4181956202m
  > Max. range ISL......... 5016591.233098428m

ISL INFORMATION
  > Total ISLs............. 3168
  > Min. ISLs/satellite.... 4
  > Max. ISLs/satellite.... 4

GSL INTERFACE INFORMATION
  > Min. GSL IFs/satellite........ 1
  > Max. GSL IFs/satellite........ 1
  > Min. GSL IFs/ground station... 1
  > Max. GSL IFs/ground_station... 1

GSL IN-RANGE INFORMATION
  > Min. satellites in range... 4
  > Max. satellites in range... 20
[MODE] SP_OVER_PID_QUOTIENT=True
  > Calculating Floyd-Warshall for graph without ground-station relays
  > Writing forwarding state to: gen_data/starlink_550_isls_plus_grid_ground_stations_top_100_with_hsinchu_algorithm_hierarchical_virtual_gid_27deg_k1/dynamic_state_2000ms_for_200s/fstate_194000000000.txt
  > [SIGNALING] 累計統計: 114 事件, 0 字節
[STATS-DEBUG] 開始生成統計文件... PID=1714340, TID=130062513632320
[DEBUG] output_dynamic_state_dir: gen_data/starlink_550_isls_plus_grid_ground_stations_top_100_with_hsinchu_algorithm_hierarchical_virtual_gid_27deg_k1/dynamic_state_2000ms_for_200s
[DEBUG] k_best: 1
[DEBUG] scenario_info: ''
[DEBUG] temp_dir_name: temp_grhr_k1
  > [SIGNALING] 累計統計: 116 事件, 0 字節
FORWARDING STATE AT T = 196000000000ns (= 196.0 seconds)

BASIC INFORMATION
  > Epoch.................. 2000-01-01 00:00:00.000
  > Time since epoch....... 196000000000 ns
  > Absolute time.......... 2000-01-01 00:03:16.000
  > Satellites............. 1584
  > Ground stations........ 101
  > Max. range GSL......... 1089686.4181956202m
  > Max. range ISL......... 5016591.233098428m

ISL INFORMATION
  > Total ISLs............. 3168
  > Min. ISLs/satellite.... 4
  > Max. ISLs/satellite.... 4

GSL INTERFACE INFORMATION
  > Min. GSL IFs/satellite........ 1
  > Max. GSL IFs/satellite........ 1
  > Min. GSL IFs/ground station... 1
  > Max. GSL IFs/ground_station... 1

GSL IN-RANGE INFORMATION
  > Min. satellites in range... 4
  > Max. satellites in range... 20
[MODE] SP_OVER_PID_QUOTIENT=True
  > Calculating Floyd-Warshall for graph without ground-station relays
  > Writing forwarding state to: gen_data/starlink_550_isls_plus_grid_ground_stations_top_100_with_hsinchu_algorithm_hierarchical_virtual_gid_27deg_k1/dynamic_state_2000ms_for_200s/fstate_196000000000.txt
  > [SIGNALING] 累計統計: 119 事件, 0 字節
[STATS-DEBUG] 開始生成統計文件... PID=1714340, TID=130062513632320
[DEBUG] output_dynamic_state_dir: gen_data/starlink_550_isls_plus_grid_ground_stations_top_100_with_hsinchu_algorithm_hierarchical_virtual_gid_27deg_k1/dynamic_state_2000ms_for_200s
[DEBUG] k_best: 1
[DEBUG] scenario_info: ''
[DEBUG] temp_dir_name: temp_grhr_k1
  > [SIGNALING] 累計統計: 121 事件, 0 字節
FORWARDING STATE AT T = 198000000000ns (= 198.0 seconds)

BASIC INFORMATION
  > Epoch.................. 2000-01-01 00:00:00.000
  > Time since epoch....... 198000000000 ns
  > Absolute time.......... 2000-01-01 00:03:18.000
  > Satellites............. 1584
  > Ground stations........ 101
  > Max. range GSL......... 1089686.4181956202m
  > Max. range ISL......... 5016591.233098428m

ISL INFORMATION
  > Total ISLs............. 3168
  > Min. ISLs/satellite.... 4
  > Max. ISLs/satellite.... 4

GSL INTERFACE INFORMATION
  > Min. GSL IFs/satellite........ 1
  > Max. GSL IFs/satellite........ 1
  > Min. GSL IFs/ground station... 1
  > Max. GSL IFs/ground_station... 1

GSL IN-RANGE INFORMATION
  > Min. satellites in range... 4
  > Max. satellites in range... 20
[MODE] SP_OVER_PID_QUOTIENT=True
  > Calculating Floyd-Warshall for graph without ground-station relays
  > Writing forwarding state to: gen_data/starlink_550_isls_plus_grid_ground_stations_top_100_with_hsinchu_algorithm_hierarchical_virtual_gid_27deg_k1/dynamic_state_2000ms_for_200s/fstate_198000000000.txt
  > [SIGNALING] 累計統計: 124 事件, 0 字節
[STATS-DEBUG] 開始生成統計文件... PID=1714340, TID=130062513632320
[DEBUG] output_dynamic_state_dir: gen_data/starlink_550_isls_plus_grid_ground_stations_top_100_with_hsinchu_algorithm_hierarchical_virtual_gid_27deg_k1/dynamic_state_2000ms_for_200s
[DEBUG] k_best: 1
[DEBUG] scenario_info: ''
[DEBUG] temp_dir_name: temp_grhr_k1
  > [SIGNALING] 累計統計: 126 事件, 0 字節
  > Min. GSL IFs/satellite........ 1
  > Max. GSL IFs/satellite........ 1
  > Min. GSL IFs/ground station... 1
  > Max. GSL IFs/ground_station... 1

GSL IN-RANGE INFORMATION
  > Min. satellites in range... 3
  > Max. satellites in range... 20
[MODE] SP_OVER_PID_QUOTIENT=True
  > Calculating Floyd-Warshall for graph without ground-station relays
  > Writing forwarding state to: gen_data/starlink_550_isls_plus_grid_ground_stations_top_100_with_hsinchu_algorithm_hierarchical_virtual_gid_27deg_k1/dynamic_state_2000ms_for_200s/fstate_142000000000.txt
  > [SIGNALING] 累計統計: 109 事件, 0 字節
[STATS-DEBUG] 開始生成統計文件... PID=1714339, TID=130062513632320
[DEBUG] output_dynamic_state_dir: gen_data/starlink_550_isls_plus_grid_ground_stations_top_100_with_hsinchu_algorithm_hierarchical_virtual_gid_27deg_k1/dynamic_state_2000ms_for_200s
[DEBUG] k_best: 1
[DEBUG] scenario_info: ''
[DEBUG] temp_dir_name: temp_grhr_k1
  > [SIGNALING] 累計統計: 111 事件, 0 字節
FORWARDING STATE AT T = 144000000000ns (= 144.0 seconds)

BASIC INFORMATION
  > Epoch.................. 2000-01-01 00:00:00.000
  > Time since epoch....... 144000000000 ns
  > Absolute time.......... 2000-01-01 00:02:24.000
  > Satellites............. 1584
  > Ground stations........ 101
  > Max. range GSL......... 1089686.4181956202m
  > Max. range ISL......... 5016591.233098428m

ISL INFORMATION
  > Total ISLs............. 3168
  > Min. ISLs/satellite.... 4
  > Max. ISLs/satellite.... 4

GSL INTERFACE INFORMATION
  > Min. GSL IFs/satellite........ 1
  > Max. GSL IFs/satellite........ 1
  > Min. GSL IFs/ground station... 1
  > Max. GSL IFs/ground_station... 1

GSL IN-RANGE INFORMATION
  > Min. satellites in range... 3
  > Max. satellites in range... 21
[MODE] SP_OVER_PID_QUOTIENT=True
  > Calculating Floyd-Warshall for graph without ground-station relays
  > Writing forwarding state to: gen_data/starlink_550_isls_plus_grid_ground_stations_top_100_with_hsinchu_algorithm_hierarchical_virtual_gid_27deg_k1/dynamic_state_2000ms_for_200s/fstate_144000000000.txt
  > [SIGNALING] 累計統計: 114 事件, 0 字節
[STATS-DEBUG] 開始生成統計文件... PID=1714339, TID=130062513632320
[DEBUG] output_dynamic_state_dir: gen_data/starlink_550_isls_plus_grid_ground_stations_top_100_with_hsinchu_algorithm_hierarchical_virtual_gid_27deg_k1/dynamic_state_2000ms_for_200s
[DEBUG] k_best: 1
[DEBUG] scenario_info: ''
[DEBUG] temp_dir_name: temp_grhr_k1
  > [SIGNALING] 累計統計: 116 事件, 0 字節
FORWARDING STATE AT T = 146000000000ns (= 146.0 seconds)

BASIC INFORMATION
  > Epoch.................. 2000-01-01 00:00:00.000
  > Time since epoch....... 146000000000 ns
  > Absolute time.......... 2000-01-01 00:02:26.000
  > Satellites............. 1584
  > Ground stations........ 101
  > Max. range GSL......... 1089686.4181956202m
  > Max. range ISL......... 5016591.233098428m

ISL INFORMATION
  > Total ISLs............. 3168
  > Min. ISLs/satellite.... 4
  > Max. ISLs/satellite.... 4

GSL INTERFACE INFORMATION
  > Min. GSL IFs/satellite........ 1
  > Max. GSL IFs/satellite........ 1
  > Min. GSL IFs/ground station... 1
  > Max. GSL IFs/ground_station... 1

GSL IN-RANGE INFORMATION
  > Min. satellites in range... 3
  > Max. satellites in range... 20
[MODE] SP_OVER_PID_QUOTIENT=True
  > Calculating Floyd-Warshall for graph without ground-station relays
  > Writing forwarding state to: gen_data/starlink_550_isls_plus_grid_ground_stations_top_100_with_hsinchu_algorithm_hierarchical_virtual_gid_27deg_k1/dynamic_state_2000ms_for_200s/fstate_146000000000.txt
  > [SIGNALING] 累計統計: 119 事件, 0 字節
[STATS-DEBUG] 開始生成統計文件... PID=1714339, TID=130062513632320
[DEBUG] output_dynamic_state_dir: gen_data/starlink_550_isls_plus_grid_ground_stations_top_100_with_hsinchu_algorithm_hierarchical_virtual_gid_27deg_k1/dynamic_state_2000ms_for_200s
[DEBUG] k_best: 1
[DEBUG] scenario_info: ''
[DEBUG] temp_dir_name: temp_grhr_k1
  > [SIGNALING] 累計統計: 121 事件, 0 字節
FORWARDING STATE AT T = 148000000000ns (= 148.0 seconds)

BASIC INFORMATION
  > Epoch.................. 2000-01-01 00:00:00.000
  > Time since epoch....... 148000000000 ns
  > Absolute time.......... 2000-01-01 00:02:28.000
  > Satellites............. 1584
  > Ground stations........ 101
  > Max. range GSL......... 1089686.4181956202m
  > Max. range ISL......... 5016591.233098428m

ISL INFORMATION
  > Total ISLs............. 3168
  > Min. ISLs/satellite.... 4
  > Max. ISLs/satellite.... 4

GSL INTERFACE INFORMATION
  > Min. GSL IFs/satellite........ 1
  > Max. GSL IFs/satellite........ 1
  > Min. GSL IFs/ground station... 1
  > Max. GSL IFs/ground_station... 1

GSL IN-RANGE INFORMATION
  > Min. satellites in range... 3
  > Max. satellites in range... 21
[MODE] SP_OVER_PID_QUOTIENT=True
  > Calculating Floyd-Warshall for graph without ground-station relays
  > Writing forwarding state to: gen_data/starlink_550_isls_plus_grid_ground_stations_top_100_with_hsinchu_algorithm_hierarchical_virtual_gid_27deg_k1/dynamic_state_2000ms_for_200s/fstate_148000000000.txt
  > [SIGNALING] 累計統計: 124 事件, 0 字節
[STATS-DEBUG] 開始生成統計文件... PID=1714339, TID=130062513632320
[DEBUG] output_dynamic_state_dir: gen_data/starlink_550_isls_plus_grid_ground_stations_top_100_with_hsinchu_algorithm_hierarchical_virtual_gid_27deg_k1/dynamic_state_2000ms_for_200s
[DEBUG] k_best: 1
[DEBUG] scenario_info: ''
[DEBUG] temp_dir_name: temp_grhr_k1
  > [SIGNALING] 累計統計: 126 事件, 0 字節
FORWARDING STATE AT T = 150000000000ns (= 150.0 seconds)

BASIC INFORMATION
  > Epoch.................. 2000-01-01 00:00:00.000
  > Time since epoch....... 150000000000 ns
  > Absolute time.......... 2000-01-01 00:02:30.000
  > Satellites............. 1584
  > Ground stations........ 101
  > Max. range GSL......... 1089686.4181956202m
  > Max. range ISL......... 5016591.233098428m

ISL INFORMATION
  > Total ISLs............. 3168
  > Min. ISLs/satellite.... 4
  > Max. ISLs/satellite.... 4

GSL INTERFACE INFORMATION
  > Min. GSL IFs/satellite........ 1
  > Max. GSL IFs/satellite........ 1
  > Min. GSL IFs/ground station... 1
  > Max. GSL IFs/ground_station... 1

GSL IN-RANGE INFORMATION
  > Min. satellites in range... 3
  > Max. satellites in range... 21
[MODE] SP_OVER_PID_QUOTIENT=True
  > Calculating Floyd-Warshall for graph without ground-station relays
  > Writing forwarding state to: gen_data/starlink_550_isls_plus_grid_ground_stations_top_100_with_hsinchu_algorithm_hierarchical_virtual_gid_27deg_k1/dynamic_state_2000ms_for_200s/fstate_150000000000.txt
  > [SIGNALING] 累計統計: 129 事件, 0 字節
[STATS-DEBUG] 開始生成統計文件... PID=1714339, TID=130062513632320
[DEBUG] output_dynamic_state_dir: gen_data/starlink_550_isls_plus_grid_ground_stations_top_100_with_hsinchu_algorithm_hierarchical_virtual_gid_27deg_k1/dynamic_state_2000ms_for_200s
[DEBUG] k_best: 1
[DEBUG] scenario_info: ''
[DEBUG] temp_dir_name: temp_grhr_k1
  > [SIGNALING] 累計統計: 131 事件, 0 字節
  > Max. GSL IFs/ground_station... 1

GSL IN-RANGE INFORMATION
  > Min. satellites in range... 3
  > Max. satellites in range... 19
[MODE] SP_OVER_PID_QUOTIENT=True
  > Calculating Floyd-Warshall for graph without ground-station relays
  > Writing forwarding state to: gen_data/starlink_550_isls_plus_grid_ground_stations_top_100_with_hsinchu_algorithm_hierarchical_virtual_gid_27deg_k1/dynamic_state_2000ms_for_200s/fstate_42000000000.txt
  > [SIGNALING] 累計統計: 109 事件, 0 字節
[STATS-DEBUG] 開始生成統計文件... PID=1714337, TID=130062513632320
[DEBUG] output_dynamic_state_dir: gen_data/starlink_550_isls_plus_grid_ground_stations_top_100_with_hsinchu_algorithm_hierarchical_virtual_gid_27deg_k1/dynamic_state_2000ms_for_200s
[DEBUG] k_best: 1
[DEBUG] scenario_info: ''
[DEBUG] temp_dir_name: temp_grhr_k1
  > [SIGNALING] 累計統計: 111 事件, 0 字節
FORWARDING STATE AT T = 44000000000ns (= 44.0 seconds)

BASIC INFORMATION
  > Epoch.................. 2000-01-01 00:00:00.000
  > Time since epoch....... 44000000000 ns
  > Absolute time.......... 2000-01-01 00:00:44.000
  > Satellites............. 1584
  > Ground stations........ 101
  > Max. range GSL......... 1089686.4181956202m
  > Max. range ISL......... 5016591.233098428m

ISL INFORMATION
  > Total ISLs............. 3168
  > Min. ISLs/satellite.... 4
  > Max. ISLs/satellite.... 4

GSL INTERFACE INFORMATION
  > Min. GSL IFs/satellite........ 1
  > Max. GSL IFs/satellite........ 1
  > Min. GSL IFs/ground station... 1
  > Max. GSL IFs/ground_station... 1

GSL IN-RANGE INFORMATION
  > Min. satellites in range... 3
  > Max. satellites in range... 19
[MODE] SP_OVER_PID_QUOTIENT=True
  > Calculating Floyd-Warshall for graph without ground-station relays
  > Writing forwarding state to: gen_data/starlink_550_isls_plus_grid_ground_stations_top_100_with_hsinchu_algorithm_hierarchical_virtual_gid_27deg_k1/dynamic_state_2000ms_for_200s/fstate_44000000000.txt
  > [SIGNALING] 累計統計: 114 事件, 0 字節
[STATS-DEBUG] 開始生成統計文件... PID=1714337, TID=130062513632320
[DEBUG] output_dynamic_state_dir: gen_data/starlink_550_isls_plus_grid_ground_stations_top_100_with_hsinchu_algorithm_hierarchical_virtual_gid_27deg_k1/dynamic_state_2000ms_for_200s
[DEBUG] k_best: 1
[DEBUG] scenario_info: ''
[DEBUG] temp_dir_name: temp_grhr_k1
  > [SIGNALING] 累計統計: 116 事件, 0 字節
FORWARDING STATE AT T = 46000000000ns (= 46.0 seconds)

BASIC INFORMATION
  > Epoch.................. 2000-01-01 00:00:00.000
  > Time since epoch....... 46000000000 ns
  > Absolute time.......... 2000-01-01 00:00:46.000
  > Satellites............. 1584
  > Ground stations........ 101
  > Max. range GSL......... 1089686.4181956202m
  > Max. range ISL......... 5016591.233098428m

ISL INFORMATION
  > Total ISLs............. 3168
  > Min. ISLs/satellite.... 4
  > Max. ISLs/satellite.... 4

GSL INTERFACE INFORMATION
  > Min. GSL IFs/satellite........ 1
  > Max. GSL IFs/satellite........ 1
  > Min. GSL IFs/ground station... 1
  > Max. GSL IFs/ground_station... 1

GSL IN-RANGE INFORMATION
  > Min. satellites in range... 3
  > Max. satellites in range... 18
[MODE] SP_OVER_PID_QUOTIENT=True
  > Calculating Floyd-Warshall for graph without ground-station relays
  > Writing forwarding state to: gen_data/starlink_550_isls_plus_grid_ground_stations_top_100_with_hsinchu_algorithm_hierarchical_virtual_gid_27deg_k1/dynamic_state_2000ms_for_200s/fstate_46000000000.txt
  > [SIGNALING] 累計統計: 119 事件, 0 字節
[STATS-DEBUG] 開始生成統計文件... PID=1714337, TID=130062513632320
[DEBUG] output_dynamic_state_dir: gen_data/starlink_550_isls_plus_grid_ground_stations_top_100_with_hsinchu_algorithm_hierarchical_virtual_gid_27deg_k1/dynamic_state_2000ms_for_200s
[DEBUG] k_best: 1
[DEBUG] scenario_info: ''
[DEBUG] temp_dir_name: temp_grhr_k1
  > [SIGNALING] 累計統計: 121 事件, 0 字節
FORWARDING STATE AT T = 48000000000ns (= 48.0 seconds)

BASIC INFORMATION
  > Epoch.................. 2000-01-01 00:00:00.000
  > Time since epoch....... 48000000000 ns
  > Absolute time.......... 2000-01-01 00:00:48.000
  > Satellites............. 1584
  > Ground stations........ 101
  > Max. range GSL......... 1089686.4181956202m
  > Max. range ISL......... 5016591.233098428m

ISL INFORMATION
  > Total ISLs............. 3168
  > Min. ISLs/satellite.... 4
  > Max. ISLs/satellite.... 4

GSL INTERFACE INFORMATION
  > Min. GSL IFs/satellite........ 1
  > Max. GSL IFs/satellite........ 1
  > Min. GSL IFs/ground station... 1
  > Max. GSL IFs/ground_station... 1

GSL IN-RANGE INFORMATION
  > Min. satellites in range... 2
  > Max. satellites in range... 19
[MODE] SP_OVER_PID_QUOTIENT=True
  > Calculating Floyd-Warshall for graph without ground-station relays
  > Writing forwarding state to: gen_data/starlink_550_isls_plus_grid_ground_stations_top_100_with_hsinchu_algorithm_hierarchical_virtual_gid_27deg_k1/dynamic_state_2000ms_for_200s/fstate_48000000000.txt
  > [SIGNALING] 累計統計: 124 事件, 0 字節
[STATS-DEBUG] 開始生成統計文件... PID=1714337, TID=130062513632320
[DEBUG] output_dynamic_state_dir: gen_data/starlink_550_isls_plus_grid_ground_stations_top_100_with_hsinchu_algorithm_hierarchical_virtual_gid_27deg_k1/dynamic_state_2000ms_for_200s
[DEBUG] k_best: 1
[DEBUG] scenario_info: ''
[DEBUG] temp_dir_name: temp_grhr_k1
  > [SIGNALING] 累計統計: 126 事件, 0 字節
FORWARDING STATE AT T = 50000000000ns (= 50.0 seconds)

BASIC INFORMATION
  > Epoch.................. 2000-01-01 00:00:00.000
  > Time since epoch....... 50000000000 ns
  > Absolute time.......... 2000-01-01 00:00:50.000
  > Satellites............. 1584
  > Ground stations........ 101
  > Max. range GSL......... 1089686.4181956202m
  > Max. range ISL......... 5016591.233098428m

ISL INFORMATION
  > Total ISLs............. 3168
  > Min. ISLs/satellite.... 4
  > Max. ISLs/satellite.... 4

GSL INTERFACE INFORMATION
  > Min. GSL IFs/satellite........ 1
  > Max. GSL IFs/satellite........ 1
  > Min. GSL IFs/ground station... 1
  > Max. GSL IFs/ground_station... 1

GSL IN-RANGE INFORMATION
  > Min. satellites in range... 2
  > Max. satellites in range... 20
[MODE] SP_OVER_PID_QUOTIENT=True
  > Calculating Floyd-Warshall for graph without ground-station relays
  > Writing forwarding state to: gen_data/starlink_550_isls_plus_grid_ground_stations_top_100_with_hsinchu_algorithm_hierarchical_virtual_gid_27deg_k1/dynamic_state_2000ms_for_200s/fstate_50000000000.txt
  > [SIGNALING] 累計統計: 129 事件, 0 字節
[STATS-DEBUG] 開始生成統計文件... PID=1714337, TID=130062513632320
[DEBUG] output_dynamic_state_dir: gen_data/starlink_550_isls_plus_grid_ground_stations_top_100_with_hsinchu_algorithm_hierarchical_virtual_gid_27deg_k1/dynamic_state_2000ms_for_200s
[DEBUG] k_best: 1
[DEBUG] scenario_info: ''
[DEBUG] temp_dir_name: temp_grhr_k1
  > [SIGNALING] 累計統計: 131 事件, 0 字節
  > Max. GSL IFs/ground_station... 1

GSL IN-RANGE INFORMATION
  > Min. satellites in range... 4
  > Max. satellites in range... 19
[MODE] SP_OVER_PID_QUOTIENT=True
  > Calculating Floyd-Warshall for graph without ground-station relays
  > Writing forwarding state to: gen_data/starlink_550_isls_plus_grid_ground_stations_top_100_with_hsinchu_algorithm_hierarchical_virtual_gid_27deg_k1/dynamic_state_2000ms_for_200s/fstate_92000000000.txt
  > [SIGNALING] 累計統計: 109 事件, 0 字節
[STATS-DEBUG] 開始生成統計文件... PID=1714338, TID=130062513632320
[DEBUG] output_dynamic_state_dir: gen_data/starlink_550_isls_plus_grid_ground_stations_top_100_with_hsinchu_algorithm_hierarchical_virtual_gid_27deg_k1/dynamic_state_2000ms_for_200s
[DEBUG] k_best: 1
[DEBUG] scenario_info: ''
[DEBUG] temp_dir_name: temp_grhr_k1
  > [SIGNALING] 累計統計: 111 事件, 0 字節
FORWARDING STATE AT T = 94000000000ns (= 94.0 seconds)

BASIC INFORMATION
  > Epoch.................. 2000-01-01 00:00:00.000
  > Time since epoch....... 94000000000 ns
  > Absolute time.......... 2000-01-01 00:01:34.000
  > Satellites............. 1584
  > Ground stations........ 101
  > Max. range GSL......... 1089686.4181956202m
  > Max. range ISL......... 5016591.233098428m

ISL INFORMATION
  > Total ISLs............. 3168
  > Min. ISLs/satellite.... 4
  > Max. ISLs/satellite.... 4

GSL INTERFACE INFORMATION
  > Min. GSL IFs/satellite........ 1
  > Max. GSL IFs/satellite........ 1
  > Min. GSL IFs/ground station... 1
  > Max. GSL IFs/ground_station... 1

GSL IN-RANGE INFORMATION
  > Min. satellites in range... 5
  > Max. satellites in range... 19
[MODE] SP_OVER_PID_QUOTIENT=True
  > Calculating Floyd-Warshall for graph without ground-station relays
  > Writing forwarding state to: gen_data/starlink_550_isls_plus_grid_ground_stations_top_100_with_hsinchu_algorithm_hierarchical_virtual_gid_27deg_k1/dynamic_state_2000ms_for_200s/fstate_94000000000.txt
  > [SIGNALING] 累計統計: 114 事件, 0 字節
[STATS-DEBUG] 開始生成統計文件... PID=1714338, TID=130062513632320
[DEBUG] output_dynamic_state_dir: gen_data/starlink_550_isls_plus_grid_ground_stations_top_100_with_hsinchu_algorithm_hierarchical_virtual_gid_27deg_k1/dynamic_state_2000ms_for_200s
[DEBUG] k_best: 1
[DEBUG] scenario_info: ''
[DEBUG] temp_dir_name: temp_grhr_k1
  > [SIGNALING] 累計統計: 116 事件, 0 字節
FORWARDING STATE AT T = 96000000000ns (= 96.0 seconds)

BASIC INFORMATION
  > Epoch.................. 2000-01-01 00:00:00.000
  > Time since epoch....... 96000000000 ns
  > Absolute time.......... 2000-01-01 00:01:36.000
  > Satellites............. 1584
  > Ground stations........ 101
  > Max. range GSL......... 1089686.4181956202m
  > Max. range ISL......... 5016591.233098428m

ISL INFORMATION
  > Total ISLs............. 3168
  > Min. ISLs/satellite.... 4
  > Max. ISLs/satellite.... 4

GSL INTERFACE INFORMATION
  > Min. GSL IFs/satellite........ 1
  > Max. GSL IFs/satellite........ 1
  > Min. GSL IFs/ground station... 1
  > Max. GSL IFs/ground_station... 1

GSL IN-RANGE INFORMATION
  > Min. satellites in range... 5
  > Max. satellites in range... 19
[MODE] SP_OVER_PID_QUOTIENT=True
  > Calculating Floyd-Warshall for graph without ground-station relays
  > Writing forwarding state to: gen_data/starlink_550_isls_plus_grid_ground_stations_top_100_with_hsinchu_algorithm_hierarchical_virtual_gid_27deg_k1/dynamic_state_2000ms_for_200s/fstate_96000000000.txt
  > [SIGNALING] 累計統計: 119 事件, 0 字節
[STATS-DEBUG] 開始生成統計文件... PID=1714338, TID=130062513632320
[DEBUG] output_dynamic_state_dir: gen_data/starlink_550_isls_plus_grid_ground_stations_top_100_with_hsinchu_algorithm_hierarchical_virtual_gid_27deg_k1/dynamic_state_2000ms_for_200s
[DEBUG] k_best: 1
[DEBUG] scenario_info: ''
[DEBUG] temp_dir_name: temp_grhr_k1
  > [SIGNALING] 累計統計: 121 事件, 0 字節
FORWARDING STATE AT T = 98000000000ns (= 98.0 seconds)

BASIC INFORMATION
  > Epoch.................. 2000-01-01 00:00:00.000
  > Time since epoch....... 98000000000 ns
  > Absolute time.......... 2000-01-01 00:01:38.000
  > Satellites............. 1584
  > Ground stations........ 101
  > Max. range GSL......... 1089686.4181956202m
  > Max. range ISL......... 5016591.233098428m

ISL INFORMATION
  > Total ISLs............. 3168
  > Min. ISLs/satellite.... 4
  > Max. ISLs/satellite.... 4

GSL INTERFACE INFORMATION
  > Min. GSL IFs/satellite........ 1
  > Max. GSL IFs/satellite........ 1
  > Min. GSL IFs/ground station... 1
  > Max. GSL IFs/ground_station... 1

GSL IN-RANGE INFORMATION
  > Min. satellites in range... 4
  > Max. satellites in range... 19
[MODE] SP_OVER_PID_QUOTIENT=True
  > Calculating Floyd-Warshall for graph without ground-station relays
  > Writing forwarding state to: gen_data/starlink_550_isls_plus_grid_ground_stations_top_100_with_hsinchu_algorithm_hierarchical_virtual_gid_27deg_k1/dynamic_state_2000ms_for_200s/fstate_98000000000.txt
  > [SIGNALING] 累計統計: 124 事件, 0 字節
[STATS-DEBUG] 開始生成統計文件... PID=1714338, TID=130062513632320
[DEBUG] output_dynamic_state_dir: gen_data/starlink_550_isls_plus_grid_ground_stations_top_100_with_hsinchu_algorithm_hierarchical_virtual_gid_27deg_k1/dynamic_state_2000ms_for_200s
[DEBUG] k_best: 1
[DEBUG] scenario_info: ''
[DEBUG] temp_dir_name: temp_grhr_k1
  > [SIGNALING] 累計統計: 126 事件, 0 字節
FORWARDING STATE AT T = 100000000000ns (= 100.0 seconds)

BASIC INFORMATION
  > Epoch.................. 2000-01-01 00:00:00.000
  > Time since epoch....... 100000000000 ns
  > Absolute time.......... 2000-01-01 00:01:40.000
  > Satellites............. 1584
  > Ground stations........ 101
  > Max. range GSL......... 1089686.4181956202m
  > Max. range ISL......... 5016591.233098428m

ISL INFORMATION
  > Total ISLs............. 3168
  > Min. ISLs/satellite.... 4
  > Max. ISLs/satellite.... 4

GSL INTERFACE INFORMATION
  > Min. GSL IFs/satellite........ 1
  > Max. GSL IFs/satellite........ 1
  > Min. GSL IFs/ground station... 1
  > Max. GSL IFs/ground_station... 1

GSL IN-RANGE INFORMATION
  > Min. satellites in range... 5
  > Max. satellites in range... 19
[MODE] SP_OVER_PID_QUOTIENT=True
  > Calculating Floyd-Warshall for graph without ground-station relays
  > Writing forwarding state to: gen_data/starlink_550_isls_plus_grid_ground_stations_top_100_with_hsinchu_algorithm_hierarchical_virtual_gid_27deg_k1/dynamic_state_2000ms_for_200s/fstate_100000000000.txt
  > [SIGNALING] 累計統計: 129 事件, 0 字節
[STATS-DEBUG] 開始生成統計文件... PID=1714338, TID=130062513632320
[DEBUG] output_dynamic_state_dir: gen_data/starlink_550_isls_plus_grid_ground_stations_top_100_with_hsinchu_algorithm_hierarchical_virtual_gid_27deg_k1/dynamic_state_2000ms_for_200s
[DEBUG] k_best: 1
[DEBUG] scenario_info: ''
[DEBUG] temp_dir_name: temp_grhr_k1
  > [SIGNALING] 累計統計: 131 事件, 0 字節
✅ Random P1 K1 完成

執行 Random P1 K2...
[GID] Setting grid degree to 27° and K-best to 2 for hierarchical GID algorithm
Generating ground stations...
Generating TLEs...
Generating ISLs...
Generating description...
Generating GSL interfaces info..
Generating forwarding state...
Thread 0 does interval [0.00 ms, 50000.00 ms]
Thread 1 does interval [50000.00 ms, 100000.00 ms]
Thread 2 does interval [100000.00 ms, 150000.00 ms]
Thread 3 does interval [150000.00 ms, 200000.00 ms]
FORWARDING STATE AT T = 150000000000ns (= 150.0 seconds)

BASIC INFORMATION
  > Epoch.................. 2000-01-01 00:00:00.000
  > Time since epoch....... 150000000000 ns
  > Absolute time.......... 2000-01-01 00:02:30.000
  > Satellites............. 1584
  > Ground stations........ 101
  > Max. range GSL......... 1089686.4181956202m
  > Max. range ISL......... 5016591.233098428m

ISL INFORMATION
  > Total ISLs............. 3168
  > Min. ISLs/satellite.... 4
  > Max. ISLs/satellite.... 4

GSL INTERFACE INFORMATION
  > Min. GSL IFs/satellite........ 1
  > Max. GSL IFs/satellite........ 1
  > Min. GSL IFs/ground station... 1
  > Max. GSL IFs/ground_station... 1

GSL IN-RANGE INFORMATION
  > Min. satellites in range... 3
  > Max. satellites in range... 21

============================================================
🐒 CHAOS MONKEY CONFIGURATION
============================================================
  ENABLE_CHAOS_MONKEY       = True
  CHAOS_FAILURE_RATE        = 0.01 (1.0%)
  CHAOS_INTERVAL_SNAPSHOTS  = 1 (every 0.1s)
  CHAOS_LOG_FILE            = ../../logs/chaos_p1_k2.log
============================================================

[MODE] SP_OVER_PID_QUOTIENT=True
  > Calculating Floyd-Warshall for graph without ground-station relays
  > Writing forwarding state to: gen_data/starlink_550_isls_plus_grid_ground_stations_top_100_with_hsinchu_algorithm_hierarchical_virtual_gid_27deg_k2/dynamic_state_2000ms_for_200s/fstate_150000000000.txt
  > [SIGNALING] 累計統計: 4 事件, 0 字節
[STATS-DEBUG] 開始生成統計文件... PID=1715620, TID=139662272574528
[DEBUG] output_dynamic_state_dir: gen_data/starlink_550_isls_plus_grid_ground_stations_top_100_with_hsinchu_algorithm_hierarchical_virtual_gid_27deg_k2/dynamic_state_2000ms_for_200s
[DEBUG] k_best: 2
[DEBUG] scenario_info: ''
[DEBUG] temp_dir_name: temp_grhr_k2
  > [SIGNALING] 累計統計: 6 事件, 0 字節
FORWARDING STATE AT T = 152000000000ns (= 152.0 seconds)

BASIC INFORMATION
  > Epoch.................. 2000-01-01 00:00:00.000
  > Time since epoch....... 152000000000 ns
  > Absolute time.......... 2000-01-01 00:02:32.000
  > Satellites............. 1584
  > Ground stations........ 101
  > Max. range GSL......... 1089686.4181956202m
  > Max. range ISL......... 5016591.233098428m

ISL INFORMATION
  > Total ISLs............. 3168
  > Min. ISLs/satellite.... 4
  > Max. ISLs/satellite.... 4

GSL INTERFACE INFORMATION
  > Min. GSL IFs/satellite........ 1
  > Max. GSL IFs/satellite........ 1
  > Min. GSL IFs/ground station... 1
  > Max. GSL IFs/ground_station... 1

GSL IN-RANGE INFORMATION
  > Min. satellites in range... 5
  > Max. satellites in range... 20
[MODE] SP_OVER_PID_QUOTIENT=True
  > Calculating Floyd-Warshall for graph without ground-station relays
  > Writing forwarding state to: gen_data/starlink_550_isls_plus_grid_ground_stations_top_100_with_hsinchu_algorithm_hierarchical_virtual_gid_27deg_k2/dynamic_state_2000ms_for_200s/fstate_152000000000.txt
  > [SIGNALING] 累計統計: 9 事件, 0 字節
[STATS-DEBUG] 開始生成統計文件... PID=1715620, TID=139662272574528
[DEBUG] output_dynamic_state_dir: gen_data/starlink_550_isls_plus_grid_ground_stations_top_100_with_hsinchu_algorithm_hierarchical_virtual_gid_27deg_k2/dynamic_state_2000ms_for_200s
[DEBUG] k_best: 2
[DEBUG] scenario_info: ''
[DEBUG] temp_dir_name: temp_grhr_k2
  > [SIGNALING] 累計統計: 11 事件, 0 字節
FORWARDING STATE AT T = 154000000000ns (= 154.0 seconds)

BASIC INFORMATION
  > Epoch.................. 2000-01-01 00:00:00.000
  > Time since epoch....... 154000000000 ns
  > Absolute time.......... 2000-01-01 00:02:34.000
  > Satellites............. 1584
  > Ground stations........ 101
  > Max. range GSL......... 1089686.4181956202m
  > Max. range ISL......... 5016591.233098428m

ISL INFORMATION
  > Total ISLs............. 3168
  > Min. ISLs/satellite.... 4
  > Max. ISLs/satellite.... 4

GSL INTERFACE INFORMATION
  > Min. GSL IFs/satellite........ 1
  > Max. GSL IFs/satellite........ 1
  > Min. GSL IFs/ground station... 1
  > Max. GSL IFs/ground_station... 1

GSL IN-RANGE INFORMATION
  > Min. satellites in range... 5
  > Max. satellites in range... 21
[MODE] SP_OVER_PID_QUOTIENT=True
  > Calculating Floyd-Warshall for graph without ground-station relays
  > Writing forwarding state to: gen_data/starlink_550_isls_plus_grid_ground_stations_top_100_with_hsinchu_algorithm_hierarchical_virtual_gid_27deg_k2/dynamic_state_2000ms_for_200s/fstate_154000000000.txt
  > [SIGNALING] 累計統計: 14 事件, 0 字節
[STATS-DEBUG] 開始生成統計文件... PID=1715620, TID=139662272574528
[DEBUG] output_dynamic_state_dir: gen_data/starlink_550_isls_plus_grid_ground_stations_top_100_with_hsinchu_algorithm_hierarchical_virtual_gid_27deg_k2/dynamic_state_2000ms_for_200s
[DEBUG] k_best: 2
[DEBUG] scenario_info: ''
[DEBUG] temp_dir_name: temp_grhr_k2
  > [SIGNALING] 累計統計: 16 事件, 0 字節
FORWARDING STATE AT T = 156000000000ns (= 156.0 seconds)

BASIC INFORMATION
  > Epoch.................. 2000-01-01 00:00:00.000
  > Time since epoch....... 156000000000 ns
  > Absolute time.......... 2000-01-01 00:02:36.000
  > Satellites............. 1584
  > Ground stations........ 101
  > Max. range GSL......... 1089686.4181956202m
  > Max. range ISL......... 5016591.233098428m

ISL INFORMATION
  > Total ISLs............. 3168
  > Min. ISLs/satellite.... 4
  > Max. ISLs/satellite.... 4

GSL INTERFACE INFORMATION
  > Min. GSL IFs/satellite........ 1
  > Max. GSL IFs/satellite........ 1
  > Min. GSL IFs/ground station... 1
  > Max. GSL IFs/ground_station... 1

GSL IN-RANGE INFORMATION
  > Min. satellites in range... 5
  > Max. satellites in range... 21
[MODE] SP_OVER_PID_QUOTIENT=True
  > Calculating Floyd-Warshall for graph without ground-station relays
  > Writing forwarding state to: gen_data/starlink_550_isls_plus_grid_ground_stations_top_100_with_hsinchu_algorithm_hierarchical_virtual_gid_27deg_k2/dynamic_state_2000ms_for_200s/fstate_156000000000.txt
  > [SIGNALING] 累計統計: 19 事件, 0 字節
[STATS-DEBUG] 開始生成統計文件... PID=1715620, TID=139662272574528
[DEBUG] output_dynamic_state_dir: gen_data/starlink_550_isls_plus_grid_ground_stations_top_100_with_hsinchu_algorithm_hierarchical_virtual_gid_27deg_k2/dynamic_state_2000ms_for_200s
[DEBUG] k_best: 2
[DEBUG] scenario_info: ''
[DEBUG] temp_dir_name: temp_grhr_k2
  > [SIGNALING] 累計統計: 21 事件, 0 字節
FORWARDING STATE AT T = 158000000000ns (= 158.0 seconds)

BASIC INFORMATION
  > Epoch.................. 2000-01-01 00:00:00.000
  > Time since epoch....... 158000000000 ns
  > Absolute time.......... 2000-01-01 00:02:38.000
  > Satellites............. 1584
  > Ground stations........ 101
  > Max. range GSL......... 1089686.4181956202m
  > Max. range ISL......... 5016591.233098428m

ISL INFORMATION
  > Total ISLs............. 3168
  > Min. ISLs/satellite.... 4
  > Max. ISLs/satellite.... 4

GSL INTERFACE INFORMATION
  > Min. GSL IFs/satellite........ 1
  > Max. GSL IFs/satellite........ 1
  > Min. GSL IFs/ground station... 1
  > Max. GSL IFs/ground_station... 1

GSL IN-RANGE INFORMATION
  > Min. satellites in range... 5
  > Max. satellites in range... 20
[MODE] SP_OVER_PID_QUOTIENT=True
  > Calculating Floyd-Warshall for graph without ground-station relays
  > Writing forwarding state to: gen_data/starlink_550_isls_plus_grid_ground_stations_top_100_with_hsinchu_algorithm_hierarchical_virtual_gid_27deg_k2/dynamic_state_2000ms_for_200s/fstate_158000000000.txt
  > [SIGNALING] 累計統計: 24 事件, 0 字節
[STATS-DEBUG] 開始生成統計文件... PID=1715620, TID=139662272574528
[DEBUG] output_dynamic_state_dir: gen_data/starlink_550_isls_plus_grid_ground_stations_top_100_with_hsinchu_algorithm_hierarchical_virtual_gid_27deg_k2/dynamic_state_2000ms_for_200s
[DEBUG] k_best: 2
[DEBUG] scenario_info: ''
[DEBUG] temp_dir_name: temp_grhr_k2
  > [SIGNALING] 累計統計: 26 事件, 0 字節
FORWARDING STATE AT T = 160000000000ns (= 160.0 seconds)

BASIC INFORMATION
  > Epoch.................. 2000-01-01 00:00:00.000
  > Time since epoch....... 160000000000 ns
  > Absolute time.......... 2000-01-01 00:02:40.000
FORWARDING STATE AT T = 0ns (= 0.0 seconds)

BASIC INFORMATION
  > Epoch.................. 2000-01-01 00:00:00.000
  > Time since epoch....... 0 ns
  > Absolute time.......... 2000-01-01 00:00:00.000
  > Satellites............. 1584
  > Ground stations........ 101
  > Max. range GSL......... 1089686.4181956202m
  > Max. range ISL......... 5016591.233098428m

ISL INFORMATION
  > Total ISLs............. 3168
  > Min. ISLs/satellite.... 4
  > Max. ISLs/satellite.... 4

GSL INTERFACE INFORMATION
  > Min. GSL IFs/satellite........ 1
  > Max. GSL IFs/satellite........ 1
  > Min. GSL IFs/ground station... 1
  > Max. GSL IFs/ground_station... 1

GSL IN-RANGE INFORMATION
  > Min. satellites in range... 4
  > Max. satellites in range... 20

============================================================
🐒 CHAOS MONKEY CONFIGURATION
============================================================
  ENABLE_CHAOS_MONKEY       = True
  CHAOS_FAILURE_RATE        = 0.01 (1.0%)
  CHAOS_INTERVAL_SNAPSHOTS  = 1 (every 0.1s)
  CHAOS_LOG_FILE            = ../../logs/chaos_p1_k2.log
============================================================

[MODE] SP_OVER_PID_QUOTIENT=True
  > Calculating Floyd-Warshall for graph without ground-station relays
  > Writing forwarding state to: gen_data/starlink_550_isls_plus_grid_ground_stations_top_100_with_hsinchu_algorithm_hierarchical_virtual_gid_27deg_k2/dynamic_state_2000ms_for_200s/fstate_0.txt
  > [SIGNALING] 累計統計: 4 事件, 0 字節
[STATS-DEBUG] 開始生成統計文件... PID=1715617, TID=139662272574528
[DEBUG] output_dynamic_state_dir: gen_data/starlink_550_isls_plus_grid_ground_stations_top_100_with_hsinchu_algorithm_hierarchical_virtual_gid_27deg_k2/dynamic_state_2000ms_for_200s
[DEBUG] k_best: 2
[DEBUG] scenario_info: ''
[DEBUG] temp_dir_name: temp_grhr_k2
  > [SIGNALING] 累計統計: 6 事件, 0 字節
FORWARDING STATE AT T = 2000000000ns (= 2.0 seconds)

BASIC INFORMATION
  > Epoch.................. 2000-01-01 00:00:00.000
  > Time since epoch....... 2000000000 ns
  > Absolute time.......... 2000-01-01 00:00:02.000
  > Satellites............. 1584
  > Ground stations........ 101
  > Max. range GSL......... 1089686.4181956202m
  > Max. range ISL......... 5016591.233098428m

ISL INFORMATION
  > Total ISLs............. 3168
  > Min. ISLs/satellite.... 4
  > Max. ISLs/satellite.... 4

GSL INTERFACE INFORMATION
  > Min. GSL IFs/satellite........ 1
  > Max. GSL IFs/satellite........ 1
  > Min. GSL IFs/ground station... 1
  > Max. GSL IFs/ground_station... 1

GSL IN-RANGE INFORMATION
  > Min. satellites in range... 4
  > Max. satellites in range... 20
[MODE] SP_OVER_PID_QUOTIENT=True
  > Calculating Floyd-Warshall for graph without ground-station relays
  > Writing forwarding state to: gen_data/starlink_550_isls_plus_grid_ground_stations_top_100_with_hsinchu_algorithm_hierarchical_virtual_gid_27deg_k2/dynamic_state_2000ms_for_200s/fstate_2000000000.txt
  > [SIGNALING] 累計統計: 9 事件, 0 字節
[STATS-DEBUG] 開始生成統計文件... PID=1715617, TID=139662272574528
[DEBUG] output_dynamic_state_dir: gen_data/starlink_550_isls_plus_grid_ground_stations_top_100_with_hsinchu_algorithm_hierarchical_virtual_gid_27deg_k2/dynamic_state_2000ms_for_200s
[DEBUG] k_best: 2
[DEBUG] scenario_info: ''
[DEBUG] temp_dir_name: temp_grhr_k2
  > [SIGNALING] 累計統計: 11 事件, 0 字節
FORWARDING STATE AT T = 4000000000ns (= 4.0 seconds)

BASIC INFORMATION
  > Epoch.................. 2000-01-01 00:00:00.000
  > Time since epoch....... 4000000000 ns
  > Absolute time.......... 2000-01-01 00:00:04.000
  > Satellites............. 1584
  > Ground stations........ 101
  > Max. range GSL......... 1089686.4181956202m
  > Max. range ISL......... 5016591.233098428m

ISL INFORMATION
  > Total ISLs............. 3168
  > Min. ISLs/satellite.... 4
  > Max. ISLs/satellite.... 4

GSL INTERFACE INFORMATION
  > Min. GSL IFs/satellite........ 1
  > Max. GSL IFs/satellite........ 1
  > Min. GSL IFs/ground station... 1
  > Max. GSL IFs/ground_station... 1

GSL IN-RANGE INFORMATION
  > Min. satellites in range... 4
  > Max. satellites in range... 20
[MODE] SP_OVER_PID_QUOTIENT=True
  > Calculating Floyd-Warshall for graph without ground-station relays
  > Writing forwarding state to: gen_data/starlink_550_isls_plus_grid_ground_stations_top_100_with_hsinchu_algorithm_hierarchical_virtual_gid_27deg_k2/dynamic_state_2000ms_for_200s/fstate_4000000000.txt
  > [SIGNALING] 累計統計: 14 事件, 0 字節
[STATS-DEBUG] 開始生成統計文件... PID=1715617, TID=139662272574528
[DEBUG] output_dynamic_state_dir: gen_data/starlink_550_isls_plus_grid_ground_stations_top_100_with_hsinchu_algorithm_hierarchical_virtual_gid_27deg_k2/dynamic_state_2000ms_for_200s
[DEBUG] k_best: 2
[DEBUG] scenario_info: ''
[DEBUG] temp_dir_name: temp_grhr_k2
  > [SIGNALING] 累計統計: 16 事件, 0 字節
FORWARDING STATE AT T = 6000000000ns (= 6.0 seconds)

BASIC INFORMATION
  > Epoch.................. 2000-01-01 00:00:00.000
  > Time since epoch....... 6000000000 ns
  > Absolute time.......... 2000-01-01 00:00:06.000
  > Satellites............. 1584
  > Ground stations........ 101
  > Max. range GSL......... 1089686.4181956202m
  > Max. range ISL......... 5016591.233098428m

ISL INFORMATION
  > Total ISLs............. 3168
  > Min. ISLs/satellite.... 4
  > Max. ISLs/satellite.... 4

GSL INTERFACE INFORMATION
  > Min. GSL IFs/satellite........ 1
  > Max. GSL IFs/satellite........ 1
  > Min. GSL IFs/ground station... 1
  > Max. GSL IFs/ground_station... 1

GSL IN-RANGE INFORMATION
  > Min. satellites in range... 4
  > Max. satellites in range... 20
[MODE] SP_OVER_PID_QUOTIENT=True
  > Calculating Floyd-Warshall for graph without ground-station relays
  > Writing forwarding state to: gen_data/starlink_550_isls_plus_grid_ground_stations_top_100_with_hsinchu_algorithm_hierarchical_virtual_gid_27deg_k2/dynamic_state_2000ms_for_200s/fstate_6000000000.txt
  > [SIGNALING] 累計統計: 19 事件, 0 字節
[STATS-DEBUG] 開始生成統計文件... PID=1715617, TID=139662272574528
[DEBUG] output_dynamic_state_dir: gen_data/starlink_550_isls_plus_grid_ground_stations_top_100_with_hsinchu_algorithm_hierarchical_virtual_gid_27deg_k2/dynamic_state_2000ms_for_200s
[DEBUG] k_best: 2
[DEBUG] scenario_info: ''
[DEBUG] temp_dir_name: temp_grhr_k2
  > [SIGNALING] 累計統計: 21 事件, 0 字節
FORWARDING STATE AT T = 8000000000ns (= 8.0 seconds)

BASIC INFORMATION
  > Epoch.................. 2000-01-01 00:00:00.000
  > Time since epoch....... 8000000000 ns
  > Absolute time.......... 2000-01-01 00:00:08.000
  > Satellites............. 1584
  > Ground stations........ 101
  > Max. range GSL......... 1089686.4181956202m
  > Max. range ISL......... 5016591.233098428m

ISL INFORMATION
  > Total ISLs............. 3168
  > Min. ISLs/satellite.... 4
  > Max. ISLs/satellite.... 4

GSL INTERFACE INFORMATION
  > Min. GSL IFs/satellite........ 1
  > Max. GSL IFs/satellite........ 1
  > Min. GSL IFs/ground station... 1
  > Max. GSL IFs/ground_station... 1

GSL IN-RANGE INFORMATION
  > Min. satellites in range... 4
  > Max. satellites in range... 19
[MODE] SP_OVER_PID_QUOTIENT=True
  > Calculating Floyd-Warshall for graph without ground-station relays
  > Writing forwarding state to: gen_data/starlink_550_isls_plus_grid_ground_stations_top_100_with_hsinchu_algorithm_hierarchical_virtual_gid_27deg_k2/dynamic_state_2000ms_for_200s/fstate_8000000000.txt
  > [SIGNALING] 累計統計: 24 事件, 0 字節
[STATS-DEBUG] 開始生成統計文件... PID=1715617, TID=139662272574528
[DEBUG] output_dynamic_state_dir: gen_data/starlink_550_isls_plus_grid_ground_stations_top_100_with_hsinchu_algorithm_hierarchical_virtual_gid_27deg_k2/dynamic_state_2000ms_for_200s
[DEBUG] k_best: 2
[DEBUG] scenario_info: ''
[DEBUG] temp_dir_name: temp_grhr_k2
  > [SIGNALING] 累計統計: 26 事件, 0 字節
FORWARDING STATE AT T = 10000000000ns (= 10.0 seconds)

BASIC INFORMATION
  > Epoch.................. 2000-01-01 00:00:00.000
  > Time since epoch....... 10000000000 ns
  > Absolute time.......... 2000-01-01 00:00:10.000
  > Satellites............. 1584
  > Ground stations........ 101
FORWARDING STATE AT T = 100000000000ns (= 100.0 seconds)

BASIC INFORMATION
  > Epoch.................. 2000-01-01 00:00:00.000
  > Time since epoch....... 100000000000 ns
  > Absolute time.......... 2000-01-01 00:01:40.000
  > Satellites............. 1584
  > Ground stations........ 101
  > Max. range GSL......... 1089686.4181956202m
  > Max. range ISL......... 5016591.233098428m

ISL INFORMATION
  > Total ISLs............. 3168
  > Min. ISLs/satellite.... 4
  > Max. ISLs/satellite.... 4

GSL INTERFACE INFORMATION
  > Min. GSL IFs/satellite........ 1
  > Max. GSL IFs/satellite........ 1
  > Min. GSL IFs/ground station... 1
  > Max. GSL IFs/ground_station... 1

GSL IN-RANGE INFORMATION
  > Min. satellites in range... 5
  > Max. satellites in range... 19

============================================================
🐒 CHAOS MONKEY CONFIGURATION
============================================================
  ENABLE_CHAOS_MONKEY       = True
  CHAOS_FAILURE_RATE        = 0.01 (1.0%)
  CHAOS_INTERVAL_SNAPSHOTS  = 1 (every 0.1s)
  CHAOS_LOG_FILE            = ../../logs/chaos_p1_k2.log
============================================================

[MODE] SP_OVER_PID_QUOTIENT=True
  > Calculating Floyd-Warshall for graph without ground-station relays
  > Writing forwarding state to: gen_data/starlink_550_isls_plus_grid_ground_stations_top_100_with_hsinchu_algorithm_hierarchical_virtual_gid_27deg_k2/dynamic_state_2000ms_for_200s/fstate_100000000000.txt
  > [SIGNALING] 累計統計: 4 事件, 0 字節
[STATS-DEBUG] 開始生成統計文件... PID=1715619, TID=139662272574528
[DEBUG] output_dynamic_state_dir: gen_data/starlink_550_isls_plus_grid_ground_stations_top_100_with_hsinchu_algorithm_hierarchical_virtual_gid_27deg_k2/dynamic_state_2000ms_for_200s
[DEBUG] k_best: 2
[DEBUG] scenario_info: ''
[DEBUG] temp_dir_name: temp_grhr_k2
  > [SIGNALING] 累計統計: 6 事件, 0 字節
FORWARDING STATE AT T = 102000000000ns (= 102.0 seconds)

BASIC INFORMATION
  > Epoch.................. 2000-01-01 00:00:00.000
  > Time since epoch....... 102000000000 ns
  > Absolute time.......... 2000-01-01 00:01:42.000
  > Satellites............. 1584
  > Ground stations........ 101
  > Max. range GSL......... 1089686.4181956202m
  > Max. range ISL......... 5016591.233098428m

ISL INFORMATION
  > Total ISLs............. 3168
  > Min. ISLs/satellite.... 4
  > Max. ISLs/satellite.... 4

GSL INTERFACE INFORMATION
  > Min. GSL IFs/satellite........ 1
  > Max. GSL IFs/satellite........ 1
  > Min. GSL IFs/ground station... 1
  > Max. GSL IFs/ground_station... 1

GSL IN-RANGE INFORMATION
  > Min. satellites in range... 5
  > Max. satellites in range... 19
[MODE] SP_OVER_PID_QUOTIENT=True
  > Calculating Floyd-Warshall for graph without ground-station relays
  > Writing forwarding state to: gen_data/starlink_550_isls_plus_grid_ground_stations_top_100_with_hsinchu_algorithm_hierarchical_virtual_gid_27deg_k2/dynamic_state_2000ms_for_200s/fstate_102000000000.txt
  > [SIGNALING] 累計統計: 9 事件, 0 字節
[STATS-DEBUG] 開始生成統計文件... PID=1715619, TID=139662272574528
[DEBUG] output_dynamic_state_dir: gen_data/starlink_550_isls_plus_grid_ground_stations_top_100_with_hsinchu_algorithm_hierarchical_virtual_gid_27deg_k2/dynamic_state_2000ms_for_200s
[DEBUG] k_best: 2
[DEBUG] scenario_info: ''
[DEBUG] temp_dir_name: temp_grhr_k2
  > [SIGNALING] 累計統計: 11 事件, 0 字節
FORWARDING STATE AT T = 104000000000ns (= 104.0 seconds)

BASIC INFORMATION
  > Epoch.................. 2000-01-01 00:00:00.000
  > Time since epoch....... 104000000000 ns
  > Absolute time.......... 2000-01-01 00:01:44.000
  > Satellites............. 1584
  > Ground stations........ 101
  > Max. range GSL......... 1089686.4181956202m
  > Max. range ISL......... 5016591.233098428m

ISL INFORMATION
  > Total ISLs............. 3168
  > Min. ISLs/satellite.... 4
  > Max. ISLs/satellite.... 4

GSL INTERFACE INFORMATION
  > Min. GSL IFs/satellite........ 1
  > Max. GSL IFs/satellite........ 1
  > Min. GSL IFs/ground station... 1
  > Max. GSL IFs/ground_station... 1

GSL IN-RANGE INFORMATION
  > Min. satellites in range... 5
  > Max. satellites in range... 19
[MODE] SP_OVER_PID_QUOTIENT=True
  > Calculating Floyd-Warshall for graph without ground-station relays
  > Writing forwarding state to: gen_data/starlink_550_isls_plus_grid_ground_stations_top_100_with_hsinchu_algorithm_hierarchical_virtual_gid_27deg_k2/dynamic_state_2000ms_for_200s/fstate_104000000000.txt
  > [SIGNALING] 累計統計: 14 事件, 0 字節
[STATS-DEBUG] 開始生成統計文件... PID=1715619, TID=139662272574528
[DEBUG] output_dynamic_state_dir: gen_data/starlink_550_isls_plus_grid_ground_stations_top_100_with_hsinchu_algorithm_hierarchical_virtual_gid_27deg_k2/dynamic_state_2000ms_for_200s
[DEBUG] k_best: 2
[DEBUG] scenario_info: ''
[DEBUG] temp_dir_name: temp_grhr_k2
  > [SIGNALING] 累計統計: 16 事件, 0 字節
FORWARDING STATE AT T = 106000000000ns (= 106.0 seconds)

BASIC INFORMATION
  > Epoch.................. 2000-01-01 00:00:00.000
  > Time since epoch....... 106000000000 ns
  > Absolute time.......... 2000-01-01 00:01:46.000
  > Satellites............. 1584
  > Ground stations........ 101
  > Max. range GSL......... 1089686.4181956202m
  > Max. range ISL......... 5016591.233098428m

ISL INFORMATION
  > Total ISLs............. 3168
  > Min. ISLs/satellite.... 4
  > Max. ISLs/satellite.... 4

GSL INTERFACE INFORMATION
  > Min. GSL IFs/satellite........ 1
  > Max. GSL IFs/satellite........ 1
  > Min. GSL IFs/ground station... 1
  > Max. GSL IFs/ground_station... 1

GSL IN-RANGE INFORMATION
  > Min. satellites in range... 5
  > Max. satellites in range... 19
[MODE] SP_OVER_PID_QUOTIENT=True
  > Calculating Floyd-Warshall for graph without ground-station relays
  > Writing forwarding state to: gen_data/starlink_550_isls_plus_grid_ground_stations_top_100_with_hsinchu_algorithm_hierarchical_virtual_gid_27deg_k2/dynamic_state_2000ms_for_200s/fstate_106000000000.txt
  > [SIGNALING] 累計統計: 19 事件, 0 字節
[STATS-DEBUG] 開始生成統計文件... PID=1715619, TID=139662272574528
[DEBUG] output_dynamic_state_dir: gen_data/starlink_550_isls_plus_grid_ground_stations_top_100_with_hsinchu_algorithm_hierarchical_virtual_gid_27deg_k2/dynamic_state_2000ms_for_200s
[DEBUG] k_best: 2
[DEBUG] scenario_info: ''
[DEBUG] temp_dir_name: temp_grhr_k2
  > [SIGNALING] 累計統計: 21 事件, 0 字節
FORWARDING STATE AT T = 108000000000ns (= 108.0 seconds)

BASIC INFORMATION
  > Epoch.................. 2000-01-01 00:00:00.000
  > Time since epoch....... 108000000000 ns
  > Absolute time.......... 2000-01-01 00:01:48.000
  > Satellites............. 1584
  > Ground stations........ 101
  > Max. range GSL......... 1089686.4181956202m
  > Max. range ISL......... 5016591.233098428m

ISL INFORMATION
  > Total ISLs............. 3168
  > Min. ISLs/satellite.... 4
  > Max. ISLs/satellite.... 4

GSL INTERFACE INFORMATION
  > Min. GSL IFs/satellite........ 1
  > Max. GSL IFs/satellite........ 1
  > Min. GSL IFs/ground station... 1
  > Max. GSL IFs/ground_station... 1

GSL IN-RANGE INFORMATION
  > Min. satellites in range... 5
  > Max. satellites in range... 19
[MODE] SP_OVER_PID_QUOTIENT=True
  > Calculating Floyd-Warshall for graph without ground-station relays
  > Writing forwarding state to: gen_data/starlink_550_isls_plus_grid_ground_stations_top_100_with_hsinchu_algorithm_hierarchical_virtual_gid_27deg_k2/dynamic_state_2000ms_for_200s/fstate_108000000000.txt
  > [SIGNALING] 累計統計: 24 事件, 0 字節
[STATS-DEBUG] 開始生成統計文件... PID=1715619, TID=139662272574528
[DEBUG] output_dynamic_state_dir: gen_data/starlink_550_isls_plus_grid_ground_stations_top_100_with_hsinchu_algorithm_hierarchical_virtual_gid_27deg_k2/dynamic_state_2000ms_for_200s
[DEBUG] k_best: 2
[DEBUG] scenario_info: ''
[DEBUG] temp_dir_name: temp_grhr_k2
  > [SIGNALING] 累計統計: 26 事件, 0 字節
FORWARDING STATE AT T = 110000000000ns (= 110.0 seconds)

BASIC INFORMATION
  > Epoch.................. 2000-01-01 00:00:00.000
  > Time since epoch....... 110000000000 ns
  > Absolute time.......... 2000-01-01 00:01:50.000
FORWARDING STATE AT T = 50000000000ns (= 50.0 seconds)

BASIC INFORMATION
  > Epoch.................. 2000-01-01 00:00:00.000
  > Time since epoch....... 50000000000 ns
  > Absolute time.......... 2000-01-01 00:00:50.000
  > Satellites............. 1584
  > Ground stations........ 101
  > Max. range GSL......... 1089686.4181956202m
  > Max. range ISL......... 5016591.233098428m

ISL INFORMATION
  > Total ISLs............. 3168
  > Min. ISLs/satellite.... 4
  > Max. ISLs/satellite.... 4

GSL INTERFACE INFORMATION
  > Min. GSL IFs/satellite........ 1
  > Max. GSL IFs/satellite........ 1
  > Min. GSL IFs/ground station... 1
  > Max. GSL IFs/ground_station... 1

GSL IN-RANGE INFORMATION
  > Min. satellites in range... 2
  > Max. satellites in range... 20

============================================================
🐒 CHAOS MONKEY CONFIGURATION
============================================================
  ENABLE_CHAOS_MONKEY       = True
  CHAOS_FAILURE_RATE        = 0.01 (1.0%)
  CHAOS_INTERVAL_SNAPSHOTS  = 1 (every 0.1s)
  CHAOS_LOG_FILE            = ../../logs/chaos_p1_k2.log
============================================================

[MODE] SP_OVER_PID_QUOTIENT=True
  > Calculating Floyd-Warshall for graph without ground-station relays
  > Writing forwarding state to: gen_data/starlink_550_isls_plus_grid_ground_stations_top_100_with_hsinchu_algorithm_hierarchical_virtual_gid_27deg_k2/dynamic_state_2000ms_for_200s/fstate_50000000000.txt
  > [SIGNALING] 累計統計: 4 事件, 0 字節
[STATS-DEBUG] 開始生成統計文件... PID=1715618, TID=139662272574528
[DEBUG] output_dynamic_state_dir: gen_data/starlink_550_isls_plus_grid_ground_stations_top_100_with_hsinchu_algorithm_hierarchical_virtual_gid_27deg_k2/dynamic_state_2000ms_for_200s
[DEBUG] k_best: 2
[DEBUG] scenario_info: ''
[DEBUG] temp_dir_name: temp_grhr_k2
  > [SIGNALING] 累計統計: 6 事件, 0 字節
FORWARDING STATE AT T = 52000000000ns (= 52.0 seconds)

BASIC INFORMATION
  > Epoch.................. 2000-01-01 00:00:00.000
  > Time since epoch....... 52000000000 ns
  > Absolute time.......... 2000-01-01 00:00:52.000
  > Satellites............. 1584
  > Ground stations........ 101
  > Max. range GSL......... 1089686.4181956202m
  > Max. range ISL......... 5016591.233098428m

ISL INFORMATION
  > Total ISLs............. 3168
  > Min. ISLs/satellite.... 4
  > Max. ISLs/satellite.... 4

GSL INTERFACE INFORMATION
  > Min. GSL IFs/satellite........ 1
  > Max. GSL IFs/satellite........ 1
  > Min. GSL IFs/ground station... 1
  > Max. GSL IFs/ground_station... 1

GSL IN-RANGE INFORMATION
  > Min. satellites in range... 2
  > Max. satellites in range... 20
[MODE] SP_OVER_PID_QUOTIENT=True
  > Calculating Floyd-Warshall for graph without ground-station relays
  > Writing forwarding state to: gen_data/starlink_550_isls_plus_grid_ground_stations_top_100_with_hsinchu_algorithm_hierarchical_virtual_gid_27deg_k2/dynamic_state_2000ms_for_200s/fstate_52000000000.txt
  > [SIGNALING] 累計統計: 9 事件, 0 字節
[STATS-DEBUG] 開始生成統計文件... PID=1715618, TID=139662272574528
[DEBUG] output_dynamic_state_dir: gen_data/starlink_550_isls_plus_grid_ground_stations_top_100_with_hsinchu_algorithm_hierarchical_virtual_gid_27deg_k2/dynamic_state_2000ms_for_200s
[DEBUG] k_best: 2
[DEBUG] scenario_info: ''
[DEBUG] temp_dir_name: temp_grhr_k2
  > [SIGNALING] 累計統計: 11 事件, 0 字節
FORWARDING STATE AT T = 54000000000ns (= 54.0 seconds)

BASIC INFORMATION
  > Epoch.................. 2000-01-01 00:00:00.000
  > Time since epoch....... 54000000000 ns
  > Absolute time.......... 2000-01-01 00:00:54.000
  > Satellites............. 1584
  > Ground stations........ 101
  > Max. range GSL......... 1089686.4181956202m
  > Max. range ISL......... 5016591.233098428m

ISL INFORMATION
  > Total ISLs............. 3168
  > Min. ISLs/satellite.... 4
  > Max. ISLs/satellite.... 4

GSL INTERFACE INFORMATION
  > Min. GSL IFs/satellite........ 1
  > Max. GSL IFs/satellite........ 1
  > Min. GSL IFs/ground station... 1
  > Max. GSL IFs/ground_station... 1

GSL IN-RANGE INFORMATION
  > Min. satellites in range... 2
  > Max. satellites in range... 20
[MODE] SP_OVER_PID_QUOTIENT=True
  > Calculating Floyd-Warshall for graph without ground-station relays
  > Writing forwarding state to: gen_data/starlink_550_isls_plus_grid_ground_stations_top_100_with_hsinchu_algorithm_hierarchical_virtual_gid_27deg_k2/dynamic_state_2000ms_for_200s/fstate_54000000000.txt
  > [SIGNALING] 累計統計: 14 事件, 0 字節
[STATS-DEBUG] 開始生成統計文件... PID=1715618, TID=139662272574528
[DEBUG] output_dynamic_state_dir: gen_data/starlink_550_isls_plus_grid_ground_stations_top_100_with_hsinchu_algorithm_hierarchical_virtual_gid_27deg_k2/dynamic_state_2000ms_for_200s
[DEBUG] k_best: 2
[DEBUG] scenario_info: ''
[DEBUG] temp_dir_name: temp_grhr_k2
  > [SIGNALING] 累計統計: 16 事件, 0 字節
FORWARDING STATE AT T = 56000000000ns (= 56.0 seconds)

BASIC INFORMATION
  > Epoch.................. 2000-01-01 00:00:00.000
  > Time since epoch....... 56000000000 ns
  > Absolute time.......... 2000-01-01 00:00:56.000
  > Satellites............. 1584
  > Ground stations........ 101
  > Max. range GSL......... 1089686.4181956202m
  > Max. range ISL......... 5016591.233098428m

ISL INFORMATION
  > Total ISLs............. 3168
  > Min. ISLs/satellite.... 4
  > Max. ISLs/satellite.... 4

GSL INTERFACE INFORMATION
  > Min. GSL IFs/satellite........ 1
  > Max. GSL IFs/satellite........ 1
  > Min. GSL IFs/ground station... 1
  > Max. GSL IFs/ground_station... 1

GSL IN-RANGE INFORMATION
  > Min. satellites in range... 2
  > Max. satellites in range... 20
[MODE] SP_OVER_PID_QUOTIENT=True
  > Calculating Floyd-Warshall for graph without ground-station relays
  > Writing forwarding state to: gen_data/starlink_550_isls_plus_grid_ground_stations_top_100_with_hsinchu_algorithm_hierarchical_virtual_gid_27deg_k2/dynamic_state_2000ms_for_200s/fstate_56000000000.txt
  > [SIGNALING] 累計統計: 19 事件, 0 字節
[STATS-DEBUG] 開始生成統計文件... PID=1715618, TID=139662272574528
[DEBUG] output_dynamic_state_dir: gen_data/starlink_550_isls_plus_grid_ground_stations_top_100_with_hsinchu_algorithm_hierarchical_virtual_gid_27deg_k2/dynamic_state_2000ms_for_200s
[DEBUG] k_best: 2
[DEBUG] scenario_info: ''
[DEBUG] temp_dir_name: temp_grhr_k2
  > [SIGNALING] 累計統計: 21 事件, 0 字節
FORWARDING STATE AT T = 58000000000ns (= 58.0 seconds)

BASIC INFORMATION
  > Epoch.................. 2000-01-01 00:00:00.000
  > Time since epoch....... 58000000000 ns
  > Absolute time.......... 2000-01-01 00:00:58.000
  > Satellites............. 1584
  > Ground stations........ 101
  > Max. range GSL......... 1089686.4181956202m
  > Max. range ISL......... 5016591.233098428m

ISL INFORMATION
  > Total ISLs............. 3168
  > Min. ISLs/satellite.... 4
  > Max. ISLs/satellite.... 4

GSL INTERFACE INFORMATION
  > Min. GSL IFs/satellite........ 1
  > Max. GSL IFs/satellite........ 1
  > Min. GSL IFs/ground station... 1
  > Max. GSL IFs/ground_station... 1

GSL IN-RANGE INFORMATION
  > Min. satellites in range... 3
  > Max. satellites in range... 20
[MODE] SP_OVER_PID_QUOTIENT=True
  > Calculating Floyd-Warshall for graph without ground-station relays
  > Writing forwarding state to: gen_data/starlink_550_isls_plus_grid_ground_stations_top_100_with_hsinchu_algorithm_hierarchical_virtual_gid_27deg_k2/dynamic_state_2000ms_for_200s/fstate_58000000000.txt
  > [SIGNALING] 累計統計: 24 事件, 0 字節
[STATS-DEBUG] 開始生成統計文件... PID=1715618, TID=139662272574528
[DEBUG] output_dynamic_state_dir: gen_data/starlink_550_isls_plus_grid_ground_stations_top_100_with_hsinchu_algorithm_hierarchical_virtual_gid_27deg_k2/dynamic_state_2000ms_for_200s
[DEBUG] k_best: 2
[DEBUG] scenario_info: ''
[DEBUG] temp_dir_name: temp_grhr_k2
  > [SIGNALING] 累計統計: 26 事件, 0 字節
FORWARDING STATE AT T = 60000000000ns (= 60.0 seconds)

BASIC INFORMATION
  > Epoch.................. 2000-01-01 00:00:00.000
  > Time since epoch....... 60000000000 ns
  > Absolute time.......... 2000-01-01 00:01:00.000
  > Satellites............. 1584
  > Satellites............. 1584
  > Ground stations........ 101
  > Max. range GSL......... 1089686.4181956202m
  > Max. range ISL......... 5016591.233098428m

ISL INFORMATION
  > Total ISLs............. 3168
  > Min. ISLs/satellite.... 4
  > Max. ISLs/satellite.... 4

GSL INTERFACE INFORMATION
  > Min. GSL IFs/satellite........ 1
  > Max. GSL IFs/satellite........ 1
  > Min. GSL IFs/ground station... 1
  > Max. GSL IFs/ground_station... 1

GSL IN-RANGE INFORMATION
  > Min. satellites in range... 5
  > Max. satellites in range... 19
[MODE] SP_OVER_PID_QUOTIENT=True
  > Calculating Floyd-Warshall for graph without ground-station relays
  > Writing forwarding state to: gen_data/starlink_550_isls_plus_grid_ground_stations_top_100_with_hsinchu_algorithm_hierarchical_virtual_gid_27deg_k2/dynamic_state_2000ms_for_200s/fstate_160000000000.txt
  > [SIGNALING] 累計統計: 29 事件, 0 字節
[STATS-DEBUG] 開始生成統計文件... PID=1715620, TID=139662272574528
[DEBUG] output_dynamic_state_dir: gen_data/starlink_550_isls_plus_grid_ground_stations_top_100_with_hsinchu_algorithm_hierarchical_virtual_gid_27deg_k2/dynamic_state_2000ms_for_200s
[DEBUG] k_best: 2
[DEBUG] scenario_info: ''
[DEBUG] temp_dir_name: temp_grhr_k2
  > [SIGNALING] 累計統計: 31 事件, 0 字節
FORWARDING STATE AT T = 162000000000ns (= 162.0 seconds)

BASIC INFORMATION
  > Epoch.................. 2000-01-01 00:00:00.000
  > Time since epoch....... 162000000000 ns
  > Absolute time.......... 2000-01-01 00:02:42.000
  > Satellites............. 1584
  > Ground stations........ 101
  > Max. range GSL......... 1089686.4181956202m
  > Max. range ISL......... 5016591.233098428m

ISL INFORMATION
  > Total ISLs............. 3168
  > Min. ISLs/satellite.... 4
  > Max. ISLs/satellite.... 4

GSL INTERFACE INFORMATION
  > Min. GSL IFs/satellite........ 1
  > Max. GSL IFs/satellite........ 1
  > Min. GSL IFs/ground station... 1
  > Max. GSL IFs/ground_station... 1

GSL IN-RANGE INFORMATION
  > Min. satellites in range... 5
  > Max. satellites in range... 19
[MODE] SP_OVER_PID_QUOTIENT=True
  > Calculating Floyd-Warshall for graph without ground-station relays
  > Writing forwarding state to: gen_data/starlink_550_isls_plus_grid_ground_stations_top_100_with_hsinchu_algorithm_hierarchical_virtual_gid_27deg_k2/dynamic_state_2000ms_for_200s/fstate_162000000000.txt
  > [SIGNALING] 累計統計: 34 事件, 0 字節
[STATS-DEBUG] 開始生成統計文件... PID=1715620, TID=139662272574528
[DEBUG] output_dynamic_state_dir: gen_data/starlink_550_isls_plus_grid_ground_stations_top_100_with_hsinchu_algorithm_hierarchical_virtual_gid_27deg_k2/dynamic_state_2000ms_for_200s
[DEBUG] k_best: 2
[DEBUG] scenario_info: ''
[DEBUG] temp_dir_name: temp_grhr_k2
  > [SIGNALING] 累計統計: 36 事件, 0 字節
FORWARDING STATE AT T = 164000000000ns (= 164.0 seconds)

BASIC INFORMATION
  > Epoch.................. 2000-01-01 00:00:00.000
  > Time since epoch....... 164000000000 ns
  > Absolute time.......... 2000-01-01 00:02:44.000
  > Satellites............. 1584
  > Ground stations........ 101
  > Max. range GSL......... 1089686.4181956202m
  > Max. range ISL......... 5016591.233098428m

ISL INFORMATION
  > Total ISLs............. 3168
  > Min. ISLs/satellite.... 4
  > Max. ISLs/satellite.... 4

GSL INTERFACE INFORMATION
  > Min. GSL IFs/satellite........ 1
  > Max. GSL IFs/satellite........ 1
  > Min. GSL IFs/ground station... 1
  > Max. GSL IFs/ground_station... 1

GSL IN-RANGE INFORMATION
  > Min. satellites in range... 5
  > Max. satellites in range... 20
[MODE] SP_OVER_PID_QUOTIENT=True
  > Calculating Floyd-Warshall for graph without ground-station relays
  > Writing forwarding state to: gen_data/starlink_550_isls_plus_grid_ground_stations_top_100_with_hsinchu_algorithm_hierarchical_virtual_gid_27deg_k2/dynamic_state_2000ms_for_200s/fstate_164000000000.txt
  > [SIGNALING] 累計統計: 39 事件, 0 字節
[STATS-DEBUG] 開始生成統計文件... PID=1715620, TID=139662272574528
[DEBUG] output_dynamic_state_dir: gen_data/starlink_550_isls_plus_grid_ground_stations_top_100_with_hsinchu_algorithm_hierarchical_virtual_gid_27deg_k2/dynamic_state_2000ms_for_200s
[DEBUG] k_best: 2
[DEBUG] scenario_info: ''
[DEBUG] temp_dir_name: temp_grhr_k2
  > [SIGNALING] 累計統計: 41 事件, 0 字節
FORWARDING STATE AT T = 166000000000ns (= 166.0 seconds)

BASIC INFORMATION
  > Epoch.................. 2000-01-01 00:00:00.000
  > Time since epoch....... 166000000000 ns
  > Absolute time.......... 2000-01-01 00:02:46.000
  > Satellites............. 1584
  > Ground stations........ 101
  > Max. range GSL......... 1089686.4181956202m
  > Max. range ISL......... 5016591.233098428m

ISL INFORMATION
  > Total ISLs............. 3168
  > Min. ISLs/satellite.... 4
  > Max. ISLs/satellite.... 4

GSL INTERFACE INFORMATION
  > Min. GSL IFs/satellite........ 1
  > Max. GSL IFs/satellite........ 1
  > Min. GSL IFs/ground station... 1
  > Max. GSL IFs/ground_station... 1

GSL IN-RANGE INFORMATION
  > Min. satellites in range... 5
  > Max. satellites in range... 20
[MODE] SP_OVER_PID_QUOTIENT=True
  > Calculating Floyd-Warshall for graph without ground-station relays
  > Writing forwarding state to: gen_data/starlink_550_isls_plus_grid_ground_stations_top_100_with_hsinchu_algorithm_hierarchical_virtual_gid_27deg_k2/dynamic_state_2000ms_for_200s/fstate_166000000000.txt
  > [SIGNALING] 累計統計: 44 事件, 0 字節
[STATS-DEBUG] 開始生成統計文件... PID=1715620, TID=139662272574528
[DEBUG] output_dynamic_state_dir: gen_data/starlink_550_isls_plus_grid_ground_stations_top_100_with_hsinchu_algorithm_hierarchical_virtual_gid_27deg_k2/dynamic_state_2000ms_for_200s
[DEBUG] k_best: 2
[DEBUG] scenario_info: ''
[DEBUG] temp_dir_name: temp_grhr_k2
  > [SIGNALING] 累計統計: 46 事件, 0 字節
FORWARDING STATE AT T = 168000000000ns (= 168.0 seconds)

BASIC INFORMATION
  > Epoch.................. 2000-01-01 00:00:00.000
  > Time since epoch....... 168000000000 ns
  > Absolute time.......... 2000-01-01 00:02:48.000
  > Satellites............. 1584
  > Ground stations........ 101
  > Max. range GSL......... 1089686.4181956202m
  > Max. range ISL......... 5016591.233098428m

ISL INFORMATION
  > Total ISLs............. 3168
  > Min. ISLs/satellite.... 4
  > Max. ISLs/satellite.... 4

GSL INTERFACE INFORMATION
  > Min. GSL IFs/satellite........ 1
  > Max. GSL IFs/satellite........ 1
  > Min. GSL IFs/ground station... 1
  > Max. GSL IFs/ground_station... 1

GSL IN-RANGE INFORMATION
  > Min. satellites in range... 4
  > Max. satellites in range... 19
[MODE] SP_OVER_PID_QUOTIENT=True
  > Calculating Floyd-Warshall for graph without ground-station relays
  > Writing forwarding state to: gen_data/starlink_550_isls_plus_grid_ground_stations_top_100_with_hsinchu_algorithm_hierarchical_virtual_gid_27deg_k2/dynamic_state_2000ms_for_200s/fstate_168000000000.txt
  > [SIGNALING] 累計統計: 49 事件, 0 字節
[STATS-DEBUG] 開始生成統計文件... PID=1715620, TID=139662272574528
[DEBUG] output_dynamic_state_dir: gen_data/starlink_550_isls_plus_grid_ground_stations_top_100_with_hsinchu_algorithm_hierarchical_virtual_gid_27deg_k2/dynamic_state_2000ms_for_200s
[DEBUG] k_best: 2
[DEBUG] scenario_info: ''
[DEBUG] temp_dir_name: temp_grhr_k2
  > [SIGNALING] 累計統計: 51 事件, 0 字節
FORWARDING STATE AT T = 170000000000ns (= 170.0 seconds)

BASIC INFORMATION
  > Epoch.................. 2000-01-01 00:00:00.000
  > Time since epoch....... 170000000000 ns
  > Absolute time.......... 2000-01-01 00:02:50.000
  > Satellites............. 1584
  > Ground stations........ 101
  > Max. range GSL......... 1089686.4181956202m
  > Max. range ISL......... 5016591.233098428m

ISL INFORMATION
  > Total ISLs............. 3168
  > Min. ISLs/satellite.... 4
  > Max. ISLs/satellite.... 4

GSL INTERFACE INFORMATION
  > Min. GSL IFs/satellite........ 1
  > Max. GSL IFs/satellite........ 1
  > Min. GSL IFs/ground station... 1
  > Max. GSL IFs/ground_station... 1

GSL IN-RANGE INFORMATION
  > Min. satellites in range... 4
  > Max. satellites in range... 20
[MODE] SP_OVER_PID_QUOTIENT=True
  > Satellites............. 1584
  > Ground stations........ 101
  > Max. range GSL......... 1089686.4181956202m
  > Max. range ISL......... 5016591.233098428m

ISL INFORMATION
  > Total ISLs............. 3168
  > Min. ISLs/satellite.... 4
  > Max. ISLs/satellite.... 4

GSL INTERFACE INFORMATION
  > Min. GSL IFs/satellite........ 1
  > Max. GSL IFs/satellite........ 1
  > Min. GSL IFs/ground station... 1
  > Max. GSL IFs/ground_station... 1

GSL IN-RANGE INFORMATION
  > Min. satellites in range... 4
  > Max. satellites in range... 20
[MODE] SP_OVER_PID_QUOTIENT=True
  > Calculating Floyd-Warshall for graph without ground-station relays
  > Writing forwarding state to: gen_data/starlink_550_isls_plus_grid_ground_stations_top_100_with_hsinchu_algorithm_hierarchical_virtual_gid_27deg_k2/dynamic_state_2000ms_for_200s/fstate_110000000000.txt
  > [SIGNALING] 累計統計: 29 事件, 0 字節
[STATS-DEBUG] 開始生成統計文件... PID=1715619, TID=139662272574528
[DEBUG] output_dynamic_state_dir: gen_data/starlink_550_isls_plus_grid_ground_stations_top_100_with_hsinchu_algorithm_hierarchical_virtual_gid_27deg_k2/dynamic_state_2000ms_for_200s
[DEBUG] k_best: 2
[DEBUG] scenario_info: ''
[DEBUG] temp_dir_name: temp_grhr_k2
  > [SIGNALING] 累計統計: 31 事件, 0 字節
FORWARDING STATE AT T = 112000000000ns (= 112.0 seconds)

BASIC INFORMATION
  > Epoch.................. 2000-01-01 00:00:00.000
  > Time since epoch....... 112000000000 ns
  > Absolute time.......... 2000-01-01 00:01:52.000
  > Satellites............. 1584
  > Ground stations........ 101
  > Max. range GSL......... 1089686.4181956202m
  > Max. range ISL......... 5016591.233098428m

ISL INFORMATION
  > Total ISLs............. 3168
  > Min. ISLs/satellite.... 4
  > Max. ISLs/satellite.... 4

GSL INTERFACE INFORMATION
  > Min. GSL IFs/satellite........ 1
  > Max. GSL IFs/satellite........ 1
  > Min. GSL IFs/ground station... 1
  > Max. GSL IFs/ground_station... 1

GSL IN-RANGE INFORMATION
  > Min. satellites in range... 4
  > Max. satellites in range... 20
[MODE] SP_OVER_PID_QUOTIENT=True
  > Calculating Floyd-Warshall for graph without ground-station relays
  > Writing forwarding state to: gen_data/starlink_550_isls_plus_grid_ground_stations_top_100_with_hsinchu_algorithm_hierarchical_virtual_gid_27deg_k2/dynamic_state_2000ms_for_200s/fstate_112000000000.txt
  > [SIGNALING] 累計統計: 34 事件, 0 字節
[STATS-DEBUG] 開始生成統計文件... PID=1715619, TID=139662272574528
[DEBUG] output_dynamic_state_dir: gen_data/starlink_550_isls_plus_grid_ground_stations_top_100_with_hsinchu_algorithm_hierarchical_virtual_gid_27deg_k2/dynamic_state_2000ms_for_200s
[DEBUG] k_best: 2
[DEBUG] scenario_info: ''
[DEBUG] temp_dir_name: temp_grhr_k2
  > [SIGNALING] 累計統計: 36 事件, 0 字節
FORWARDING STATE AT T = 114000000000ns (= 114.0 seconds)

BASIC INFORMATION
  > Epoch.................. 2000-01-01 00:00:00.000
  > Time since epoch....... 114000000000 ns
  > Absolute time.......... 2000-01-01 00:01:54.000
  > Satellites............. 1584
  > Ground stations........ 101
  > Max. range GSL......... 1089686.4181956202m
  > Max. range ISL......... 5016591.233098428m

ISL INFORMATION
  > Total ISLs............. 3168
  > Min. ISLs/satellite.... 4
  > Max. ISLs/satellite.... 4

GSL INTERFACE INFORMATION
  > Min. GSL IFs/satellite........ 1
  > Max. GSL IFs/satellite........ 1
  > Min. GSL IFs/ground station... 1
  > Max. GSL IFs/ground_station... 1

GSL IN-RANGE INFORMATION
  > Min. satellites in range... 4
  > Max. satellites in range... 20
[MODE] SP_OVER_PID_QUOTIENT=True
  > Calculating Floyd-Warshall for graph without ground-station relays
  > Writing forwarding state to: gen_data/starlink_550_isls_plus_grid_ground_stations_top_100_with_hsinchu_algorithm_hierarchical_virtual_gid_27deg_k2/dynamic_state_2000ms_for_200s/fstate_114000000000.txt
  > [SIGNALING] 累計統計: 39 事件, 0 字節
[STATS-DEBUG] 開始生成統計文件... PID=1715619, TID=139662272574528
[DEBUG] output_dynamic_state_dir: gen_data/starlink_550_isls_plus_grid_ground_stations_top_100_with_hsinchu_algorithm_hierarchical_virtual_gid_27deg_k2/dynamic_state_2000ms_for_200s
[DEBUG] k_best: 2
[DEBUG] scenario_info: ''
[DEBUG] temp_dir_name: temp_grhr_k2
  > [SIGNALING] 累計統計: 41 事件, 0 字節
FORWARDING STATE AT T = 116000000000ns (= 116.0 seconds)

BASIC INFORMATION
  > Epoch.................. 2000-01-01 00:00:00.000
  > Time since epoch....... 116000000000 ns
  > Absolute time.......... 2000-01-01 00:01:56.000
  > Satellites............. 1584
  > Ground stations........ 101
  > Max. range GSL......... 1089686.4181956202m
  > Max. range ISL......... 5016591.233098428m

ISL INFORMATION
  > Total ISLs............. 3168
  > Min. ISLs/satellite.... 4
  > Max. ISLs/satellite.... 4

GSL INTERFACE INFORMATION
  > Min. GSL IFs/satellite........ 1
  > Max. GSL IFs/satellite........ 1
  > Min. GSL IFs/ground station... 1
  > Max. GSL IFs/ground_station... 1

GSL IN-RANGE INFORMATION
  > Min. satellites in range... 4
  > Max. satellites in range... 20
[MODE] SP_OVER_PID_QUOTIENT=True
  > Calculating Floyd-Warshall for graph without ground-station relays
  > Writing forwarding state to: gen_data/starlink_550_isls_plus_grid_ground_stations_top_100_with_hsinchu_algorithm_hierarchical_virtual_gid_27deg_k2/dynamic_state_2000ms_for_200s/fstate_116000000000.txt
  > [SIGNALING] 累計統計: 44 事件, 0 字節
[STATS-DEBUG] 開始生成統計文件... PID=1715619, TID=139662272574528
[DEBUG] output_dynamic_state_dir: gen_data/starlink_550_isls_plus_grid_ground_stations_top_100_with_hsinchu_algorithm_hierarchical_virtual_gid_27deg_k2/dynamic_state_2000ms_for_200s
[DEBUG] k_best: 2
[DEBUG] scenario_info: ''
[DEBUG] temp_dir_name: temp_grhr_k2
  > [SIGNALING] 累計統計: 46 事件, 0 字節
FORWARDING STATE AT T = 118000000000ns (= 118.0 seconds)

BASIC INFORMATION
  > Epoch.................. 2000-01-01 00:00:00.000
  > Time since epoch....... 118000000000 ns
  > Absolute time.......... 2000-01-01 00:01:58.000
  > Satellites............. 1584
  > Ground stations........ 101
  > Max. range GSL......... 1089686.4181956202m
  > Max. range ISL......... 5016591.233098428m

ISL INFORMATION
  > Total ISLs............. 3168
  > Min. ISLs/satellite.... 4
  > Max. ISLs/satellite.... 4

GSL INTERFACE INFORMATION
  > Min. GSL IFs/satellite........ 1
  > Max. GSL IFs/satellite........ 1
  > Min. GSL IFs/ground station... 1
  > Max. GSL IFs/ground_station... 1

GSL IN-RANGE INFORMATION
  > Min. satellites in range... 4
  > Max. satellites in range... 20
[MODE] SP_OVER_PID_QUOTIENT=True
  > Calculating Floyd-Warshall for graph without ground-station relays
  > Writing forwarding state to: gen_data/starlink_550_isls_plus_grid_ground_stations_top_100_with_hsinchu_algorithm_hierarchical_virtual_gid_27deg_k2/dynamic_state_2000ms_for_200s/fstate_118000000000.txt
  > [SIGNALING] 累計統計: 49 事件, 0 字節
[STATS-DEBUG] 開始生成統計文件... PID=1715619, TID=139662272574528
[DEBUG] output_dynamic_state_dir: gen_data/starlink_550_isls_plus_grid_ground_stations_top_100_with_hsinchu_algorithm_hierarchical_virtual_gid_27deg_k2/dynamic_state_2000ms_for_200s
[DEBUG] k_best: 2
[DEBUG] scenario_info: ''
[DEBUG] temp_dir_name: temp_grhr_k2
  > [SIGNALING] 累計統計: 51 事件, 0 字節
FORWARDING STATE AT T = 120000000000ns (= 120.0 seconds)

BASIC INFORMATION
  > Epoch.................. 2000-01-01 00:00:00.000
  > Time since epoch....... 120000000000 ns
  > Absolute time.......... 2000-01-01 00:02:00.000
  > Satellites............. 1584
  > Ground stations........ 101
  > Max. range GSL......... 1089686.4181956202m
  > Max. range ISL......... 5016591.233098428m

ISL INFORMATION
  > Total ISLs............. 3168
  > Min. ISLs/satellite.... 4
  > Max. ISLs/satellite.... 4

GSL INTERFACE INFORMATION
  > Min. GSL IFs/satellite........ 1
  > Max. GSL IFs/satellite........ 1
  > Min. GSL IFs/ground station... 1
  > Max. GSL IFs/ground_station... 1

GSL IN-RANGE INFORMATION
  > Min. satellites in range... 4
  > Max. satellites in range... 20
[MODE] SP_OVER_PID_QUOTIENT=True
  > Max. range GSL......... 1089686.4181956202m
  > Max. range ISL......... 5016591.233098428m

ISL INFORMATION
  > Total ISLs............. 3168
  > Min. ISLs/satellite.... 4
  > Max. ISLs/satellite.... 4

GSL INTERFACE INFORMATION
  > Min. GSL IFs/satellite........ 1
  > Max. GSL IFs/satellite........ 1
  > Min. GSL IFs/ground station... 1
  > Max. GSL IFs/ground_station... 1

GSL IN-RANGE INFORMATION
  > Min. satellites in range... 4
  > Max. satellites in range... 20
[MODE] SP_OVER_PID_QUOTIENT=True
  > Calculating Floyd-Warshall for graph without ground-station relays
  > Writing forwarding state to: gen_data/starlink_550_isls_plus_grid_ground_stations_top_100_with_hsinchu_algorithm_hierarchical_virtual_gid_27deg_k2/dynamic_state_2000ms_for_200s/fstate_10000000000.txt
  > [SIGNALING] 累計統計: 29 事件, 0 字節
[STATS-DEBUG] 開始生成統計文件... PID=1715617, TID=139662272574528
[DEBUG] output_dynamic_state_dir: gen_data/starlink_550_isls_plus_grid_ground_stations_top_100_with_hsinchu_algorithm_hierarchical_virtual_gid_27deg_k2/dynamic_state_2000ms_for_200s
[DEBUG] k_best: 2
[DEBUG] scenario_info: ''
[DEBUG] temp_dir_name: temp_grhr_k2
  > [SIGNALING] 累計統計: 31 事件, 0 字節
FORWARDING STATE AT T = 12000000000ns (= 12.0 seconds)

BASIC INFORMATION
  > Epoch.................. 2000-01-01 00:00:00.000
  > Time since epoch....... 12000000000 ns
  > Absolute time.......... 2000-01-01 00:00:12.000
  > Satellites............. 1584
  > Ground stations........ 101
  > Max. range GSL......... 1089686.4181956202m
  > Max. range ISL......... 5016591.233098428m

ISL INFORMATION
  > Total ISLs............. 3168
  > Min. ISLs/satellite.... 4
  > Max. ISLs/satellite.... 4

GSL INTERFACE INFORMATION
  > Min. GSL IFs/satellite........ 1
  > Max. GSL IFs/satellite........ 1
  > Min. GSL IFs/ground station... 1
  > Max. GSL IFs/ground_station... 1

GSL IN-RANGE INFORMATION
  > Min. satellites in range... 4
  > Max. satellites in range... 20
[MODE] SP_OVER_PID_QUOTIENT=True
  > Calculating Floyd-Warshall for graph without ground-station relays
  > Writing forwarding state to: gen_data/starlink_550_isls_plus_grid_ground_stations_top_100_with_hsinchu_algorithm_hierarchical_virtual_gid_27deg_k2/dynamic_state_2000ms_for_200s/fstate_12000000000.txt
  > [SIGNALING] 累計統計: 34 事件, 0 字節
[STATS-DEBUG] 開始生成統計文件... PID=1715617, TID=139662272574528
[DEBUG] output_dynamic_state_dir: gen_data/starlink_550_isls_plus_grid_ground_stations_top_100_with_hsinchu_algorithm_hierarchical_virtual_gid_27deg_k2/dynamic_state_2000ms_for_200s
[DEBUG] k_best: 2
[DEBUG] scenario_info: ''
[DEBUG] temp_dir_name: temp_grhr_k2
  > [SIGNALING] 累計統計: 36 事件, 0 字節
FORWARDING STATE AT T = 14000000000ns (= 14.0 seconds)

BASIC INFORMATION
  > Epoch.................. 2000-01-01 00:00:00.000
  > Time since epoch....... 14000000000 ns
  > Absolute time.......... 2000-01-01 00:00:14.000
  > Satellites............. 1584
  > Ground stations........ 101
  > Max. range GSL......... 1089686.4181956202m
  > Max. range ISL......... 5016591.233098428m

ISL INFORMATION
  > Total ISLs............. 3168
  > Min. ISLs/satellite.... 4
  > Max. ISLs/satellite.... 4

GSL INTERFACE INFORMATION
  > Min. GSL IFs/satellite........ 1
  > Max. GSL IFs/satellite........ 1
  > Min. GSL IFs/ground station... 1
  > Max. GSL IFs/ground_station... 1

GSL IN-RANGE INFORMATION
  > Min. satellites in range... 4
  > Max. satellites in range... 20
[MODE] SP_OVER_PID_QUOTIENT=True
  > Calculating Floyd-Warshall for graph without ground-station relays
  > Writing forwarding state to: gen_data/starlink_550_isls_plus_grid_ground_stations_top_100_with_hsinchu_algorithm_hierarchical_virtual_gid_27deg_k2/dynamic_state_2000ms_for_200s/fstate_14000000000.txt
  > [SIGNALING] 累計統計: 39 事件, 0 字節
[STATS-DEBUG] 開始生成統計文件... PID=1715617, TID=139662272574528
[DEBUG] output_dynamic_state_dir: gen_data/starlink_550_isls_plus_grid_ground_stations_top_100_with_hsinchu_algorithm_hierarchical_virtual_gid_27deg_k2/dynamic_state_2000ms_for_200s
[DEBUG] k_best: 2
[DEBUG] scenario_info: ''
[DEBUG] temp_dir_name: temp_grhr_k2
  > [SIGNALING] 累計統計: 41 事件, 0 字節
FORWARDING STATE AT T = 16000000000ns (= 16.0 seconds)

BASIC INFORMATION
  > Epoch.................. 2000-01-01 00:00:00.000
  > Time since epoch....... 16000000000 ns
  > Absolute time.......... 2000-01-01 00:00:16.000
  > Satellites............. 1584
  > Ground stations........ 101
  > Max. range GSL......... 1089686.4181956202m
  > Max. range ISL......... 5016591.233098428m

ISL INFORMATION
  > Total ISLs............. 3168
  > Min. ISLs/satellite.... 4
  > Max. ISLs/satellite.... 4

GSL INTERFACE INFORMATION
  > Min. GSL IFs/satellite........ 1
  > Max. GSL IFs/satellite........ 1
  > Min. GSL IFs/ground station... 1
  > Max. GSL IFs/ground_station... 1

GSL IN-RANGE INFORMATION
  > Min. satellites in range... 4
  > Max. satellites in range... 20
[MODE] SP_OVER_PID_QUOTIENT=True
  > Calculating Floyd-Warshall for graph without ground-station relays
  > Writing forwarding state to: gen_data/starlink_550_isls_plus_grid_ground_stations_top_100_with_hsinchu_algorithm_hierarchical_virtual_gid_27deg_k2/dynamic_state_2000ms_for_200s/fstate_16000000000.txt
  > [SIGNALING] 累計統計: 44 事件, 0 字節
[STATS-DEBUG] 開始生成統計文件... PID=1715617, TID=139662272574528
[DEBUG] output_dynamic_state_dir: gen_data/starlink_550_isls_plus_grid_ground_stations_top_100_with_hsinchu_algorithm_hierarchical_virtual_gid_27deg_k2/dynamic_state_2000ms_for_200s
[DEBUG] k_best: 2
[DEBUG] scenario_info: ''
[DEBUG] temp_dir_name: temp_grhr_k2
  > [SIGNALING] 累計統計: 46 事件, 0 字節
FORWARDING STATE AT T = 18000000000ns (= 18.0 seconds)

BASIC INFORMATION
  > Epoch.................. 2000-01-01 00:00:00.000
  > Time since epoch....... 18000000000 ns
  > Absolute time.......... 2000-01-01 00:00:18.000
  > Satellites............. 1584
  > Ground stations........ 101
  > Max. range GSL......... 1089686.4181956202m
  > Max. range ISL......... 5016591.233098428m

ISL INFORMATION
  > Total ISLs............. 3168
  > Min. ISLs/satellite.... 4
  > Max. ISLs/satellite.... 4

GSL INTERFACE INFORMATION
  > Min. GSL IFs/satellite........ 1
  > Max. GSL IFs/satellite........ 1
  > Min. GSL IFs/ground station... 1
  > Max. GSL IFs/ground_station... 1

GSL IN-RANGE INFORMATION
  > Min. satellites in range... 4
  > Max. satellites in range... 20
[MODE] SP_OVER_PID_QUOTIENT=True
  > Calculating Floyd-Warshall for graph without ground-station relays
  > Writing forwarding state to: gen_data/starlink_550_isls_plus_grid_ground_stations_top_100_with_hsinchu_algorithm_hierarchical_virtual_gid_27deg_k2/dynamic_state_2000ms_for_200s/fstate_18000000000.txt
  > [SIGNALING] 累計統計: 49 事件, 0 字節
[STATS-DEBUG] 開始生成統計文件... PID=1715617, TID=139662272574528
[DEBUG] output_dynamic_state_dir: gen_data/starlink_550_isls_plus_grid_ground_stations_top_100_with_hsinchu_algorithm_hierarchical_virtual_gid_27deg_k2/dynamic_state_2000ms_for_200s
[DEBUG] k_best: 2
[DEBUG] scenario_info: ''
[DEBUG] temp_dir_name: temp_grhr_k2
  > [SIGNALING] 累計統計: 51 事件, 0 字節
FORWARDING STATE AT T = 20000000000ns (= 20.0 seconds)

BASIC INFORMATION
  > Epoch.................. 2000-01-01 00:00:00.000
  > Time since epoch....... 20000000000 ns
  > Absolute time.......... 2000-01-01 00:00:20.000
  > Satellites............. 1584
  > Ground stations........ 101
  > Max. range GSL......... 1089686.4181956202m
  > Max. range ISL......... 5016591.233098428m

ISL INFORMATION
  > Total ISLs............. 3168
  > Min. ISLs/satellite.... 4
  > Max. ISLs/satellite.... 4

GSL INTERFACE INFORMATION
  > Min. GSL IFs/satellite........ 1
  > Max. GSL IFs/satellite........ 1
  > Min. GSL IFs/ground station... 1
  > Max. GSL IFs/ground_station... 1

GSL IN-RANGE INFORMATION
  > Min. satellites in range... 4
  > Max. satellites in range... 20
[MODE] SP_OVER_PID_QUOTIENT=True
  > Calculating Floyd-Warshall for graph without ground-station relays
  > Ground stations........ 101
  > Max. range GSL......... 1089686.4181956202m
  > Max. range ISL......... 5016591.233098428m

ISL INFORMATION
  > Total ISLs............. 3168
  > Min. ISLs/satellite.... 4
  > Max. ISLs/satellite.... 4

GSL INTERFACE INFORMATION
  > Min. GSL IFs/satellite........ 1
  > Max. GSL IFs/satellite........ 1
  > Min. GSL IFs/ground station... 1
  > Max. GSL IFs/ground_station... 1

GSL IN-RANGE INFORMATION
  > Min. satellites in range... 3
  > Max. satellites in range... 20
[MODE] SP_OVER_PID_QUOTIENT=True
  > Calculating Floyd-Warshall for graph without ground-station relays
  > Writing forwarding state to: gen_data/starlink_550_isls_plus_grid_ground_stations_top_100_with_hsinchu_algorithm_hierarchical_virtual_gid_27deg_k2/dynamic_state_2000ms_for_200s/fstate_60000000000.txt
  > [SIGNALING] 累計統計: 29 事件, 0 字節
[STATS-DEBUG] 開始生成統計文件... PID=1715618, TID=139662272574528
[DEBUG] output_dynamic_state_dir: gen_data/starlink_550_isls_plus_grid_ground_stations_top_100_with_hsinchu_algorithm_hierarchical_virtual_gid_27deg_k2/dynamic_state_2000ms_for_200s
[DEBUG] k_best: 2
[DEBUG] scenario_info: ''
[DEBUG] temp_dir_name: temp_grhr_k2
  > [SIGNALING] 累計統計: 31 事件, 0 字節
FORWARDING STATE AT T = 62000000000ns (= 62.0 seconds)

BASIC INFORMATION
  > Epoch.................. 2000-01-01 00:00:00.000
  > Time since epoch....... 62000000000 ns
  > Absolute time.......... 2000-01-01 00:01:02.000
  > Satellites............. 1584
  > Ground stations........ 101
  > Max. range GSL......... 1089686.4181956202m
  > Max. range ISL......... 5016591.233098428m

ISL INFORMATION
  > Total ISLs............. 3168
  > Min. ISLs/satellite.... 4
  > Max. ISLs/satellite.... 4

GSL INTERFACE INFORMATION
  > Min. GSL IFs/satellite........ 1
  > Max. GSL IFs/satellite........ 1
  > Min. GSL IFs/ground station... 1
  > Max. GSL IFs/ground_station... 1

GSL IN-RANGE INFORMATION
  > Min. satellites in range... 3
  > Max. satellites in range... 21
[MODE] SP_OVER_PID_QUOTIENT=True
  > Calculating Floyd-Warshall for graph without ground-station relays
  > Writing forwarding state to: gen_data/starlink_550_isls_plus_grid_ground_stations_top_100_with_hsinchu_algorithm_hierarchical_virtual_gid_27deg_k2/dynamic_state_2000ms_for_200s/fstate_62000000000.txt
  > [SIGNALING] 累計統計: 34 事件, 0 字節
[STATS-DEBUG] 開始生成統計文件... PID=1715618, TID=139662272574528
[DEBUG] output_dynamic_state_dir: gen_data/starlink_550_isls_plus_grid_ground_stations_top_100_with_hsinchu_algorithm_hierarchical_virtual_gid_27deg_k2/dynamic_state_2000ms_for_200s
[DEBUG] k_best: 2
[DEBUG] scenario_info: ''
[DEBUG] temp_dir_name: temp_grhr_k2
  > [SIGNALING] 累計統計: 36 事件, 0 字節
FORWARDING STATE AT T = 64000000000ns (= 64.0 seconds)

BASIC INFORMATION
  > Epoch.................. 2000-01-01 00:00:00.000
  > Time since epoch....... 64000000000 ns
  > Absolute time.......... 2000-01-01 00:01:04.000
  > Satellites............. 1584
  > Ground stations........ 101
  > Max. range GSL......... 1089686.4181956202m
  > Max. range ISL......... 5016591.233098428m

ISL INFORMATION
  > Total ISLs............. 3168
  > Min. ISLs/satellite.... 4
  > Max. ISLs/satellite.... 4

GSL INTERFACE INFORMATION
  > Min. GSL IFs/satellite........ 1
  > Max. GSL IFs/satellite........ 1
  > Min. GSL IFs/ground station... 1
  > Max. GSL IFs/ground_station... 1

GSL IN-RANGE INFORMATION
  > Min. satellites in range... 3
  > Max. satellites in range... 20
[MODE] SP_OVER_PID_QUOTIENT=True
  > Calculating Floyd-Warshall for graph without ground-station relays
  > Writing forwarding state to: gen_data/starlink_550_isls_plus_grid_ground_stations_top_100_with_hsinchu_algorithm_hierarchical_virtual_gid_27deg_k2/dynamic_state_2000ms_for_200s/fstate_64000000000.txt
  > [SIGNALING] 累計統計: 39 事件, 0 字節
[STATS-DEBUG] 開始生成統計文件... PID=1715618, TID=139662272574528
[DEBUG] output_dynamic_state_dir: gen_data/starlink_550_isls_plus_grid_ground_stations_top_100_with_hsinchu_algorithm_hierarchical_virtual_gid_27deg_k2/dynamic_state_2000ms_for_200s
[DEBUG] k_best: 2
[DEBUG] scenario_info: ''
[DEBUG] temp_dir_name: temp_grhr_k2
  > [SIGNALING] 累計統計: 41 事件, 0 字節
FORWARDING STATE AT T = 66000000000ns (= 66.0 seconds)

BASIC INFORMATION
  > Epoch.................. 2000-01-01 00:00:00.000
  > Time since epoch....... 66000000000 ns
  > Absolute time.......... 2000-01-01 00:01:06.000
  > Satellites............. 1584
  > Ground stations........ 101
  > Max. range GSL......... 1089686.4181956202m
  > Max. range ISL......... 5016591.233098428m

ISL INFORMATION
  > Total ISLs............. 3168
  > Min. ISLs/satellite.... 4
  > Max. ISLs/satellite.... 4

GSL INTERFACE INFORMATION
  > Min. GSL IFs/satellite........ 1
  > Max. GSL IFs/satellite........ 1
  > Min. GSL IFs/ground station... 1
  > Max. GSL IFs/ground_station... 1

GSL IN-RANGE INFORMATION
  > Min. satellites in range... 3
  > Max. satellites in range... 20
[MODE] SP_OVER_PID_QUOTIENT=True
  > Calculating Floyd-Warshall for graph without ground-station relays
  > Writing forwarding state to: gen_data/starlink_550_isls_plus_grid_ground_stations_top_100_with_hsinchu_algorithm_hierarchical_virtual_gid_27deg_k2/dynamic_state_2000ms_for_200s/fstate_66000000000.txt
  > [SIGNALING] 累計統計: 44 事件, 0 字節
[STATS-DEBUG] 開始生成統計文件... PID=1715618, TID=139662272574528
[DEBUG] output_dynamic_state_dir: gen_data/starlink_550_isls_plus_grid_ground_stations_top_100_with_hsinchu_algorithm_hierarchical_virtual_gid_27deg_k2/dynamic_state_2000ms_for_200s
[DEBUG] k_best: 2
[DEBUG] scenario_info: ''
[DEBUG] temp_dir_name: temp_grhr_k2
  > [SIGNALING] 累計統計: 46 事件, 0 字節
FORWARDING STATE AT T = 68000000000ns (= 68.0 seconds)

BASIC INFORMATION
  > Epoch.................. 2000-01-01 00:00:00.000
  > Time since epoch....... 68000000000 ns
  > Absolute time.......... 2000-01-01 00:01:08.000
  > Satellites............. 1584
  > Ground stations........ 101
  > Max. range GSL......... 1089686.4181956202m
  > Max. range ISL......... 5016591.233098428m

ISL INFORMATION
  > Total ISLs............. 3168
  > Min. ISLs/satellite.... 4
  > Max. ISLs/satellite.... 4

GSL INTERFACE INFORMATION
  > Min. GSL IFs/satellite........ 1
  > Max. GSL IFs/satellite........ 1
  > Min. GSL IFs/ground station... 1
  > Max. GSL IFs/ground_station... 1

GSL IN-RANGE INFORMATION
  > Min. satellites in range... 3
  > Max. satellites in range... 20
[MODE] SP_OVER_PID_QUOTIENT=True
  > Calculating Floyd-Warshall for graph without ground-station relays
  > Writing forwarding state to: gen_data/starlink_550_isls_plus_grid_ground_stations_top_100_with_hsinchu_algorithm_hierarchical_virtual_gid_27deg_k2/dynamic_state_2000ms_for_200s/fstate_68000000000.txt
  > [SIGNALING] 累計統計: 49 事件, 0 字節
[STATS-DEBUG] 開始生成統計文件... PID=1715618, TID=139662272574528
[DEBUG] output_dynamic_state_dir: gen_data/starlink_550_isls_plus_grid_ground_stations_top_100_with_hsinchu_algorithm_hierarchical_virtual_gid_27deg_k2/dynamic_state_2000ms_for_200s
[DEBUG] k_best: 2
[DEBUG] scenario_info: ''
[DEBUG] temp_dir_name: temp_grhr_k2
  > [SIGNALING] 累計統計: 51 事件, 0 字節
FORWARDING STATE AT T = 70000000000ns (= 70.0 seconds)

BASIC INFORMATION
  > Epoch.................. 2000-01-01 00:00:00.000
  > Time since epoch....... 70000000000 ns
  > Absolute time.......... 2000-01-01 00:01:10.000
  > Satellites............. 1584
  > Ground stations........ 101
  > Max. range GSL......... 1089686.4181956202m
  > Max. range ISL......... 5016591.233098428m

ISL INFORMATION
  > Total ISLs............. 3168
  > Min. ISLs/satellite.... 4
  > Max. ISLs/satellite.... 4

GSL INTERFACE INFORMATION
  > Min. GSL IFs/satellite........ 1
  > Max. GSL IFs/satellite........ 1
  > Min. GSL IFs/ground station... 1
  > Max. GSL IFs/ground_station... 1

GSL IN-RANGE INFORMATION
  > Min. satellites in range... 3
  > Max. satellites in range... 21
[MODE] SP_OVER_PID_QUOTIENT=True
  > Calculating Floyd-Warshall for graph without ground-station relays
  > Calculating Floyd-Warshall for graph without ground-station relays
  > Writing forwarding state to: gen_data/starlink_550_isls_plus_grid_ground_stations_top_100_with_hsinchu_algorithm_hierarchical_virtual_gid_27deg_k2/dynamic_state_2000ms_for_200s/fstate_170000000000.txt
  > [SIGNALING] 累計統計: 54 事件, 0 字節
[STATS-DEBUG] 開始生成統計文件... PID=1715620, TID=139662272574528
[DEBUG] output_dynamic_state_dir: gen_data/starlink_550_isls_plus_grid_ground_stations_top_100_with_hsinchu_algorithm_hierarchical_virtual_gid_27deg_k2/dynamic_state_2000ms_for_200s
[DEBUG] k_best: 2
[DEBUG] scenario_info: ''
[DEBUG] temp_dir_name: temp_grhr_k2
  > [SIGNALING] 累計統計: 56 事件, 0 字節
FORWARDING STATE AT T = 172000000000ns (= 172.0 seconds)

BASIC INFORMATION
  > Epoch.................. 2000-01-01 00:00:00.000
  > Time since epoch....... 172000000000 ns
  > Absolute time.......... 2000-01-01 00:02:52.000
  > Satellites............. 1584
  > Ground stations........ 101
  > Max. range GSL......... 1089686.4181956202m
  > Max. range ISL......... 5016591.233098428m

ISL INFORMATION
  > Total ISLs............. 3168
  > Min. ISLs/satellite.... 4
  > Max. ISLs/satellite.... 4

GSL INTERFACE INFORMATION
  > Min. GSL IFs/satellite........ 1
  > Max. GSL IFs/satellite........ 1
  > Min. GSL IFs/ground station... 1
  > Max. GSL IFs/ground_station... 1

GSL IN-RANGE INFORMATION
  > Min. satellites in range... 4
  > Max. satellites in range... 20
[MODE] SP_OVER_PID_QUOTIENT=True
  > Calculating Floyd-Warshall for graph without ground-station relays
  > Writing forwarding state to: gen_data/starlink_550_isls_plus_grid_ground_stations_top_100_with_hsinchu_algorithm_hierarchical_virtual_gid_27deg_k2/dynamic_state_2000ms_for_200s/fstate_172000000000.txt
  > [SIGNALING] 累計統計: 59 事件, 0 字節
[STATS-DEBUG] 開始生成統計文件... PID=1715620, TID=139662272574528
[DEBUG] output_dynamic_state_dir: gen_data/starlink_550_isls_plus_grid_ground_stations_top_100_with_hsinchu_algorithm_hierarchical_virtual_gid_27deg_k2/dynamic_state_2000ms_for_200s
[DEBUG] k_best: 2
[DEBUG] scenario_info: ''
[DEBUG] temp_dir_name: temp_grhr_k2
  > [SIGNALING] 累計統計: 61 事件, 0 字節
FORWARDING STATE AT T = 174000000000ns (= 174.0 seconds)

BASIC INFORMATION
  > Epoch.................. 2000-01-01 00:00:00.000
  > Time since epoch....... 174000000000 ns
  > Absolute time.......... 2000-01-01 00:02:54.000
  > Satellites............. 1584
  > Ground stations........ 101
  > Max. range GSL......... 1089686.4181956202m
  > Max. range ISL......... 5016591.233098428m

ISL INFORMATION
  > Total ISLs............. 3168
  > Min. ISLs/satellite.... 4
  > Max. ISLs/satellite.... 4

GSL INTERFACE INFORMATION
  > Min. GSL IFs/satellite........ 1
  > Max. GSL IFs/satellite........ 1
  > Min. GSL IFs/ground station... 1
  > Max. GSL IFs/ground_station... 1

GSL IN-RANGE INFORMATION
  > Min. satellites in range... 4
  > Max. satellites in range... 20
[MODE] SP_OVER_PID_QUOTIENT=True
  > Calculating Floyd-Warshall for graph without ground-station relays
  > Writing forwarding state to: gen_data/starlink_550_isls_plus_grid_ground_stations_top_100_with_hsinchu_algorithm_hierarchical_virtual_gid_27deg_k2/dynamic_state_2000ms_for_200s/fstate_174000000000.txt
  > [SIGNALING] 累計統計: 64 事件, 0 字節
[STATS-DEBUG] 開始生成統計文件... PID=1715620, TID=139662272574528
[DEBUG] output_dynamic_state_dir: gen_data/starlink_550_isls_plus_grid_ground_stations_top_100_with_hsinchu_algorithm_hierarchical_virtual_gid_27deg_k2/dynamic_state_2000ms_for_200s
[DEBUG] k_best: 2
[DEBUG] scenario_info: ''
[DEBUG] temp_dir_name: temp_grhr_k2
  > [SIGNALING] 累計統計: 66 事件, 0 字節
FORWARDING STATE AT T = 176000000000ns (= 176.0 seconds)

BASIC INFORMATION
  > Epoch.................. 2000-01-01 00:00:00.000
  > Time since epoch....... 176000000000 ns
  > Absolute time.......... 2000-01-01 00:02:56.000
  > Satellites............. 1584
  > Ground stations........ 101
  > Max. range GSL......... 1089686.4181956202m
  > Max. range ISL......... 5016591.233098428m

ISL INFORMATION
  > Total ISLs............. 3168
  > Min. ISLs/satellite.... 4
  > Max. ISLs/satellite.... 4

GSL INTERFACE INFORMATION
  > Min. GSL IFs/satellite........ 1
  > Max. GSL IFs/satellite........ 1
  > Min. GSL IFs/ground station... 1
  > Max. GSL IFs/ground_station... 1

GSL IN-RANGE INFORMATION
  > Min. satellites in range... 4
  > Max. satellites in range... 20
[MODE] SP_OVER_PID_QUOTIENT=True
  > Calculating Floyd-Warshall for graph without ground-station relays
  > Writing forwarding state to: gen_data/starlink_550_isls_plus_grid_ground_stations_top_100_with_hsinchu_algorithm_hierarchical_virtual_gid_27deg_k2/dynamic_state_2000ms_for_200s/fstate_176000000000.txt
  > [SIGNALING] 累計統計: 69 事件, 0 字節
[STATS-DEBUG] 開始生成統計文件... PID=1715620, TID=139662272574528
[DEBUG] output_dynamic_state_dir: gen_data/starlink_550_isls_plus_grid_ground_stations_top_100_with_hsinchu_algorithm_hierarchical_virtual_gid_27deg_k2/dynamic_state_2000ms_for_200s
[DEBUG] k_best: 2
[DEBUG] scenario_info: ''
[DEBUG] temp_dir_name: temp_grhr_k2
  > [SIGNALING] 累計統計: 71 事件, 0 字節
FORWARDING STATE AT T = 178000000000ns (= 178.0 seconds)

BASIC INFORMATION
  > Epoch.................. 2000-01-01 00:00:00.000
  > Time since epoch....... 178000000000 ns
  > Absolute time.......... 2000-01-01 00:02:58.000
  > Satellites............. 1584
  > Ground stations........ 101
  > Max. range GSL......... 1089686.4181956202m
  > Max. range ISL......... 5016591.233098428m

ISL INFORMATION
  > Total ISLs............. 3168
  > Min. ISLs/satellite.... 4
  > Max. ISLs/satellite.... 4

GSL INTERFACE INFORMATION
  > Min. GSL IFs/satellite........ 1
  > Max. GSL IFs/satellite........ 1
  > Min. GSL IFs/ground station... 1
  > Max. GSL IFs/ground_station... 1

GSL IN-RANGE INFORMATION
  > Min. satellites in range... 4
  > Max. satellites in range... 20
[MODE] SP_OVER_PID_QUOTIENT=True
  > Calculating Floyd-Warshall for graph without ground-station relays
  > Writing forwarding state to: gen_data/starlink_550_isls_plus_grid_ground_stations_top_100_with_hsinchu_algorithm_hierarchical_virtual_gid_27deg_k2/dynamic_state_2000ms_for_200s/fstate_178000000000.txt
  > [SIGNALING] 累計統計: 74 事件, 0 字節
[STATS-DEBUG] 開始生成統計文件... PID=1715620, TID=139662272574528
[DEBUG] output_dynamic_state_dir: gen_data/starlink_550_isls_plus_grid_ground_stations_top_100_with_hsinchu_algorithm_hierarchical_virtual_gid_27deg_k2/dynamic_state_2000ms_for_200s
[DEBUG] k_best: 2
[DEBUG] scenario_info: ''
[DEBUG] temp_dir_name: temp_grhr_k2
  > [SIGNALING] 累計統計: 76 事件, 0 字節
FORWARDING STATE AT T = 180000000000ns (= 180.0 seconds)

BASIC INFORMATION
  > Epoch.................. 2000-01-01 00:00:00.000
  > Time since epoch....... 180000000000 ns
  > Absolute time.......... 2000-01-01 00:03:00.000
  > Satellites............. 1584
  > Ground stations........ 101
  > Max. range GSL......... 1089686.4181956202m
  > Max. range ISL......... 5016591.233098428m

ISL INFORMATION
  > Total ISLs............. 3168
  > Min. ISLs/satellite.... 4
  > Max. ISLs/satellite.... 4

GSL INTERFACE INFORMATION
  > Min. GSL IFs/satellite........ 1
  > Max. GSL IFs/satellite........ 1
  > Min. GSL IFs/ground station... 1
  > Max. GSL IFs/ground_station... 1

GSL IN-RANGE INFORMATION
  > Min. satellites in range... 4
  > Max. satellites in range... 20
[MODE] SP_OVER_PID_QUOTIENT=True
  > Calculating Floyd-Warshall for graph without ground-station relays
  > Writing forwarding state to: gen_data/starlink_550_isls_plus_grid_ground_stations_top_100_with_hsinchu_algorithm_hierarchical_virtual_gid_27deg_k2/dynamic_state_2000ms_for_200s/fstate_180000000000.txt
  > [SIGNALING] 累計統計: 79 事件, 0 字節
[STATS-DEBUG] 開始生成統計文件... PID=1715620, TID=139662272574528
[DEBUG] output_dynamic_state_dir: gen_data/starlink_550_isls_plus_grid_ground_stations_top_100_with_hsinchu_algorithm_hierarchical_virtual_gid_27deg_k2/dynamic_state_2000ms_for_200s
[DEBUG] k_best: 2
[DEBUG] scenario_info: ''
  > Writing forwarding state to: gen_data/starlink_550_isls_plus_grid_ground_stations_top_100_with_hsinchu_algorithm_hierarchical_virtual_gid_27deg_k2/dynamic_state_2000ms_for_200s/fstate_20000000000.txt
  > [SIGNALING] 累計統計: 54 事件, 0 字節
[STATS-DEBUG] 開始生成統計文件... PID=1715617, TID=139662272574528
[DEBUG] output_dynamic_state_dir: gen_data/starlink_550_isls_plus_grid_ground_stations_top_100_with_hsinchu_algorithm_hierarchical_virtual_gid_27deg_k2/dynamic_state_2000ms_for_200s
[DEBUG] k_best: 2
[DEBUG] scenario_info: ''
[DEBUG] temp_dir_name: temp_grhr_k2
  > [SIGNALING] 累計統計: 56 事件, 0 字節
FORWARDING STATE AT T = 22000000000ns (= 22.0 seconds)

BASIC INFORMATION
  > Epoch.................. 2000-01-01 00:00:00.000
  > Time since epoch....... 22000000000 ns
  > Absolute time.......... 2000-01-01 00:00:22.000
  > Satellites............. 1584
  > Ground stations........ 101
  > Max. range GSL......... 1089686.4181956202m
  > Max. range ISL......... 5016591.233098428m

ISL INFORMATION
  > Total ISLs............. 3168
  > Min. ISLs/satellite.... 4
  > Max. ISLs/satellite.... 4

GSL INTERFACE INFORMATION
  > Min. GSL IFs/satellite........ 1
  > Max. GSL IFs/satellite........ 1
  > Min. GSL IFs/ground station... 1
  > Max. GSL IFs/ground_station... 1

GSL IN-RANGE INFORMATION
  > Min. satellites in range... 4
  > Max. satellites in range... 20
[MODE] SP_OVER_PID_QUOTIENT=True
  > Calculating Floyd-Warshall for graph without ground-station relays
  > Writing forwarding state to: gen_data/starlink_550_isls_plus_grid_ground_stations_top_100_with_hsinchu_algorithm_hierarchical_virtual_gid_27deg_k2/dynamic_state_2000ms_for_200s/fstate_22000000000.txt
  > [SIGNALING] 累計統計: 59 事件, 0 字節
[STATS-DEBUG] 開始生成統計文件... PID=1715617, TID=139662272574528
[DEBUG] output_dynamic_state_dir: gen_data/starlink_550_isls_plus_grid_ground_stations_top_100_with_hsinchu_algorithm_hierarchical_virtual_gid_27deg_k2/dynamic_state_2000ms_for_200s
[DEBUG] k_best: 2
[DEBUG] scenario_info: ''
[DEBUG] temp_dir_name: temp_grhr_k2
  > [SIGNALING] 累計統計: 61 事件, 0 字節
FORWARDING STATE AT T = 24000000000ns (= 24.0 seconds)

BASIC INFORMATION
  > Epoch.................. 2000-01-01 00:00:00.000
  > Time since epoch....... 24000000000 ns
  > Absolute time.......... 2000-01-01 00:00:24.000
  > Satellites............. 1584
  > Ground stations........ 101
  > Max. range GSL......... 1089686.4181956202m
  > Max. range ISL......... 5016591.233098428m

ISL INFORMATION
  > Total ISLs............. 3168
  > Min. ISLs/satellite.... 4
  > Max. ISLs/satellite.... 4

GSL INTERFACE INFORMATION
  > Min. GSL IFs/satellite........ 1
  > Max. GSL IFs/satellite........ 1
  > Min. GSL IFs/ground station... 1
  > Max. GSL IFs/ground_station... 1

GSL IN-RANGE INFORMATION
  > Min. satellites in range... 4
  > Max. satellites in range... 19
[MODE] SP_OVER_PID_QUOTIENT=True
  > Calculating Floyd-Warshall for graph without ground-station relays
  > Writing forwarding state to: gen_data/starlink_550_isls_plus_grid_ground_stations_top_100_with_hsinchu_algorithm_hierarchical_virtual_gid_27deg_k2/dynamic_state_2000ms_for_200s/fstate_24000000000.txt
  > [SIGNALING] 累計統計: 64 事件, 0 字節
[STATS-DEBUG] 開始生成統計文件... PID=1715617, TID=139662272574528
[DEBUG] output_dynamic_state_dir: gen_data/starlink_550_isls_plus_grid_ground_stations_top_100_with_hsinchu_algorithm_hierarchical_virtual_gid_27deg_k2/dynamic_state_2000ms_for_200s
[DEBUG] k_best: 2
[DEBUG] scenario_info: ''
[DEBUG] temp_dir_name: temp_grhr_k2
  > [SIGNALING] 累計統計: 66 事件, 0 字節
FORWARDING STATE AT T = 26000000000ns (= 26.0 seconds)

BASIC INFORMATION
  > Epoch.................. 2000-01-01 00:00:00.000
  > Time since epoch....... 26000000000 ns
  > Absolute time.......... 2000-01-01 00:00:26.000
  > Satellites............. 1584
  > Ground stations........ 101
  > Max. range GSL......... 1089686.4181956202m
  > Max. range ISL......... 5016591.233098428m

ISL INFORMATION
  > Total ISLs............. 3168
  > Min. ISLs/satellite.... 4
  > Max. ISLs/satellite.... 4

GSL INTERFACE INFORMATION
  > Min. GSL IFs/satellite........ 1
  > Max. GSL IFs/satellite........ 1
  > Min. GSL IFs/ground station... 1
  > Max. GSL IFs/ground_station... 1

GSL IN-RANGE INFORMATION
  > Min. satellites in range... 4
  > Max. satellites in range... 19
[MODE] SP_OVER_PID_QUOTIENT=True
  > Calculating Floyd-Warshall for graph without ground-station relays
  > Writing forwarding state to: gen_data/starlink_550_isls_plus_grid_ground_stations_top_100_with_hsinchu_algorithm_hierarchical_virtual_gid_27deg_k2/dynamic_state_2000ms_for_200s/fstate_26000000000.txt
  > [SIGNALING] 累計統計: 69 事件, 0 字節
[STATS-DEBUG] 開始生成統計文件... PID=1715617, TID=139662272574528
[DEBUG] output_dynamic_state_dir: gen_data/starlink_550_isls_plus_grid_ground_stations_top_100_with_hsinchu_algorithm_hierarchical_virtual_gid_27deg_k2/dynamic_state_2000ms_for_200s
[DEBUG] k_best: 2
[DEBUG] scenario_info: ''
[DEBUG] temp_dir_name: temp_grhr_k2
  > [SIGNALING] 累計統計: 71 事件, 0 字節
FORWARDING STATE AT T = 28000000000ns (= 28.0 seconds)

BASIC INFORMATION
  > Epoch.................. 2000-01-01 00:00:00.000
  > Time since epoch....... 28000000000 ns
  > Absolute time.......... 2000-01-01 00:00:28.000
  > Satellites............. 1584
  > Ground stations........ 101
  > Max. range GSL......... 1089686.4181956202m
  > Max. range ISL......... 5016591.233098428m

ISL INFORMATION
  > Total ISLs............. 3168
  > Min. ISLs/satellite.... 4
  > Max. ISLs/satellite.... 4

GSL INTERFACE INFORMATION
  > Min. GSL IFs/satellite........ 1
  > Max. GSL IFs/satellite........ 1
  > Min. GSL IFs/ground station... 1
  > Max. GSL IFs/ground_station... 1

GSL IN-RANGE INFORMATION
  > Min. satellites in range... 4
  > Max. satellites in range... 19
[MODE] SP_OVER_PID_QUOTIENT=True
  > Calculating Floyd-Warshall for graph without ground-station relays
  > Writing forwarding state to: gen_data/starlink_550_isls_plus_grid_ground_stations_top_100_with_hsinchu_algorithm_hierarchical_virtual_gid_27deg_k2/dynamic_state_2000ms_for_200s/fstate_28000000000.txt
  > [SIGNALING] 累計統計: 74 事件, 0 字節
[STATS-DEBUG] 開始生成統計文件... PID=1715617, TID=139662272574528
[DEBUG] output_dynamic_state_dir: gen_data/starlink_550_isls_plus_grid_ground_stations_top_100_with_hsinchu_algorithm_hierarchical_virtual_gid_27deg_k2/dynamic_state_2000ms_for_200s
[DEBUG] k_best: 2
[DEBUG] scenario_info: ''
[DEBUG] temp_dir_name: temp_grhr_k2
  > [SIGNALING] 累計統計: 76 事件, 0 字節
FORWARDING STATE AT T = 30000000000ns (= 30.0 seconds)

BASIC INFORMATION
  > Epoch.................. 2000-01-01 00:00:00.000
  > Time since epoch....... 30000000000 ns
  > Absolute time.......... 2000-01-01 00:00:30.000
  > Satellites............. 1584
  > Ground stations........ 101
  > Max. range GSL......... 1089686.4181956202m
  > Max. range ISL......... 5016591.233098428m

ISL INFORMATION
  > Total ISLs............. 3168
  > Min. ISLs/satellite.... 4
  > Max. ISLs/satellite.... 4

GSL INTERFACE INFORMATION
  > Min. GSL IFs/satellite........ 1
  > Max. GSL IFs/satellite........ 1
  > Min. GSL IFs/ground station... 1
  > Max. GSL IFs/ground_station... 1

GSL IN-RANGE INFORMATION
  > Min. satellites in range... 4
  > Max. satellites in range... 19
[MODE] SP_OVER_PID_QUOTIENT=True
  > Calculating Floyd-Warshall for graph without ground-station relays
  > Writing forwarding state to: gen_data/starlink_550_isls_plus_grid_ground_stations_top_100_with_hsinchu_algorithm_hierarchical_virtual_gid_27deg_k2/dynamic_state_2000ms_for_200s/fstate_30000000000.txt
  > [SIGNALING] 累計統計: 79 事件, 0 字節
[STATS-DEBUG] 開始生成統計文件... PID=1715617, TID=139662272574528
[DEBUG] output_dynamic_state_dir: gen_data/starlink_550_isls_plus_grid_ground_stations_top_100_with_hsinchu_algorithm_hierarchical_virtual_gid_27deg_k2/dynamic_state_2000ms_for_200s
[DEBUG] k_best: 2
[DEBUG] scenario_info: ''
[DEBUG] temp_dir_name: temp_grhr_k2
  > [SIGNALING] 累計統計: 81 事件, 0 字節
  > Calculating Floyd-Warshall for graph without ground-station relays
  > Writing forwarding state to: gen_data/starlink_550_isls_plus_grid_ground_stations_top_100_with_hsinchu_algorithm_hierarchical_virtual_gid_27deg_k2/dynamic_state_2000ms_for_200s/fstate_120000000000.txt
  > [SIGNALING] 累計統計: 54 事件, 0 字節
[STATS-DEBUG] 開始生成統計文件... PID=1715619, TID=139662272574528
[DEBUG] output_dynamic_state_dir: gen_data/starlink_550_isls_plus_grid_ground_stations_top_100_with_hsinchu_algorithm_hierarchical_virtual_gid_27deg_k2/dynamic_state_2000ms_for_200s
[DEBUG] k_best: 2
[DEBUG] scenario_info: ''
[DEBUG] temp_dir_name: temp_grhr_k2
  > [SIGNALING] 累計統計: 56 事件, 0 字節
FORWARDING STATE AT T = 122000000000ns (= 122.0 seconds)

BASIC INFORMATION
  > Epoch.................. 2000-01-01 00:00:00.000
  > Time since epoch....... 122000000000 ns
  > Absolute time.......... 2000-01-01 00:02:02.000
  > Satellites............. 1584
  > Ground stations........ 101
  > Max. range GSL......... 1089686.4181956202m
  > Max. range ISL......... 5016591.233098428m

ISL INFORMATION
  > Total ISLs............. 3168
  > Min. ISLs/satellite.... 4
  > Max. ISLs/satellite.... 4

GSL INTERFACE INFORMATION
  > Min. GSL IFs/satellite........ 1
  > Max. GSL IFs/satellite........ 1
  > Min. GSL IFs/ground station... 1
  > Max. GSL IFs/ground_station... 1

GSL IN-RANGE INFORMATION
  > Min. satellites in range... 4
  > Max. satellites in range... 20
[MODE] SP_OVER_PID_QUOTIENT=True
  > Calculating Floyd-Warshall for graph without ground-station relays
  > Writing forwarding state to: gen_data/starlink_550_isls_plus_grid_ground_stations_top_100_with_hsinchu_algorithm_hierarchical_virtual_gid_27deg_k2/dynamic_state_2000ms_for_200s/fstate_122000000000.txt
  > [SIGNALING] 累計統計: 59 事件, 0 字節
[STATS-DEBUG] 開始生成統計文件... PID=1715619, TID=139662272574528
[DEBUG] output_dynamic_state_dir: gen_data/starlink_550_isls_plus_grid_ground_stations_top_100_with_hsinchu_algorithm_hierarchical_virtual_gid_27deg_k2/dynamic_state_2000ms_for_200s
[DEBUG] k_best: 2
[DEBUG] scenario_info: ''
[DEBUG] temp_dir_name: temp_grhr_k2
  > [SIGNALING] 累計統計: 61 事件, 0 字節
FORWARDING STATE AT T = 124000000000ns (= 124.0 seconds)

BASIC INFORMATION
  > Epoch.................. 2000-01-01 00:00:00.000
  > Time since epoch....... 124000000000 ns
  > Absolute time.......... 2000-01-01 00:02:04.000
  > Satellites............. 1584
  > Ground stations........ 101
  > Max. range GSL......... 1089686.4181956202m
  > Max. range ISL......... 5016591.233098428m

ISL INFORMATION
  > Total ISLs............. 3168
  > Min. ISLs/satellite.... 4
  > Max. ISLs/satellite.... 4

GSL INTERFACE INFORMATION
  > Min. GSL IFs/satellite........ 1
  > Max. GSL IFs/satellite........ 1
  > Min. GSL IFs/ground station... 1
  > Max. GSL IFs/ground_station... 1

GSL IN-RANGE INFORMATION
  > Min. satellites in range... 4
  > Max. satellites in range... 20
[MODE] SP_OVER_PID_QUOTIENT=True
  > Calculating Floyd-Warshall for graph without ground-station relays
  > Writing forwarding state to: gen_data/starlink_550_isls_plus_grid_ground_stations_top_100_with_hsinchu_algorithm_hierarchical_virtual_gid_27deg_k2/dynamic_state_2000ms_for_200s/fstate_124000000000.txt
  > [SIGNALING] 累計統計: 64 事件, 0 字節
[STATS-DEBUG] 開始生成統計文件... PID=1715619, TID=139662272574528
[DEBUG] output_dynamic_state_dir: gen_data/starlink_550_isls_plus_grid_ground_stations_top_100_with_hsinchu_algorithm_hierarchical_virtual_gid_27deg_k2/dynamic_state_2000ms_for_200s
[DEBUG] k_best: 2
[DEBUG] scenario_info: ''
[DEBUG] temp_dir_name: temp_grhr_k2
  > [SIGNALING] 累計統計: 66 事件, 0 字節
FORWARDING STATE AT T = 126000000000ns (= 126.0 seconds)

BASIC INFORMATION
  > Epoch.................. 2000-01-01 00:00:00.000
  > Time since epoch....... 126000000000 ns
  > Absolute time.......... 2000-01-01 00:02:06.000
  > Satellites............. 1584
  > Ground stations........ 101
  > Max. range GSL......... 1089686.4181956202m
  > Max. range ISL......... 5016591.233098428m

ISL INFORMATION
  > Total ISLs............. 3168
  > Min. ISLs/satellite.... 4
  > Max. ISLs/satellite.... 4

GSL INTERFACE INFORMATION
  > Min. GSL IFs/satellite........ 1
  > Max. GSL IFs/satellite........ 1
  > Min. GSL IFs/ground station... 1
  > Max. GSL IFs/ground_station... 1

GSL IN-RANGE INFORMATION
  > Min. satellites in range... 3
  > Max. satellites in range... 20
[MODE] SP_OVER_PID_QUOTIENT=True
  > Calculating Floyd-Warshall for graph without ground-station relays
  > Writing forwarding state to: gen_data/starlink_550_isls_plus_grid_ground_stations_top_100_with_hsinchu_algorithm_hierarchical_virtual_gid_27deg_k2/dynamic_state_2000ms_for_200s/fstate_126000000000.txt
  > [SIGNALING] 累計統計: 69 事件, 0 字節
[STATS-DEBUG] 開始生成統計文件... PID=1715619, TID=139662272574528
[DEBUG] output_dynamic_state_dir: gen_data/starlink_550_isls_plus_grid_ground_stations_top_100_with_hsinchu_algorithm_hierarchical_virtual_gid_27deg_k2/dynamic_state_2000ms_for_200s
[DEBUG] k_best: 2
[DEBUG] scenario_info: ''
[DEBUG] temp_dir_name: temp_grhr_k2
  > [SIGNALING] 累計統計: 71 事件, 0 字節
FORWARDING STATE AT T = 128000000000ns (= 128.0 seconds)

BASIC INFORMATION
  > Epoch.................. 2000-01-01 00:00:00.000
  > Time since epoch....... 128000000000 ns
  > Absolute time.......... 2000-01-01 00:02:08.000
  > Satellites............. 1584
  > Ground stations........ 101
  > Max. range GSL......... 1089686.4181956202m
  > Max. range ISL......... 5016591.233098428m

ISL INFORMATION
  > Total ISLs............. 3168
  > Min. ISLs/satellite.... 4
  > Max. ISLs/satellite.... 4

GSL INTERFACE INFORMATION
  > Min. GSL IFs/satellite........ 1
  > Max. GSL IFs/satellite........ 1
  > Min. GSL IFs/ground station... 1
  > Max. GSL IFs/ground_station... 1

GSL IN-RANGE INFORMATION
  > Min. satellites in range... 3
  > Max. satellites in range... 20
[MODE] SP_OVER_PID_QUOTIENT=True
  > Calculating Floyd-Warshall for graph without ground-station relays
  > Writing forwarding state to: gen_data/starlink_550_isls_plus_grid_ground_stations_top_100_with_hsinchu_algorithm_hierarchical_virtual_gid_27deg_k2/dynamic_state_2000ms_for_200s/fstate_128000000000.txt
  > [SIGNALING] 累計統計: 74 事件, 0 字節
[STATS-DEBUG] 開始生成統計文件... PID=1715619, TID=139662272574528
[DEBUG] output_dynamic_state_dir: gen_data/starlink_550_isls_plus_grid_ground_stations_top_100_with_hsinchu_algorithm_hierarchical_virtual_gid_27deg_k2/dynamic_state_2000ms_for_200s
[DEBUG] k_best: 2
[DEBUG] scenario_info: ''
[DEBUG] temp_dir_name: temp_grhr_k2
  > [SIGNALING] 累計統計: 76 事件, 0 字節
FORWARDING STATE AT T = 130000000000ns (= 130.0 seconds)

BASIC INFORMATION
  > Epoch.................. 2000-01-01 00:00:00.000
  > Time since epoch....... 130000000000 ns
  > Absolute time.......... 2000-01-01 00:02:10.000
  > Satellites............. 1584
  > Ground stations........ 101
  > Max. range GSL......... 1089686.4181956202m
  > Max. range ISL......... 5016591.233098428m

ISL INFORMATION
  > Total ISLs............. 3168
  > Min. ISLs/satellite.... 4
  > Max. ISLs/satellite.... 4

GSL INTERFACE INFORMATION
  > Min. GSL IFs/satellite........ 1
  > Max. GSL IFs/satellite........ 1
  > Min. GSL IFs/ground station... 1
  > Max. GSL IFs/ground_station... 1

GSL IN-RANGE INFORMATION
  > Min. satellites in range... 3
  > Max. satellites in range... 20
[MODE] SP_OVER_PID_QUOTIENT=True
  > Calculating Floyd-Warshall for graph without ground-station relays
  > Writing forwarding state to: gen_data/starlink_550_isls_plus_grid_ground_stations_top_100_with_hsinchu_algorithm_hierarchical_virtual_gid_27deg_k2/dynamic_state_2000ms_for_200s/fstate_130000000000.txt
  > [SIGNALING] 累計統計: 79 事件, 0 字節
[STATS-DEBUG] 開始生成統計文件... PID=1715619, TID=139662272574528
[DEBUG] output_dynamic_state_dir: gen_data/starlink_550_isls_plus_grid_ground_stations_top_100_with_hsinchu_algorithm_hierarchical_virtual_gid_27deg_k2/dynamic_state_2000ms_for_200s
[DEBUG] k_best: 2
[DEBUG] scenario_info: ''
  > Writing forwarding state to: gen_data/starlink_550_isls_plus_grid_ground_stations_top_100_with_hsinchu_algorithm_hierarchical_virtual_gid_27deg_k2/dynamic_state_2000ms_for_200s/fstate_70000000000.txt
  > [SIGNALING] 累計統計: 54 事件, 0 字節
[STATS-DEBUG] 開始生成統計文件... PID=1715618, TID=139662272574528
[DEBUG] output_dynamic_state_dir: gen_data/starlink_550_isls_plus_grid_ground_stations_top_100_with_hsinchu_algorithm_hierarchical_virtual_gid_27deg_k2/dynamic_state_2000ms_for_200s
[DEBUG] k_best: 2
[DEBUG] scenario_info: ''
[DEBUG] temp_dir_name: temp_grhr_k2
  > [SIGNALING] 累計統計: 56 事件, 0 字節
FORWARDING STATE AT T = 72000000000ns (= 72.0 seconds)

BASIC INFORMATION
  > Epoch.................. 2000-01-01 00:00:00.000
  > Time since epoch....... 72000000000 ns
  > Absolute time.......... 2000-01-01 00:01:12.000
  > Satellites............. 1584
  > Ground stations........ 101
  > Max. range GSL......... 1089686.4181956202m
  > Max. range ISL......... 5016591.233098428m

ISL INFORMATION
  > Total ISLs............. 3168
  > Min. ISLs/satellite.... 4
  > Max. ISLs/satellite.... 4

GSL INTERFACE INFORMATION
  > Min. GSL IFs/satellite........ 1
  > Max. GSL IFs/satellite........ 1
  > Min. GSL IFs/ground station... 1
  > Max. GSL IFs/ground_station... 1

GSL IN-RANGE INFORMATION
  > Min. satellites in range... 4
  > Max. satellites in range... 21
[MODE] SP_OVER_PID_QUOTIENT=True
  > Calculating Floyd-Warshall for graph without ground-station relays
  > Writing forwarding state to: gen_data/starlink_550_isls_plus_grid_ground_stations_top_100_with_hsinchu_algorithm_hierarchical_virtual_gid_27deg_k2/dynamic_state_2000ms_for_200s/fstate_72000000000.txt
  > [SIGNALING] 累計統計: 59 事件, 0 字節
[STATS-DEBUG] 開始生成統計文件... PID=1715618, TID=139662272574528
[DEBUG] output_dynamic_state_dir: gen_data/starlink_550_isls_plus_grid_ground_stations_top_100_with_hsinchu_algorithm_hierarchical_virtual_gid_27deg_k2/dynamic_state_2000ms_for_200s
[DEBUG] k_best: 2
[DEBUG] scenario_info: ''
[DEBUG] temp_dir_name: temp_grhr_k2
  > [SIGNALING] 累計統計: 61 事件, 0 字節
FORWARDING STATE AT T = 74000000000ns (= 74.0 seconds)

BASIC INFORMATION
  > Epoch.................. 2000-01-01 00:00:00.000
  > Time since epoch....... 74000000000 ns
  > Absolute time.......... 2000-01-01 00:01:14.000
  > Satellites............. 1584
  > Ground stations........ 101
  > Max. range GSL......... 1089686.4181956202m
  > Max. range ISL......... 5016591.233098428m

ISL INFORMATION
  > Total ISLs............. 3168
  > Min. ISLs/satellite.... 4
  > Max. ISLs/satellite.... 4

GSL INTERFACE INFORMATION
  > Min. GSL IFs/satellite........ 1
  > Max. GSL IFs/satellite........ 1
  > Min. GSL IFs/ground station... 1
  > Max. GSL IFs/ground_station... 1

GSL IN-RANGE INFORMATION
  > Min. satellites in range... 4
  > Max. satellites in range... 18
[MODE] SP_OVER_PID_QUOTIENT=True
  > Calculating Floyd-Warshall for graph without ground-station relays
  > Writing forwarding state to: gen_data/starlink_550_isls_plus_grid_ground_stations_top_100_with_hsinchu_algorithm_hierarchical_virtual_gid_27deg_k2/dynamic_state_2000ms_for_200s/fstate_74000000000.txt
  > [SIGNALING] 累計統計: 64 事件, 0 字節
[STATS-DEBUG] 開始生成統計文件... PID=1715618, TID=139662272574528
[DEBUG] output_dynamic_state_dir: gen_data/starlink_550_isls_plus_grid_ground_stations_top_100_with_hsinchu_algorithm_hierarchical_virtual_gid_27deg_k2/dynamic_state_2000ms_for_200s
[DEBUG] k_best: 2
[DEBUG] scenario_info: ''
[DEBUG] temp_dir_name: temp_grhr_k2
  > [SIGNALING] 累計統計: 66 事件, 0 字節
FORWARDING STATE AT T = 76000000000ns (= 76.0 seconds)

BASIC INFORMATION
  > Epoch.................. 2000-01-01 00:00:00.000
  > Time since epoch....... 76000000000 ns
  > Absolute time.......... 2000-01-01 00:01:16.000
  > Satellites............. 1584
  > Ground stations........ 101
  > Max. range GSL......... 1089686.4181956202m
  > Max. range ISL......... 5016591.233098428m

ISL INFORMATION
  > Total ISLs............. 3168
  > Min. ISLs/satellite.... 4
  > Max. ISLs/satellite.... 4

GSL INTERFACE INFORMATION
  > Min. GSL IFs/satellite........ 1
  > Max. GSL IFs/satellite........ 1
  > Min. GSL IFs/ground station... 1
  > Max. GSL IFs/ground_station... 1

GSL IN-RANGE INFORMATION
  > Min. satellites in range... 4
  > Max. satellites in range... 18
[MODE] SP_OVER_PID_QUOTIENT=True
  > Calculating Floyd-Warshall for graph without ground-station relays
  > Writing forwarding state to: gen_data/starlink_550_isls_plus_grid_ground_stations_top_100_with_hsinchu_algorithm_hierarchical_virtual_gid_27deg_k2/dynamic_state_2000ms_for_200s/fstate_76000000000.txt
  > [SIGNALING] 累計統計: 69 事件, 0 字節
[STATS-DEBUG] 開始生成統計文件... PID=1715618, TID=139662272574528
[DEBUG] output_dynamic_state_dir: gen_data/starlink_550_isls_plus_grid_ground_stations_top_100_with_hsinchu_algorithm_hierarchical_virtual_gid_27deg_k2/dynamic_state_2000ms_for_200s
[DEBUG] k_best: 2
[DEBUG] scenario_info: ''
[DEBUG] temp_dir_name: temp_grhr_k2
  > [SIGNALING] 累計統計: 71 事件, 0 字節
FORWARDING STATE AT T = 78000000000ns (= 78.0 seconds)

BASIC INFORMATION
  > Epoch.................. 2000-01-01 00:00:00.000
  > Time since epoch....... 78000000000 ns
  > Absolute time.......... 2000-01-01 00:01:18.000
  > Satellites............. 1584
  > Ground stations........ 101
  > Max. range GSL......... 1089686.4181956202m
  > Max. range ISL......... 5016591.233098428m

ISL INFORMATION
  > Total ISLs............. 3168
  > Min. ISLs/satellite.... 4
  > Max. ISLs/satellite.... 4

GSL INTERFACE INFORMATION
  > Min. GSL IFs/satellite........ 1
  > Max. GSL IFs/satellite........ 1
  > Min. GSL IFs/ground station... 1
  > Max. GSL IFs/ground_station... 1

GSL IN-RANGE INFORMATION
  > Min. satellites in range... 4
  > Max. satellites in range... 18
[MODE] SP_OVER_PID_QUOTIENT=True
  > Calculating Floyd-Warshall for graph without ground-station relays
  > Writing forwarding state to: gen_data/starlink_550_isls_plus_grid_ground_stations_top_100_with_hsinchu_algorithm_hierarchical_virtual_gid_27deg_k2/dynamic_state_2000ms_for_200s/fstate_78000000000.txt
  > [SIGNALING] 累計統計: 74 事件, 0 字節
[STATS-DEBUG] 開始生成統計文件... PID=1715618, TID=139662272574528
[DEBUG] output_dynamic_state_dir: gen_data/starlink_550_isls_plus_grid_ground_stations_top_100_with_hsinchu_algorithm_hierarchical_virtual_gid_27deg_k2/dynamic_state_2000ms_for_200s
[DEBUG] k_best: 2
[DEBUG] scenario_info: ''
[DEBUG] temp_dir_name: temp_grhr_k2
  > [SIGNALING] 累計統計: 76 事件, 0 字節
FORWARDING STATE AT T = 80000000000ns (= 80.0 seconds)

BASIC INFORMATION
  > Epoch.................. 2000-01-01 00:00:00.000
  > Time since epoch....... 80000000000 ns
  > Absolute time.......... 2000-01-01 00:01:20.000
  > Satellites............. 1584
  > Ground stations........ 101
  > Max. range GSL......... 1089686.4181956202m
  > Max. range ISL......... 5016591.233098428m

ISL INFORMATION
  > Total ISLs............. 3168
  > Min. ISLs/satellite.... 4
  > Max. ISLs/satellite.... 4

GSL INTERFACE INFORMATION
  > Min. GSL IFs/satellite........ 1
  > Max. GSL IFs/satellite........ 1
  > Min. GSL IFs/ground station... 1
  > Max. GSL IFs/ground_station... 1

GSL IN-RANGE INFORMATION
  > Min. satellites in range... 4
  > Max. satellites in range... 18
[MODE] SP_OVER_PID_QUOTIENT=True
  > Calculating Floyd-Warshall for graph without ground-station relays
  > Writing forwarding state to: gen_data/starlink_550_isls_plus_grid_ground_stations_top_100_with_hsinchu_algorithm_hierarchical_virtual_gid_27deg_k2/dynamic_state_2000ms_for_200s/fstate_80000000000.txt
  > [SIGNALING] 累計統計: 79 事件, 0 字節
[STATS-DEBUG] 開始生成統計文件... PID=1715618, TID=139662272574528
[DEBUG] output_dynamic_state_dir: gen_data/starlink_550_isls_plus_grid_ground_stations_top_100_with_hsinchu_algorithm_hierarchical_virtual_gid_27deg_k2/dynamic_state_2000ms_for_200s
[DEBUG] k_best: 2
[DEBUG] scenario_info: ''
[DEBUG] temp_dir_name: temp_grhr_k2
  > [SIGNALING] 累計統計: 81 事件, 0 字節
[DEBUG] temp_dir_name: temp_grhr_k2
  > [SIGNALING] 累計統計: 81 事件, 0 字節
FORWARDING STATE AT T = 182000000000ns (= 182.0 seconds)

BASIC INFORMATION
  > Epoch.................. 2000-01-01 00:00:00.000
  > Time since epoch....... 182000000000 ns
  > Absolute time.......... 2000-01-01 00:03:02.000
  > Satellites............. 1584
  > Ground stations........ 101
  > Max. range GSL......... 1089686.4181956202m
  > Max. range ISL......... 5016591.233098428m

ISL INFORMATION
  > Total ISLs............. 3168
  > Min. ISLs/satellite.... 4
  > Max. ISLs/satellite.... 4

GSL INTERFACE INFORMATION
  > Min. GSL IFs/satellite........ 1
  > Max. GSL IFs/satellite........ 1
  > Min. GSL IFs/ground station... 1
  > Max. GSL IFs/ground_station... 1

GSL IN-RANGE INFORMATION
  > Min. satellites in range... 4
  > Max. satellites in range... 20
[MODE] SP_OVER_PID_QUOTIENT=True
  > Calculating Floyd-Warshall for graph without ground-station relays
  > Writing forwarding state to: gen_data/starlink_550_isls_plus_grid_ground_stations_top_100_with_hsinchu_algorithm_hierarchical_virtual_gid_27deg_k2/dynamic_state_2000ms_for_200s/fstate_182000000000.txt
  > [SIGNALING] 累計統計: 84 事件, 0 字節
[STATS-DEBUG] 開始生成統計文件... PID=1715620, TID=139662272574528
[DEBUG] output_dynamic_state_dir: gen_data/starlink_550_isls_plus_grid_ground_stations_top_100_with_hsinchu_algorithm_hierarchical_virtual_gid_27deg_k2/dynamic_state_2000ms_for_200s
[DEBUG] k_best: 2
[DEBUG] scenario_info: ''
[DEBUG] temp_dir_name: temp_grhr_k2
  > [SIGNALING] 累計統計: 86 事件, 0 字節
FORWARDING STATE AT T = 184000000000ns (= 184.0 seconds)

BASIC INFORMATION
  > Epoch.................. 2000-01-01 00:00:00.000
  > Time since epoch....... 184000000000 ns
  > Absolute time.......... 2000-01-01 00:03:04.000
  > Satellites............. 1584
  > Ground stations........ 101
  > Max. range GSL......... 1089686.4181956202m
  > Max. range ISL......... 5016591.233098428m

ISL INFORMATION
  > Total ISLs............. 3168
  > Min. ISLs/satellite.... 4
  > Max. ISLs/satellite.... 4

GSL INTERFACE INFORMATION
  > Min. GSL IFs/satellite........ 1
  > Max. GSL IFs/satellite........ 1
  > Min. GSL IFs/ground station... 1
  > Max. GSL IFs/ground_station... 1

GSL IN-RANGE INFORMATION
  > Min. satellites in range... 4
  > Max. satellites in range... 20
[MODE] SP_OVER_PID_QUOTIENT=True
  > Calculating Floyd-Warshall for graph without ground-station relays
  > Writing forwarding state to: gen_data/starlink_550_isls_plus_grid_ground_stations_top_100_with_hsinchu_algorithm_hierarchical_virtual_gid_27deg_k2/dynamic_state_2000ms_for_200s/fstate_184000000000.txt
  > [SIGNALING] 累計統計: 89 事件, 0 字節
[STATS-DEBUG] 開始生成統計文件... PID=1715620, TID=139662272574528
[DEBUG] output_dynamic_state_dir: gen_data/starlink_550_isls_plus_grid_ground_stations_top_100_with_hsinchu_algorithm_hierarchical_virtual_gid_27deg_k2/dynamic_state_2000ms_for_200s
[DEBUG] k_best: 2
[DEBUG] scenario_info: ''
[DEBUG] temp_dir_name: temp_grhr_k2
  > [SIGNALING] 累計統計: 91 事件, 0 字節
FORWARDING STATE AT T = 186000000000ns (= 186.0 seconds)

BASIC INFORMATION
  > Epoch.................. 2000-01-01 00:00:00.000
  > Time since epoch....... 186000000000 ns
  > Absolute time.......... 2000-01-01 00:03:06.000
  > Satellites............. 1584
  > Ground stations........ 101
  > Max. range GSL......... 1089686.4181956202m
  > Max. range ISL......... 5016591.233098428m

ISL INFORMATION
  > Total ISLs............. 3168
  > Min. ISLs/satellite.... 4
  > Max. ISLs/satellite.... 4

GSL INTERFACE INFORMATION
  > Min. GSL IFs/satellite........ 1
  > Max. GSL IFs/satellite........ 1
  > Min. GSL IFs/ground station... 1
  > Max. GSL IFs/ground_station... 1

GSL IN-RANGE INFORMATION
  > Min. satellites in range... 4
  > Max. satellites in range... 20
[MODE] SP_OVER_PID_QUOTIENT=True
  > Calculating Floyd-Warshall for graph without ground-station relays
  > Writing forwarding state to: gen_data/starlink_550_isls_plus_grid_ground_stations_top_100_with_hsinchu_algorithm_hierarchical_virtual_gid_27deg_k2/dynamic_state_2000ms_for_200s/fstate_186000000000.txt
  > [SIGNALING] 累計統計: 94 事件, 0 字節
[STATS-DEBUG] 開始生成統計文件... PID=1715620, TID=139662272574528
[DEBUG] output_dynamic_state_dir: gen_data/starlink_550_isls_plus_grid_ground_stations_top_100_with_hsinchu_algorithm_hierarchical_virtual_gid_27deg_k2/dynamic_state_2000ms_for_200s
[DEBUG] k_best: 2
[DEBUG] scenario_info: ''
[DEBUG] temp_dir_name: temp_grhr_k2
  > [SIGNALING] 累計統計: 96 事件, 0 字節
FORWARDING STATE AT T = 188000000000ns (= 188.0 seconds)

BASIC INFORMATION
  > Epoch.................. 2000-01-01 00:00:00.000
  > Time since epoch....... 188000000000 ns
  > Absolute time.......... 2000-01-01 00:03:08.000
  > Satellites............. 1584
  > Ground stations........ 101
  > Max. range GSL......... 1089686.4181956202m
  > Max. range ISL......... 5016591.233098428m

ISL INFORMATION
  > Total ISLs............. 3168
  > Min. ISLs/satellite.... 4
  > Max. ISLs/satellite.... 4

GSL INTERFACE INFORMATION
  > Min. GSL IFs/satellite........ 1
  > Max. GSL IFs/satellite........ 1
  > Min. GSL IFs/ground station... 1
  > Max. GSL IFs/ground_station... 1

GSL IN-RANGE INFORMATION
  > Min. satellites in range... 4
  > Max. satellites in range... 20
[MODE] SP_OVER_PID_QUOTIENT=True
  > Calculating Floyd-Warshall for graph without ground-station relays
  > Writing forwarding state to: gen_data/starlink_550_isls_plus_grid_ground_stations_top_100_with_hsinchu_algorithm_hierarchical_virtual_gid_27deg_k2/dynamic_state_2000ms_for_200s/fstate_188000000000.txt
  > [SIGNALING] 累計統計: 99 事件, 0 字節
[STATS-DEBUG] 開始生成統計文件... PID=1715620, TID=139662272574528
[DEBUG] output_dynamic_state_dir: gen_data/starlink_550_isls_plus_grid_ground_stations_top_100_with_hsinchu_algorithm_hierarchical_virtual_gid_27deg_k2/dynamic_state_2000ms_for_200s
[DEBUG] k_best: 2
[DEBUG] scenario_info: ''
[DEBUG] temp_dir_name: temp_grhr_k2
  > [SIGNALING] 累計統計: 101 事件, 0 字節
FORWARDING STATE AT T = 190000000000ns (= 190.0 seconds)

BASIC INFORMATION
  > Epoch.................. 2000-01-01 00:00:00.000
  > Time since epoch....... 190000000000 ns
  > Absolute time.......... 2000-01-01 00:03:10.000
  > Satellites............. 1584
  > Ground stations........ 101
  > Max. range GSL......... 1089686.4181956202m
  > Max. range ISL......... 5016591.233098428m

ISL INFORMATION
  > Total ISLs............. 3168
  > Min. ISLs/satellite.... 4
  > Max. ISLs/satellite.... 4

GSL INTERFACE INFORMATION
  > Min. GSL IFs/satellite........ 1
  > Max. GSL IFs/satellite........ 1
  > Min. GSL IFs/ground station... 1
  > Max. GSL IFs/ground_station... 1

GSL IN-RANGE INFORMATION
  > Min. satellites in range... 4
  > Max. satellites in range... 20
[MODE] SP_OVER_PID_QUOTIENT=True
  > Calculating Floyd-Warshall for graph without ground-station relays
  > Writing forwarding state to: gen_data/starlink_550_isls_plus_grid_ground_stations_top_100_with_hsinchu_algorithm_hierarchical_virtual_gid_27deg_k2/dynamic_state_2000ms_for_200s/fstate_190000000000.txt
  > [SIGNALING] 累計統計: 104 事件, 0 字節
[STATS-DEBUG] 開始生成統計文件... PID=1715620, TID=139662272574528
[DEBUG] output_dynamic_state_dir: gen_data/starlink_550_isls_plus_grid_ground_stations_top_100_with_hsinchu_algorithm_hierarchical_virtual_gid_27deg_k2/dynamic_state_2000ms_for_200s
[DEBUG] k_best: 2
[DEBUG] scenario_info: ''
[DEBUG] temp_dir_name: temp_grhr_k2
  > [SIGNALING] 累計統計: 106 事件, 0 字節
FORWARDING STATE AT T = 192000000000ns (= 192.0 seconds)

BASIC INFORMATION
  > Epoch.................. 2000-01-01 00:00:00.000
  > Time since epoch....... 192000000000 ns
  > Absolute time.......... 2000-01-01 00:03:12.000
  > Satellites............. 1584
  > Ground stations........ 101
  > Max. range GSL......... 1089686.4181956202m
  > Max. range ISL......... 5016591.233098428m

ISL INFORMATION
  > Total ISLs............. 3168
  > Min. ISLs/satellite.... 4
  > Max. ISLs/satellite.... 4

GSL INTERFACE INFORMATION
FORWARDING STATE AT T = 32000000000ns (= 32.0 seconds)

BASIC INFORMATION
  > Epoch.................. 2000-01-01 00:00:00.000
  > Time since epoch....... 32000000000 ns
  > Absolute time.......... 2000-01-01 00:00:32.000
  > Satellites............. 1584
  > Ground stations........ 101
  > Max. range GSL......... 1089686.4181956202m
  > Max. range ISL......... 5016591.233098428m

ISL INFORMATION
  > Total ISLs............. 3168
  > Min. ISLs/satellite.... 4
  > Max. ISLs/satellite.... 4

GSL INTERFACE INFORMATION
  > Min. GSL IFs/satellite........ 1
  > Max. GSL IFs/satellite........ 1
  > Min. GSL IFs/ground station... 1
  > Max. GSL IFs/ground_station... 1

GSL IN-RANGE INFORMATION
  > Min. satellites in range... 4
  > Max. satellites in range... 19
[MODE] SP_OVER_PID_QUOTIENT=True
  > Calculating Floyd-Warshall for graph without ground-station relays
  > Writing forwarding state to: gen_data/starlink_550_isls_plus_grid_ground_stations_top_100_with_hsinchu_algorithm_hierarchical_virtual_gid_27deg_k2/dynamic_state_2000ms_for_200s/fstate_32000000000.txt
  > [SIGNALING] 累計統計: 84 事件, 0 字節
[STATS-DEBUG] 開始生成統計文件... PID=1715617, TID=139662272574528
[DEBUG] output_dynamic_state_dir: gen_data/starlink_550_isls_plus_grid_ground_stations_top_100_with_hsinchu_algorithm_hierarchical_virtual_gid_27deg_k2/dynamic_state_2000ms_for_200s
[DEBUG] k_best: 2
[DEBUG] scenario_info: ''
[DEBUG] temp_dir_name: temp_grhr_k2
  > [SIGNALING] 累計統計: 86 事件, 0 字節
FORWARDING STATE AT T = 34000000000ns (= 34.0 seconds)

BASIC INFORMATION
  > Epoch.................. 2000-01-01 00:00:00.000
  > Time since epoch....... 34000000000 ns
  > Absolute time.......... 2000-01-01 00:00:34.000
  > Satellites............. 1584
  > Ground stations........ 101
  > Max. range GSL......... 1089686.4181956202m
  > Max. range ISL......... 5016591.233098428m

ISL INFORMATION
  > Total ISLs............. 3168
  > Min. ISLs/satellite.... 4
  > Max. ISLs/satellite.... 4

GSL INTERFACE INFORMATION
  > Min. GSL IFs/satellite........ 1
  > Max. GSL IFs/satellite........ 1
  > Min. GSL IFs/ground station... 1
  > Max. GSL IFs/ground_station... 1

GSL IN-RANGE INFORMATION
  > Min. satellites in range... 4
  > Max. satellites in range... 19
[MODE] SP_OVER_PID_QUOTIENT=True
  > Calculating Floyd-Warshall for graph without ground-station relays
  > Writing forwarding state to: gen_data/starlink_550_isls_plus_grid_ground_stations_top_100_with_hsinchu_algorithm_hierarchical_virtual_gid_27deg_k2/dynamic_state_2000ms_for_200s/fstate_34000000000.txt
  > [SIGNALING] 累計統計: 89 事件, 0 字節
[STATS-DEBUG] 開始生成統計文件... PID=1715617, TID=139662272574528
[DEBUG] output_dynamic_state_dir: gen_data/starlink_550_isls_plus_grid_ground_stations_top_100_with_hsinchu_algorithm_hierarchical_virtual_gid_27deg_k2/dynamic_state_2000ms_for_200s
[DEBUG] k_best: 2
[DEBUG] scenario_info: ''
[DEBUG] temp_dir_name: temp_grhr_k2
  > [SIGNALING] 累計統計: 91 事件, 0 字節
FORWARDING STATE AT T = 36000000000ns (= 36.0 seconds)

BASIC INFORMATION
  > Epoch.................. 2000-01-01 00:00:00.000
  > Time since epoch....... 36000000000 ns
  > Absolute time.......... 2000-01-01 00:00:36.000
  > Satellites............. 1584
  > Ground stations........ 101
  > Max. range GSL......... 1089686.4181956202m
  > Max. range ISL......... 5016591.233098428m

ISL INFORMATION
  > Total ISLs............. 3168
  > Min. ISLs/satellite.... 4
  > Max. ISLs/satellite.... 4

GSL INTERFACE INFORMATION
  > Min. GSL IFs/satellite........ 1
  > Max. GSL IFs/satellite........ 1
  > Min. GSL IFs/ground station... 1
  > Max. GSL IFs/ground_station... 1

GSL IN-RANGE INFORMATION
  > Min. satellites in range... 4
  > Max. satellites in range... 19
[MODE] SP_OVER_PID_QUOTIENT=True
  > Calculating Floyd-Warshall for graph without ground-station relays
  > Writing forwarding state to: gen_data/starlink_550_isls_plus_grid_ground_stations_top_100_with_hsinchu_algorithm_hierarchical_virtual_gid_27deg_k2/dynamic_state_2000ms_for_200s/fstate_36000000000.txt
  > [SIGNALING] 累計統計: 94 事件, 0 字節
[STATS-DEBUG] 開始生成統計文件... PID=1715617, TID=139662272574528
[DEBUG] output_dynamic_state_dir: gen_data/starlink_550_isls_plus_grid_ground_stations_top_100_with_hsinchu_algorithm_hierarchical_virtual_gid_27deg_k2/dynamic_state_2000ms_for_200s
[DEBUG] k_best: 2
[DEBUG] scenario_info: ''
[DEBUG] temp_dir_name: temp_grhr_k2
  > [SIGNALING] 累計統計: 96 事件, 0 字節
FORWARDING STATE AT T = 38000000000ns (= 38.0 seconds)

BASIC INFORMATION
  > Epoch.................. 2000-01-01 00:00:00.000
  > Time since epoch....... 38000000000 ns
  > Absolute time.......... 2000-01-01 00:00:38.000
  > Satellites............. 1584
  > Ground stations........ 101
  > Max. range GSL......... 1089686.4181956202m
  > Max. range ISL......... 5016591.233098428m

ISL INFORMATION
  > Total ISLs............. 3168
  > Min. ISLs/satellite.... 4
  > Max. ISLs/satellite.... 4

GSL INTERFACE INFORMATION
  > Min. GSL IFs/satellite........ 1
  > Max. GSL IFs/satellite........ 1
  > Min. GSL IFs/ground station... 1
  > Max. GSL IFs/ground_station... 1

GSL IN-RANGE INFORMATION
  > Min. satellites in range... 3
  > Max. satellites in range... 19
[MODE] SP_OVER_PID_QUOTIENT=True
  > Calculating Floyd-Warshall for graph without ground-station relays
  > Writing forwarding state to: gen_data/starlink_550_isls_plus_grid_ground_stations_top_100_with_hsinchu_algorithm_hierarchical_virtual_gid_27deg_k2/dynamic_state_2000ms_for_200s/fstate_38000000000.txt
  > [SIGNALING] 累計統計: 99 事件, 0 字節
[STATS-DEBUG] 開始生成統計文件... PID=1715617, TID=139662272574528
[DEBUG] output_dynamic_state_dir: gen_data/starlink_550_isls_plus_grid_ground_stations_top_100_with_hsinchu_algorithm_hierarchical_virtual_gid_27deg_k2/dynamic_state_2000ms_for_200s
[DEBUG] k_best: 2
[DEBUG] scenario_info: ''
[DEBUG] temp_dir_name: temp_grhr_k2
  > [SIGNALING] 累計統計: 101 事件, 0 字節
FORWARDING STATE AT T = 40000000000ns (= 40.0 seconds)

BASIC INFORMATION
  > Epoch.................. 2000-01-01 00:00:00.000
  > Time since epoch....... 40000000000 ns
  > Absolute time.......... 2000-01-01 00:00:40.000
  > Satellites............. 1584
  > Ground stations........ 101
  > Max. range GSL......... 1089686.4181956202m
  > Max. range ISL......... 5016591.233098428m

ISL INFORMATION
  > Total ISLs............. 3168
  > Min. ISLs/satellite.... 4
  > Max. ISLs/satellite.... 4

GSL INTERFACE INFORMATION
  > Min. GSL IFs/satellite........ 1
  > Max. GSL IFs/satellite........ 1
  > Min. GSL IFs/ground station... 1
  > Max. GSL IFs/ground_station... 1

GSL IN-RANGE INFORMATION
  > Min. satellites in range... 3
  > Max. satellites in range... 19
[MODE] SP_OVER_PID_QUOTIENT=True
  > Calculating Floyd-Warshall for graph without ground-station relays
  > Writing forwarding state to: gen_data/starlink_550_isls_plus_grid_ground_stations_top_100_with_hsinchu_algorithm_hierarchical_virtual_gid_27deg_k2/dynamic_state_2000ms_for_200s/fstate_40000000000.txt
  > [SIGNALING] 累計統計: 104 事件, 0 字節
[STATS-DEBUG] 開始生成統計文件... PID=1715617, TID=139662272574528
[DEBUG] output_dynamic_state_dir: gen_data/starlink_550_isls_plus_grid_ground_stations_top_100_with_hsinchu_algorithm_hierarchical_virtual_gid_27deg_k2/dynamic_state_2000ms_for_200s
[DEBUG] k_best: 2
[DEBUG] scenario_info: ''
[DEBUG] temp_dir_name: temp_grhr_k2
  > [SIGNALING] 累計統計: 106 事件, 0 字節
FORWARDING STATE AT T = 42000000000ns (= 42.0 seconds)

BASIC INFORMATION
  > Epoch.................. 2000-01-01 00:00:00.000
  > Time since epoch....... 42000000000 ns
  > Absolute time.......... 2000-01-01 00:00:42.000
  > Satellites............. 1584
  > Ground stations........ 101
  > Max. range GSL......... 1089686.4181956202m
  > Max. range ISL......... 5016591.233098428m

ISL INFORMATION
  > Total ISLs............. 3168
  > Min. ISLs/satellite.... 4
  > Max. ISLs/satellite.... 4

GSL INTERFACE INFORMATION
  > Min. GSL IFs/satellite........ 1
  > Max. GSL IFs/satellite........ 1
  > Min. GSL IFs/ground station... 1
[DEBUG] temp_dir_name: temp_grhr_k2
  > [SIGNALING] 累計統計: 81 事件, 0 字節
FORWARDING STATE AT T = 132000000000ns (= 132.0 seconds)

BASIC INFORMATION
  > Epoch.................. 2000-01-01 00:00:00.000
  > Time since epoch....... 132000000000 ns
  > Absolute time.......... 2000-01-01 00:02:12.000
  > Satellites............. 1584
  > Ground stations........ 101
  > Max. range GSL......... 1089686.4181956202m
  > Max. range ISL......... 5016591.233098428m

ISL INFORMATION
  > Total ISLs............. 3168
  > Min. ISLs/satellite.... 4
  > Max. ISLs/satellite.... 4

GSL INTERFACE INFORMATION
  > Min. GSL IFs/satellite........ 1
  > Max. GSL IFs/satellite........ 1
  > Min. GSL IFs/ground station... 1
  > Max. GSL IFs/ground_station... 1

GSL IN-RANGE INFORMATION
  > Min. satellites in range... 3
  > Max. satellites in range... 20
[MODE] SP_OVER_PID_QUOTIENT=True
  > Calculating Floyd-Warshall for graph without ground-station relays
  > Writing forwarding state to: gen_data/starlink_550_isls_plus_grid_ground_stations_top_100_with_hsinchu_algorithm_hierarchical_virtual_gid_27deg_k2/dynamic_state_2000ms_for_200s/fstate_132000000000.txt
  > [SIGNALING] 累計統計: 84 事件, 0 字節
[STATS-DEBUG] 開始生成統計文件... PID=1715619, TID=139662272574528
[DEBUG] output_dynamic_state_dir: gen_data/starlink_550_isls_plus_grid_ground_stations_top_100_with_hsinchu_algorithm_hierarchical_virtual_gid_27deg_k2/dynamic_state_2000ms_for_200s
[DEBUG] k_best: 2
[DEBUG] scenario_info: ''
[DEBUG] temp_dir_name: temp_grhr_k2
  > [SIGNALING] 累計統計: 86 事件, 0 字節
FORWARDING STATE AT T = 134000000000ns (= 134.0 seconds)

BASIC INFORMATION
  > Epoch.................. 2000-01-01 00:00:00.000
  > Time since epoch....... 134000000000 ns
  > Absolute time.......... 2000-01-01 00:02:14.000
  > Satellites............. 1584
  > Ground stations........ 101
  > Max. range GSL......... 1089686.4181956202m
  > Max. range ISL......... 5016591.233098428m

ISL INFORMATION
  > Total ISLs............. 3168
  > Min. ISLs/satellite.... 4
  > Max. ISLs/satellite.... 4

GSL INTERFACE INFORMATION
  > Min. GSL IFs/satellite........ 1
  > Max. GSL IFs/satellite........ 1
  > Min. GSL IFs/ground station... 1
  > Max. GSL IFs/ground_station... 1

GSL IN-RANGE INFORMATION
  > Min. satellites in range... 3
  > Max. satellites in range... 20
[MODE] SP_OVER_PID_QUOTIENT=True
  > Calculating Floyd-Warshall for graph without ground-station relays
  > Writing forwarding state to: gen_data/starlink_550_isls_plus_grid_ground_stations_top_100_with_hsinchu_algorithm_hierarchical_virtual_gid_27deg_k2/dynamic_state_2000ms_for_200s/fstate_134000000000.txt
  > [SIGNALING] 累計統計: 89 事件, 0 字節
[STATS-DEBUG] 開始生成統計文件... PID=1715619, TID=139662272574528
[DEBUG] output_dynamic_state_dir: gen_data/starlink_550_isls_plus_grid_ground_stations_top_100_with_hsinchu_algorithm_hierarchical_virtual_gid_27deg_k2/dynamic_state_2000ms_for_200s
[DEBUG] k_best: 2
[DEBUG] scenario_info: ''
[DEBUG] temp_dir_name: temp_grhr_k2
  > [SIGNALING] 累計統計: 91 事件, 0 字節
FORWARDING STATE AT T = 136000000000ns (= 136.0 seconds)

BASIC INFORMATION
  > Epoch.................. 2000-01-01 00:00:00.000
  > Time since epoch....... 136000000000 ns
  > Absolute time.......... 2000-01-01 00:02:16.000
  > Satellites............. 1584
  > Ground stations........ 101
  > Max. range GSL......... 1089686.4181956202m
  > Max. range ISL......... 5016591.233098428m

ISL INFORMATION
  > Total ISLs............. 3168
  > Min. ISLs/satellite.... 4
  > Max. ISLs/satellite.... 4

GSL INTERFACE INFORMATION
  > Min. GSL IFs/satellite........ 1
  > Max. GSL IFs/satellite........ 1
  > Min. GSL IFs/ground station... 1
  > Max. GSL IFs/ground_station... 1

GSL IN-RANGE INFORMATION
  > Min. satellites in range... 3
  > Max. satellites in range... 20
[MODE] SP_OVER_PID_QUOTIENT=True
  > Calculating Floyd-Warshall for graph without ground-station relays
  > Writing forwarding state to: gen_data/starlink_550_isls_plus_grid_ground_stations_top_100_with_hsinchu_algorithm_hierarchical_virtual_gid_27deg_k2/dynamic_state_2000ms_for_200s/fstate_136000000000.txt
  > [SIGNALING] 累計統計: 94 事件, 0 字節
[STATS-DEBUG] 開始生成統計文件... PID=1715619, TID=139662272574528
[DEBUG] output_dynamic_state_dir: gen_data/starlink_550_isls_plus_grid_ground_stations_top_100_with_hsinchu_algorithm_hierarchical_virtual_gid_27deg_k2/dynamic_state_2000ms_for_200s
[DEBUG] k_best: 2
[DEBUG] scenario_info: ''
[DEBUG] temp_dir_name: temp_grhr_k2
  > [SIGNALING] 累計統計: 96 事件, 0 字節
FORWARDING STATE AT T = 138000000000ns (= 138.0 seconds)

BASIC INFORMATION
  > Epoch.................. 2000-01-01 00:00:00.000
  > Time since epoch....... 138000000000 ns
  > Absolute time.......... 2000-01-01 00:02:18.000
  > Satellites............. 1584
  > Ground stations........ 101
  > Max. range GSL......... 1089686.4181956202m
  > Max. range ISL......... 5016591.233098428m

ISL INFORMATION
  > Total ISLs............. 3168
  > Min. ISLs/satellite.... 4
  > Max. ISLs/satellite.... 4

GSL INTERFACE INFORMATION
  > Min. GSL IFs/satellite........ 1
  > Max. GSL IFs/satellite........ 1
  > Min. GSL IFs/ground station... 1
  > Max. GSL IFs/ground_station... 1

GSL IN-RANGE INFORMATION
  > Min. satellites in range... 3
  > Max. satellites in range... 20
[MODE] SP_OVER_PID_QUOTIENT=True
  > Calculating Floyd-Warshall for graph without ground-station relays
  > Writing forwarding state to: gen_data/starlink_550_isls_plus_grid_ground_stations_top_100_with_hsinchu_algorithm_hierarchical_virtual_gid_27deg_k2/dynamic_state_2000ms_for_200s/fstate_138000000000.txt
  > [SIGNALING] 累計統計: 99 事件, 0 字節
[STATS-DEBUG] 開始生成統計文件... PID=1715619, TID=139662272574528
[DEBUG] output_dynamic_state_dir: gen_data/starlink_550_isls_plus_grid_ground_stations_top_100_with_hsinchu_algorithm_hierarchical_virtual_gid_27deg_k2/dynamic_state_2000ms_for_200s
[DEBUG] k_best: 2
[DEBUG] scenario_info: ''
[DEBUG] temp_dir_name: temp_grhr_k2
  > [SIGNALING] 累計統計: 101 事件, 0 字節
FORWARDING STATE AT T = 140000000000ns (= 140.0 seconds)

BASIC INFORMATION
  > Epoch.................. 2000-01-01 00:00:00.000
  > Time since epoch....... 140000000000 ns
  > Absolute time.......... 2000-01-01 00:02:20.000
  > Satellites............. 1584
  > Ground stations........ 101
  > Max. range GSL......... 1089686.4181956202m
  > Max. range ISL......... 5016591.233098428m

ISL INFORMATION
  > Total ISLs............. 3168
  > Min. ISLs/satellite.... 4
  > Max. ISLs/satellite.... 4

GSL INTERFACE INFORMATION
  > Min. GSL IFs/satellite........ 1
  > Max. GSL IFs/satellite........ 1
  > Min. GSL IFs/ground station... 1
  > Max. GSL IFs/ground_station... 1

GSL IN-RANGE INFORMATION
  > Min. satellites in range... 3
  > Max. satellites in range... 20
[MODE] SP_OVER_PID_QUOTIENT=True
  > Calculating Floyd-Warshall for graph without ground-station relays
  > Writing forwarding state to: gen_data/starlink_550_isls_plus_grid_ground_stations_top_100_with_hsinchu_algorithm_hierarchical_virtual_gid_27deg_k2/dynamic_state_2000ms_for_200s/fstate_140000000000.txt
  > [SIGNALING] 累計統計: 104 事件, 0 字節
[STATS-DEBUG] 開始生成統計文件... PID=1715619, TID=139662272574528
[DEBUG] output_dynamic_state_dir: gen_data/starlink_550_isls_plus_grid_ground_stations_top_100_with_hsinchu_algorithm_hierarchical_virtual_gid_27deg_k2/dynamic_state_2000ms_for_200s
[DEBUG] k_best: 2
[DEBUG] scenario_info: ''
[DEBUG] temp_dir_name: temp_grhr_k2
  > [SIGNALING] 累計統計: 106 事件, 0 字節
FORWARDING STATE AT T = 142000000000ns (= 142.0 seconds)

BASIC INFORMATION
  > Epoch.................. 2000-01-01 00:00:00.000
  > Time since epoch....... 142000000000 ns
  > Absolute time.......... 2000-01-01 00:02:22.000
  > Satellites............. 1584
  > Ground stations........ 101
  > Max. range GSL......... 1089686.4181956202m
  > Max. range ISL......... 5016591.233098428m

ISL INFORMATION
  > Total ISLs............. 3168
  > Min. ISLs/satellite.... 4
  > Max. ISLs/satellite.... 4

GSL INTERFACE INFORMATION
FORWARDING STATE AT T = 82000000000ns (= 82.0 seconds)

BASIC INFORMATION
  > Epoch.................. 2000-01-01 00:00:00.000
  > Time since epoch....... 82000000000 ns
  > Absolute time.......... 2000-01-01 00:01:22.000
  > Satellites............. 1584
  > Ground stations........ 101
  > Max. range GSL......... 1089686.4181956202m
  > Max. range ISL......... 5016591.233098428m

ISL INFORMATION
  > Total ISLs............. 3168
  > Min. ISLs/satellite.... 4
  > Max. ISLs/satellite.... 4

GSL INTERFACE INFORMATION
  > Min. GSL IFs/satellite........ 1
  > Max. GSL IFs/satellite........ 1
  > Min. GSL IFs/ground station... 1
  > Max. GSL IFs/ground_station... 1

GSL IN-RANGE INFORMATION
  > Min. satellites in range... 4
  > Max. satellites in range... 18
[MODE] SP_OVER_PID_QUOTIENT=True
  > Calculating Floyd-Warshall for graph without ground-station relays
  > Writing forwarding state to: gen_data/starlink_550_isls_plus_grid_ground_stations_top_100_with_hsinchu_algorithm_hierarchical_virtual_gid_27deg_k2/dynamic_state_2000ms_for_200s/fstate_82000000000.txt
  > [SIGNALING] 累計統計: 84 事件, 0 字節
[STATS-DEBUG] 開始生成統計文件... PID=1715618, TID=139662272574528
[DEBUG] output_dynamic_state_dir: gen_data/starlink_550_isls_plus_grid_ground_stations_top_100_with_hsinchu_algorithm_hierarchical_virtual_gid_27deg_k2/dynamic_state_2000ms_for_200s
[DEBUG] k_best: 2
[DEBUG] scenario_info: ''
[DEBUG] temp_dir_name: temp_grhr_k2
  > [SIGNALING] 累計統計: 86 事件, 0 字節
FORWARDING STATE AT T = 84000000000ns (= 84.0 seconds)

BASIC INFORMATION
  > Epoch.................. 2000-01-01 00:00:00.000
  > Time since epoch....... 84000000000 ns
  > Absolute time.......... 2000-01-01 00:01:24.000
  > Satellites............. 1584
  > Ground stations........ 101
  > Max. range GSL......... 1089686.4181956202m
  > Max. range ISL......... 5016591.233098428m

ISL INFORMATION
  > Total ISLs............. 3168
  > Min. ISLs/satellite.... 4
  > Max. ISLs/satellite.... 4

GSL INTERFACE INFORMATION
  > Min. GSL IFs/satellite........ 1
  > Max. GSL IFs/satellite........ 1
  > Min. GSL IFs/ground station... 1
  > Max. GSL IFs/ground_station... 1

GSL IN-RANGE INFORMATION
  > Min. satellites in range... 4
  > Max. satellites in range... 18
[MODE] SP_OVER_PID_QUOTIENT=True
  > Calculating Floyd-Warshall for graph without ground-station relays
  > Writing forwarding state to: gen_data/starlink_550_isls_plus_grid_ground_stations_top_100_with_hsinchu_algorithm_hierarchical_virtual_gid_27deg_k2/dynamic_state_2000ms_for_200s/fstate_84000000000.txt
  > [SIGNALING] 累計統計: 89 事件, 0 字節
[STATS-DEBUG] 開始生成統計文件... PID=1715618, TID=139662272574528
[DEBUG] output_dynamic_state_dir: gen_data/starlink_550_isls_plus_grid_ground_stations_top_100_with_hsinchu_algorithm_hierarchical_virtual_gid_27deg_k2/dynamic_state_2000ms_for_200s
[DEBUG] k_best: 2
[DEBUG] scenario_info: ''
[DEBUG] temp_dir_name: temp_grhr_k2
  > [SIGNALING] 累計統計: 91 事件, 0 字節
FORWARDING STATE AT T = 86000000000ns (= 86.0 seconds)

BASIC INFORMATION
  > Epoch.................. 2000-01-01 00:00:00.000
  > Time since epoch....... 86000000000 ns
  > Absolute time.......... 2000-01-01 00:01:26.000
  > Satellites............. 1584
  > Ground stations........ 101
  > Max. range GSL......... 1089686.4181956202m
  > Max. range ISL......... 5016591.233098428m

ISL INFORMATION
  > Total ISLs............. 3168
  > Min. ISLs/satellite.... 4
  > Max. ISLs/satellite.... 4

GSL INTERFACE INFORMATION
  > Min. GSL IFs/satellite........ 1
  > Max. GSL IFs/satellite........ 1
  > Min. GSL IFs/ground station... 1
  > Max. GSL IFs/ground_station... 1

GSL IN-RANGE INFORMATION
  > Min. satellites in range... 4
  > Max. satellites in range... 19
[MODE] SP_OVER_PID_QUOTIENT=True
  > Calculating Floyd-Warshall for graph without ground-station relays
  > Writing forwarding state to: gen_data/starlink_550_isls_plus_grid_ground_stations_top_100_with_hsinchu_algorithm_hierarchical_virtual_gid_27deg_k2/dynamic_state_2000ms_for_200s/fstate_86000000000.txt
  > [SIGNALING] 累計統計: 94 事件, 0 字節
[STATS-DEBUG] 開始生成統計文件... PID=1715618, TID=139662272574528
[DEBUG] output_dynamic_state_dir: gen_data/starlink_550_isls_plus_grid_ground_stations_top_100_with_hsinchu_algorithm_hierarchical_virtual_gid_27deg_k2/dynamic_state_2000ms_for_200s
[DEBUG] k_best: 2
[DEBUG] scenario_info: ''
[DEBUG] temp_dir_name: temp_grhr_k2
  > [SIGNALING] 累計統計: 96 事件, 0 字節
FORWARDING STATE AT T = 88000000000ns (= 88.0 seconds)

BASIC INFORMATION
  > Epoch.................. 2000-01-01 00:00:00.000
  > Time since epoch....... 88000000000 ns
  > Absolute time.......... 2000-01-01 00:01:28.000
  > Satellites............. 1584
  > Ground stations........ 101
  > Max. range GSL......... 1089686.4181956202m
  > Max. range ISL......... 5016591.233098428m

ISL INFORMATION
  > Total ISLs............. 3168
  > Min. ISLs/satellite.... 4
  > Max. ISLs/satellite.... 4

GSL INTERFACE INFORMATION
  > Min. GSL IFs/satellite........ 1
  > Max. GSL IFs/satellite........ 1
  > Min. GSL IFs/ground station... 1
  > Max. GSL IFs/ground_station... 1

GSL IN-RANGE INFORMATION
  > Min. satellites in range... 4
  > Max. satellites in range... 20
[MODE] SP_OVER_PID_QUOTIENT=True
  > Calculating Floyd-Warshall for graph without ground-station relays
  > Writing forwarding state to: gen_data/starlink_550_isls_plus_grid_ground_stations_top_100_with_hsinchu_algorithm_hierarchical_virtual_gid_27deg_k2/dynamic_state_2000ms_for_200s/fstate_88000000000.txt
  > [SIGNALING] 累計統計: 99 事件, 0 字節
[STATS-DEBUG] 開始生成統計文件... PID=1715618, TID=139662272574528
[DEBUG] output_dynamic_state_dir: gen_data/starlink_550_isls_plus_grid_ground_stations_top_100_with_hsinchu_algorithm_hierarchical_virtual_gid_27deg_k2/dynamic_state_2000ms_for_200s
[DEBUG] k_best: 2
[DEBUG] scenario_info: ''
[DEBUG] temp_dir_name: temp_grhr_k2
  > [SIGNALING] 累計統計: 101 事件, 0 字節
FORWARDING STATE AT T = 90000000000ns (= 90.0 seconds)

BASIC INFORMATION
  > Epoch.................. 2000-01-01 00:00:00.000
  > Time since epoch....... 90000000000 ns
  > Absolute time.......... 2000-01-01 00:01:30.000
  > Satellites............. 1584
  > Ground stations........ 101
  > Max. range GSL......... 1089686.4181956202m
  > Max. range ISL......... 5016591.233098428m

ISL INFORMATION
  > Total ISLs............. 3168
  > Min. ISLs/satellite.... 4
  > Max. ISLs/satellite.... 4

GSL INTERFACE INFORMATION
  > Min. GSL IFs/satellite........ 1
  > Max. GSL IFs/satellite........ 1
  > Min. GSL IFs/ground station... 1
  > Max. GSL IFs/ground_station... 1

GSL IN-RANGE INFORMATION
  > Min. satellites in range... 4
  > Max. satellites in range... 19
[MODE] SP_OVER_PID_QUOTIENT=True
  > Calculating Floyd-Warshall for graph without ground-station relays
  > Writing forwarding state to: gen_data/starlink_550_isls_plus_grid_ground_stations_top_100_with_hsinchu_algorithm_hierarchical_virtual_gid_27deg_k2/dynamic_state_2000ms_for_200s/fstate_90000000000.txt
  > [SIGNALING] 累計統計: 104 事件, 0 字節
[STATS-DEBUG] 開始生成統計文件... PID=1715618, TID=139662272574528
[DEBUG] output_dynamic_state_dir: gen_data/starlink_550_isls_plus_grid_ground_stations_top_100_with_hsinchu_algorithm_hierarchical_virtual_gid_27deg_k2/dynamic_state_2000ms_for_200s
[DEBUG] k_best: 2
[DEBUG] scenario_info: ''
[DEBUG] temp_dir_name: temp_grhr_k2
  > [SIGNALING] 累計統計: 106 事件, 0 字節
FORWARDING STATE AT T = 92000000000ns (= 92.0 seconds)

BASIC INFORMATION
  > Epoch.................. 2000-01-01 00:00:00.000
  > Time since epoch....... 92000000000 ns
  > Absolute time.......... 2000-01-01 00:01:32.000
  > Satellites............. 1584
  > Ground stations........ 101
  > Max. range GSL......... 1089686.4181956202m
  > Max. range ISL......... 5016591.233098428m

ISL INFORMATION
  > Total ISLs............. 3168
  > Min. ISLs/satellite.... 4
  > Max. ISLs/satellite.... 4

GSL INTERFACE INFORMATION
  > Min. GSL IFs/satellite........ 1
  > Max. GSL IFs/satellite........ 1
  > Min. GSL IFs/ground station... 1
  > Min. GSL IFs/satellite........ 1
  > Max. GSL IFs/satellite........ 1
  > Min. GSL IFs/ground station... 1
  > Max. GSL IFs/ground_station... 1

GSL IN-RANGE INFORMATION
  > Min. satellites in range... 4
  > Max. satellites in range... 20
[MODE] SP_OVER_PID_QUOTIENT=True
  > Calculating Floyd-Warshall for graph without ground-station relays
  > Writing forwarding state to: gen_data/starlink_550_isls_plus_grid_ground_stations_top_100_with_hsinchu_algorithm_hierarchical_virtual_gid_27deg_k2/dynamic_state_2000ms_for_200s/fstate_192000000000.txt
  > [SIGNALING] 累計統計: 109 事件, 0 字節
[STATS-DEBUG] 開始生成統計文件... PID=1715620, TID=139662272574528
[DEBUG] output_dynamic_state_dir: gen_data/starlink_550_isls_plus_grid_ground_stations_top_100_with_hsinchu_algorithm_hierarchical_virtual_gid_27deg_k2/dynamic_state_2000ms_for_200s
[DEBUG] k_best: 2
[DEBUG] scenario_info: ''
[DEBUG] temp_dir_name: temp_grhr_k2
  > [SIGNALING] 累計統計: 111 事件, 0 字節
FORWARDING STATE AT T = 194000000000ns (= 194.0 seconds)

BASIC INFORMATION
  > Epoch.................. 2000-01-01 00:00:00.000
  > Time since epoch....... 194000000000 ns
  > Absolute time.......... 2000-01-01 00:03:14.000
  > Satellites............. 1584
  > Ground stations........ 101
  > Max. range GSL......... 1089686.4181956202m
  > Max. range ISL......... 5016591.233098428m

ISL INFORMATION
  > Total ISLs............. 3168
  > Min. ISLs/satellite.... 4
  > Max. ISLs/satellite.... 4

GSL INTERFACE INFORMATION
  > Min. GSL IFs/satellite........ 1
  > Max. GSL IFs/satellite........ 1
  > Min. GSL IFs/ground station... 1
  > Max. GSL IFs/ground_station... 1

GSL IN-RANGE INFORMATION
  > Min. satellites in range... 4
  > Max. satellites in range... 20
[MODE] SP_OVER_PID_QUOTIENT=True
  > Calculating Floyd-Warshall for graph without ground-station relays
  > Writing forwarding state to: gen_data/starlink_550_isls_plus_grid_ground_stations_top_100_with_hsinchu_algorithm_hierarchical_virtual_gid_27deg_k2/dynamic_state_2000ms_for_200s/fstate_194000000000.txt
  > [SIGNALING] 累計統計: 114 事件, 0 字節
[STATS-DEBUG] 開始生成統計文件... PID=1715620, TID=139662272574528
[DEBUG] output_dynamic_state_dir: gen_data/starlink_550_isls_plus_grid_ground_stations_top_100_with_hsinchu_algorithm_hierarchical_virtual_gid_27deg_k2/dynamic_state_2000ms_for_200s
[DEBUG] k_best: 2
[DEBUG] scenario_info: ''
[DEBUG] temp_dir_name: temp_grhr_k2
  > [SIGNALING] 累計統計: 116 事件, 0 字節
FORWARDING STATE AT T = 196000000000ns (= 196.0 seconds)

BASIC INFORMATION
  > Epoch.................. 2000-01-01 00:00:00.000
  > Time since epoch....... 196000000000 ns
  > Absolute time.......... 2000-01-01 00:03:16.000
  > Satellites............. 1584
  > Ground stations........ 101
  > Max. range GSL......... 1089686.4181956202m
  > Max. range ISL......... 5016591.233098428m

ISL INFORMATION
  > Total ISLs............. 3168
  > Min. ISLs/satellite.... 4
  > Max. ISLs/satellite.... 4

GSL INTERFACE INFORMATION
  > Min. GSL IFs/satellite........ 1
  > Max. GSL IFs/satellite........ 1
  > Min. GSL IFs/ground station... 1
  > Max. GSL IFs/ground_station... 1

GSL IN-RANGE INFORMATION
  > Min. satellites in range... 4
  > Max. satellites in range... 20
[MODE] SP_OVER_PID_QUOTIENT=True
  > Calculating Floyd-Warshall for graph without ground-station relays
  > Writing forwarding state to: gen_data/starlink_550_isls_plus_grid_ground_stations_top_100_with_hsinchu_algorithm_hierarchical_virtual_gid_27deg_k2/dynamic_state_2000ms_for_200s/fstate_196000000000.txt
  > [SIGNALING] 累計統計: 119 事件, 0 字節
[STATS-DEBUG] 開始生成統計文件... PID=1715620, TID=139662272574528
[DEBUG] output_dynamic_state_dir: gen_data/starlink_550_isls_plus_grid_ground_stations_top_100_with_hsinchu_algorithm_hierarchical_virtual_gid_27deg_k2/dynamic_state_2000ms_for_200s
[DEBUG] k_best: 2
[DEBUG] scenario_info: ''
[DEBUG] temp_dir_name: temp_grhr_k2
  > [SIGNALING] 累計統計: 121 事件, 0 字節
FORWARDING STATE AT T = 198000000000ns (= 198.0 seconds)

BASIC INFORMATION
  > Epoch.................. 2000-01-01 00:00:00.000
  > Time since epoch....... 198000000000 ns
  > Absolute time.......... 2000-01-01 00:03:18.000
  > Satellites............. 1584
  > Ground stations........ 101
  > Max. range GSL......... 1089686.4181956202m
  > Max. range ISL......... 5016591.233098428m

ISL INFORMATION
  > Total ISLs............. 3168
  > Min. ISLs/satellite.... 4
  > Max. ISLs/satellite.... 4

GSL INTERFACE INFORMATION
  > Min. GSL IFs/satellite........ 1
  > Max. GSL IFs/satellite........ 1
  > Min. GSL IFs/ground station... 1
  > Max. GSL IFs/ground_station... 1

GSL IN-RANGE INFORMATION
  > Min. satellites in range... 4
  > Max. satellites in range... 20
[MODE] SP_OVER_PID_QUOTIENT=True
  > Calculating Floyd-Warshall for graph without ground-station relays
  > Writing forwarding state to: gen_data/starlink_550_isls_plus_grid_ground_stations_top_100_with_hsinchu_algorithm_hierarchical_virtual_gid_27deg_k2/dynamic_state_2000ms_for_200s/fstate_198000000000.txt
  > [SIGNALING] 累計統計: 124 事件, 0 字節
[STATS-DEBUG] 開始生成統計文件... PID=1715620, TID=139662272574528
[DEBUG] output_dynamic_state_dir: gen_data/starlink_550_isls_plus_grid_ground_stations_top_100_with_hsinchu_algorithm_hierarchical_virtual_gid_27deg_k2/dynamic_state_2000ms_for_200s
[DEBUG] k_best: 2
[DEBUG] scenario_info: ''
[DEBUG] temp_dir_name: temp_grhr_k2
  > [SIGNALING] 累計統計: 126 事件, 0 字節
  > Max. GSL IFs/ground_station... 1

GSL IN-RANGE INFORMATION
  > Min. satellites in range... 3
  > Max. satellites in range... 19
[MODE] SP_OVER_PID_QUOTIENT=True
  > Calculating Floyd-Warshall for graph without ground-station relays
  > Writing forwarding state to: gen_data/starlink_550_isls_plus_grid_ground_stations_top_100_with_hsinchu_algorithm_hierarchical_virtual_gid_27deg_k2/dynamic_state_2000ms_for_200s/fstate_42000000000.txt
  > [SIGNALING] 累計統計: 109 事件, 0 字節
[STATS-DEBUG] 開始生成統計文件... PID=1715617, TID=139662272574528
[DEBUG] output_dynamic_state_dir: gen_data/starlink_550_isls_plus_grid_ground_stations_top_100_with_hsinchu_algorithm_hierarchical_virtual_gid_27deg_k2/dynamic_state_2000ms_for_200s
[DEBUG] k_best: 2
[DEBUG] scenario_info: ''
[DEBUG] temp_dir_name: temp_grhr_k2
  > [SIGNALING] 累計統計: 111 事件, 0 字節
FORWARDING STATE AT T = 44000000000ns (= 44.0 seconds)

BASIC INFORMATION
  > Epoch.................. 2000-01-01 00:00:00.000
  > Time since epoch....... 44000000000 ns
  > Absolute time.......... 2000-01-01 00:00:44.000
  > Satellites............. 1584
  > Ground stations........ 101
  > Max. range GSL......... 1089686.4181956202m
  > Max. range ISL......... 5016591.233098428m

ISL INFORMATION
  > Total ISLs............. 3168
  > Min. ISLs/satellite.... 4
  > Max. ISLs/satellite.... 4

GSL INTERFACE INFORMATION
  > Min. GSL IFs/satellite........ 1
  > Max. GSL IFs/satellite........ 1
  > Min. GSL IFs/ground station... 1
  > Max. GSL IFs/ground_station... 1

GSL IN-RANGE INFORMATION
  > Min. satellites in range... 3
  > Max. satellites in range... 19
[MODE] SP_OVER_PID_QUOTIENT=True
  > Calculating Floyd-Warshall for graph without ground-station relays
  > Writing forwarding state to: gen_data/starlink_550_isls_plus_grid_ground_stations_top_100_with_hsinchu_algorithm_hierarchical_virtual_gid_27deg_k2/dynamic_state_2000ms_for_200s/fstate_44000000000.txt
  > [SIGNALING] 累計統計: 114 事件, 0 字節
[STATS-DEBUG] 開始生成統計文件... PID=1715617, TID=139662272574528
[DEBUG] output_dynamic_state_dir: gen_data/starlink_550_isls_plus_grid_ground_stations_top_100_with_hsinchu_algorithm_hierarchical_virtual_gid_27deg_k2/dynamic_state_2000ms_for_200s
[DEBUG] k_best: 2
[DEBUG] scenario_info: ''
[DEBUG] temp_dir_name: temp_grhr_k2
  > [SIGNALING] 累計統計: 116 事件, 0 字節
FORWARDING STATE AT T = 46000000000ns (= 46.0 seconds)

BASIC INFORMATION
  > Epoch.................. 2000-01-01 00:00:00.000
  > Time since epoch....... 46000000000 ns
  > Absolute time.......... 2000-01-01 00:00:46.000
  > Satellites............. 1584
  > Ground stations........ 101
  > Max. range GSL......... 1089686.4181956202m
  > Max. range ISL......... 5016591.233098428m

ISL INFORMATION
  > Total ISLs............. 3168
  > Min. ISLs/satellite.... 4
  > Max. ISLs/satellite.... 4

GSL INTERFACE INFORMATION
  > Min. GSL IFs/satellite........ 1
  > Max. GSL IFs/satellite........ 1
  > Min. GSL IFs/ground station... 1
  > Max. GSL IFs/ground_station... 1

GSL IN-RANGE INFORMATION
  > Min. satellites in range... 3
  > Max. satellites in range... 18
[MODE] SP_OVER_PID_QUOTIENT=True
  > Calculating Floyd-Warshall for graph without ground-station relays
  > Writing forwarding state to: gen_data/starlink_550_isls_plus_grid_ground_stations_top_100_with_hsinchu_algorithm_hierarchical_virtual_gid_27deg_k2/dynamic_state_2000ms_for_200s/fstate_46000000000.txt
  > [SIGNALING] 累計統計: 119 事件, 0 字節
[STATS-DEBUG] 開始生成統計文件... PID=1715617, TID=139662272574528
[DEBUG] output_dynamic_state_dir: gen_data/starlink_550_isls_plus_grid_ground_stations_top_100_with_hsinchu_algorithm_hierarchical_virtual_gid_27deg_k2/dynamic_state_2000ms_for_200s
[DEBUG] k_best: 2
[DEBUG] scenario_info: ''
[DEBUG] temp_dir_name: temp_grhr_k2
  > [SIGNALING] 累計統計: 121 事件, 0 字節
FORWARDING STATE AT T = 48000000000ns (= 48.0 seconds)

BASIC INFORMATION
  > Epoch.................. 2000-01-01 00:00:00.000
  > Time since epoch....... 48000000000 ns
  > Absolute time.......... 2000-01-01 00:00:48.000
  > Satellites............. 1584
  > Ground stations........ 101
  > Max. range GSL......... 1089686.4181956202m
  > Max. range ISL......... 5016591.233098428m

ISL INFORMATION
  > Total ISLs............. 3168
  > Min. ISLs/satellite.... 4
  > Max. ISLs/satellite.... 4

GSL INTERFACE INFORMATION
  > Min. GSL IFs/satellite........ 1
  > Max. GSL IFs/satellite........ 1
  > Min. GSL IFs/ground station... 1
  > Max. GSL IFs/ground_station... 1

GSL IN-RANGE INFORMATION
  > Min. satellites in range... 2
  > Max. satellites in range... 19
[MODE] SP_OVER_PID_QUOTIENT=True
  > Calculating Floyd-Warshall for graph without ground-station relays
  > Writing forwarding state to: gen_data/starlink_550_isls_plus_grid_ground_stations_top_100_with_hsinchu_algorithm_hierarchical_virtual_gid_27deg_k2/dynamic_state_2000ms_for_200s/fstate_48000000000.txt
  > [SIGNALING] 累計統計: 124 事件, 0 字節
[STATS-DEBUG] 開始生成統計文件... PID=1715617, TID=139662272574528
[DEBUG] output_dynamic_state_dir: gen_data/starlink_550_isls_plus_grid_ground_stations_top_100_with_hsinchu_algorithm_hierarchical_virtual_gid_27deg_k2/dynamic_state_2000ms_for_200s
[DEBUG] k_best: 2
[DEBUG] scenario_info: ''
[DEBUG] temp_dir_name: temp_grhr_k2
  > [SIGNALING] 累計統計: 126 事件, 0 字節
FORWARDING STATE AT T = 50000000000ns (= 50.0 seconds)

BASIC INFORMATION
  > Epoch.................. 2000-01-01 00:00:00.000
  > Time since epoch....... 50000000000 ns
  > Absolute time.......... 2000-01-01 00:00:50.000
  > Satellites............. 1584
  > Ground stations........ 101
  > Max. range GSL......... 1089686.4181956202m
  > Max. range ISL......... 5016591.233098428m

ISL INFORMATION
  > Total ISLs............. 3168
  > Min. ISLs/satellite.... 4
  > Max. ISLs/satellite.... 4

GSL INTERFACE INFORMATION
  > Min. GSL IFs/satellite........ 1
  > Max. GSL IFs/satellite........ 1
  > Min. GSL IFs/ground station... 1
  > Max. GSL IFs/ground_station... 1

GSL IN-RANGE INFORMATION
  > Min. satellites in range... 2
  > Max. satellites in range... 20
[MODE] SP_OVER_PID_QUOTIENT=True
  > Calculating Floyd-Warshall for graph without ground-station relays
  > Writing forwarding state to: gen_data/starlink_550_isls_plus_grid_ground_stations_top_100_with_hsinchu_algorithm_hierarchical_virtual_gid_27deg_k2/dynamic_state_2000ms_for_200s/fstate_50000000000.txt
  > [SIGNALING] 累計統計: 129 事件, 0 字節
[STATS-DEBUG] 開始生成統計文件... PID=1715617, TID=139662272574528
[DEBUG] output_dynamic_state_dir: gen_data/starlink_550_isls_plus_grid_ground_stations_top_100_with_hsinchu_algorithm_hierarchical_virtual_gid_27deg_k2/dynamic_state_2000ms_for_200s
[DEBUG] k_best: 2
[DEBUG] scenario_info: ''
[DEBUG] temp_dir_name: temp_grhr_k2
  > [SIGNALING] 累計統計: 131 事件, 0 字節
  > Min. GSL IFs/satellite........ 1
  > Max. GSL IFs/satellite........ 1
  > Min. GSL IFs/ground station... 1
  > Max. GSL IFs/ground_station... 1

GSL IN-RANGE INFORMATION
  > Min. satellites in range... 3
  > Max. satellites in range... 20
[MODE] SP_OVER_PID_QUOTIENT=True
  > Calculating Floyd-Warshall for graph without ground-station relays
  > Writing forwarding state to: gen_data/starlink_550_isls_plus_grid_ground_stations_top_100_with_hsinchu_algorithm_hierarchical_virtual_gid_27deg_k2/dynamic_state_2000ms_for_200s/fstate_142000000000.txt
  > [SIGNALING] 累計統計: 109 事件, 0 字節
[STATS-DEBUG] 開始生成統計文件... PID=1715619, TID=139662272574528
[DEBUG] output_dynamic_state_dir: gen_data/starlink_550_isls_plus_grid_ground_stations_top_100_with_hsinchu_algorithm_hierarchical_virtual_gid_27deg_k2/dynamic_state_2000ms_for_200s
[DEBUG] k_best: 2
[DEBUG] scenario_info: ''
[DEBUG] temp_dir_name: temp_grhr_k2
  > [SIGNALING] 累計統計: 111 事件, 0 字節
FORWARDING STATE AT T = 144000000000ns (= 144.0 seconds)

BASIC INFORMATION
  > Epoch.................. 2000-01-01 00:00:00.000
  > Time since epoch....... 144000000000 ns
  > Absolute time.......... 2000-01-01 00:02:24.000
  > Satellites............. 1584
  > Ground stations........ 101
  > Max. range GSL......... 1089686.4181956202m
  > Max. range ISL......... 5016591.233098428m

ISL INFORMATION
  > Total ISLs............. 3168
  > Min. ISLs/satellite.... 4
  > Max. ISLs/satellite.... 4

GSL INTERFACE INFORMATION
  > Min. GSL IFs/satellite........ 1
  > Max. GSL IFs/satellite........ 1
  > Min. GSL IFs/ground station... 1
  > Max. GSL IFs/ground_station... 1

GSL IN-RANGE INFORMATION
  > Min. satellites in range... 3
  > Max. satellites in range... 21
[MODE] SP_OVER_PID_QUOTIENT=True
  > Calculating Floyd-Warshall for graph without ground-station relays
  > Writing forwarding state to: gen_data/starlink_550_isls_plus_grid_ground_stations_top_100_with_hsinchu_algorithm_hierarchical_virtual_gid_27deg_k2/dynamic_state_2000ms_for_200s/fstate_144000000000.txt
  > [SIGNALING] 累計統計: 114 事件, 0 字節
[STATS-DEBUG] 開始生成統計文件... PID=1715619, TID=139662272574528
[DEBUG] output_dynamic_state_dir: gen_data/starlink_550_isls_plus_grid_ground_stations_top_100_with_hsinchu_algorithm_hierarchical_virtual_gid_27deg_k2/dynamic_state_2000ms_for_200s
[DEBUG] k_best: 2
[DEBUG] scenario_info: ''
[DEBUG] temp_dir_name: temp_grhr_k2
  > [SIGNALING] 累計統計: 116 事件, 0 字節
FORWARDING STATE AT T = 146000000000ns (= 146.0 seconds)

BASIC INFORMATION
  > Epoch.................. 2000-01-01 00:00:00.000
  > Time since epoch....... 146000000000 ns
  > Absolute time.......... 2000-01-01 00:02:26.000
  > Satellites............. 1584
  > Ground stations........ 101
  > Max. range GSL......... 1089686.4181956202m
  > Max. range ISL......... 5016591.233098428m

ISL INFORMATION
  > Total ISLs............. 3168
  > Min. ISLs/satellite.... 4
  > Max. ISLs/satellite.... 4

GSL INTERFACE INFORMATION
  > Min. GSL IFs/satellite........ 1
  > Max. GSL IFs/satellite........ 1
  > Min. GSL IFs/ground station... 1
  > Max. GSL IFs/ground_station... 1

GSL IN-RANGE INFORMATION
  > Min. satellites in range... 3
  > Max. satellites in range... 20
[MODE] SP_OVER_PID_QUOTIENT=True
  > Calculating Floyd-Warshall for graph without ground-station relays
  > Writing forwarding state to: gen_data/starlink_550_isls_plus_grid_ground_stations_top_100_with_hsinchu_algorithm_hierarchical_virtual_gid_27deg_k2/dynamic_state_2000ms_for_200s/fstate_146000000000.txt
  > [SIGNALING] 累計統計: 119 事件, 0 字節
[STATS-DEBUG] 開始生成統計文件... PID=1715619, TID=139662272574528
[DEBUG] output_dynamic_state_dir: gen_data/starlink_550_isls_plus_grid_ground_stations_top_100_with_hsinchu_algorithm_hierarchical_virtual_gid_27deg_k2/dynamic_state_2000ms_for_200s
[DEBUG] k_best: 2
[DEBUG] scenario_info: ''
[DEBUG] temp_dir_name: temp_grhr_k2
  > [SIGNALING] 累計統計: 121 事件, 0 字節
FORWARDING STATE AT T = 148000000000ns (= 148.0 seconds)

BASIC INFORMATION
  > Epoch.................. 2000-01-01 00:00:00.000
  > Time since epoch....... 148000000000 ns
  > Absolute time.......... 2000-01-01 00:02:28.000
  > Satellites............. 1584
  > Ground stations........ 101
  > Max. range GSL......... 1089686.4181956202m
  > Max. range ISL......... 5016591.233098428m

ISL INFORMATION
  > Total ISLs............. 3168
  > Min. ISLs/satellite.... 4
  > Max. ISLs/satellite.... 4

GSL INTERFACE INFORMATION
  > Min. GSL IFs/satellite........ 1
  > Max. GSL IFs/satellite........ 1
  > Min. GSL IFs/ground station... 1
  > Max. GSL IFs/ground_station... 1

GSL IN-RANGE INFORMATION
  > Min. satellites in range... 3
  > Max. satellites in range... 21
[MODE] SP_OVER_PID_QUOTIENT=True
  > Calculating Floyd-Warshall for graph without ground-station relays
  > Writing forwarding state to: gen_data/starlink_550_isls_plus_grid_ground_stations_top_100_with_hsinchu_algorithm_hierarchical_virtual_gid_27deg_k2/dynamic_state_2000ms_for_200s/fstate_148000000000.txt
  > [SIGNALING] 累計統計: 124 事件, 0 字節
[STATS-DEBUG] 開始生成統計文件... PID=1715619, TID=139662272574528
[DEBUG] output_dynamic_state_dir: gen_data/starlink_550_isls_plus_grid_ground_stations_top_100_with_hsinchu_algorithm_hierarchical_virtual_gid_27deg_k2/dynamic_state_2000ms_for_200s
[DEBUG] k_best: 2
[DEBUG] scenario_info: ''
[DEBUG] temp_dir_name: temp_grhr_k2
  > [SIGNALING] 累計統計: 126 事件, 0 字節
FORWARDING STATE AT T = 150000000000ns (= 150.0 seconds)

BASIC INFORMATION
  > Epoch.................. 2000-01-01 00:00:00.000
  > Time since epoch....... 150000000000 ns
  > Absolute time.......... 2000-01-01 00:02:30.000
  > Satellites............. 1584
  > Ground stations........ 101
  > Max. range GSL......... 1089686.4181956202m
  > Max. range ISL......... 5016591.233098428m

ISL INFORMATION
  > Total ISLs............. 3168
  > Min. ISLs/satellite.... 4
  > Max. ISLs/satellite.... 4

GSL INTERFACE INFORMATION
  > Min. GSL IFs/satellite........ 1
  > Max. GSL IFs/satellite........ 1
  > Min. GSL IFs/ground station... 1
  > Max. GSL IFs/ground_station... 1

GSL IN-RANGE INFORMATION
  > Min. satellites in range... 3
  > Max. satellites in range... 21
[MODE] SP_OVER_PID_QUOTIENT=True
  > Calculating Floyd-Warshall for graph without ground-station relays
  > Writing forwarding state to: gen_data/starlink_550_isls_plus_grid_ground_stations_top_100_with_hsinchu_algorithm_hierarchical_virtual_gid_27deg_k2/dynamic_state_2000ms_for_200s/fstate_150000000000.txt
  > [SIGNALING] 累計統計: 129 事件, 0 字節
[STATS-DEBUG] 開始生成統計文件... PID=1715619, TID=139662272574528
[DEBUG] output_dynamic_state_dir: gen_data/starlink_550_isls_plus_grid_ground_stations_top_100_with_hsinchu_algorithm_hierarchical_virtual_gid_27deg_k2/dynamic_state_2000ms_for_200s
[DEBUG] k_best: 2
[DEBUG] scenario_info: ''
[DEBUG] temp_dir_name: temp_grhr_k2
  > [SIGNALING] 累計統計: 131 事件, 0 字節
  > Max. GSL IFs/ground_station... 1

GSL IN-RANGE INFORMATION
  > Min. satellites in range... 4
  > Max. satellites in range... 19
[MODE] SP_OVER_PID_QUOTIENT=True
  > Calculating Floyd-Warshall for graph without ground-station relays
  > Writing forwarding state to: gen_data/starlink_550_isls_plus_grid_ground_stations_top_100_with_hsinchu_algorithm_hierarchical_virtual_gid_27deg_k2/dynamic_state_2000ms_for_200s/fstate_92000000000.txt
  > [SIGNALING] 累計統計: 109 事件, 0 字節
[STATS-DEBUG] 開始生成統計文件... PID=1715618, TID=139662272574528
[DEBUG] output_dynamic_state_dir: gen_data/starlink_550_isls_plus_grid_ground_stations_top_100_with_hsinchu_algorithm_hierarchical_virtual_gid_27deg_k2/dynamic_state_2000ms_for_200s
[DEBUG] k_best: 2
[DEBUG] scenario_info: ''
[DEBUG] temp_dir_name: temp_grhr_k2
  > [SIGNALING] 累計統計: 111 事件, 0 字節
FORWARDING STATE AT T = 94000000000ns (= 94.0 seconds)

BASIC INFORMATION
  > Epoch.................. 2000-01-01 00:00:00.000
  > Time since epoch....... 94000000000 ns
  > Absolute time.......... 2000-01-01 00:01:34.000
  > Satellites............. 1584
  > Ground stations........ 101
  > Max. range GSL......... 1089686.4181956202m
  > Max. range ISL......... 5016591.233098428m

ISL INFORMATION
  > Total ISLs............. 3168
  > Min. ISLs/satellite.... 4
  > Max. ISLs/satellite.... 4

GSL INTERFACE INFORMATION
  > Min. GSL IFs/satellite........ 1
  > Max. GSL IFs/satellite........ 1
  > Min. GSL IFs/ground station... 1
  > Max. GSL IFs/ground_station... 1

GSL IN-RANGE INFORMATION
  > Min. satellites in range... 5
  > Max. satellites in range... 19
[MODE] SP_OVER_PID_QUOTIENT=True
  > Calculating Floyd-Warshall for graph without ground-station relays
  > Writing forwarding state to: gen_data/starlink_550_isls_plus_grid_ground_stations_top_100_with_hsinchu_algorithm_hierarchical_virtual_gid_27deg_k2/dynamic_state_2000ms_for_200s/fstate_94000000000.txt
  > [SIGNALING] 累計統計: 114 事件, 0 字節
[STATS-DEBUG] 開始生成統計文件... PID=1715618, TID=139662272574528
[DEBUG] output_dynamic_state_dir: gen_data/starlink_550_isls_plus_grid_ground_stations_top_100_with_hsinchu_algorithm_hierarchical_virtual_gid_27deg_k2/dynamic_state_2000ms_for_200s
[DEBUG] k_best: 2
[DEBUG] scenario_info: ''
[DEBUG] temp_dir_name: temp_grhr_k2
  > [SIGNALING] 累計統計: 116 事件, 0 字節
FORWARDING STATE AT T = 96000000000ns (= 96.0 seconds)

BASIC INFORMATION
  > Epoch.................. 2000-01-01 00:00:00.000
  > Time since epoch....... 96000000000 ns
  > Absolute time.......... 2000-01-01 00:01:36.000
  > Satellites............. 1584
  > Ground stations........ 101
  > Max. range GSL......... 1089686.4181956202m
  > Max. range ISL......... 5016591.233098428m

ISL INFORMATION
  > Total ISLs............. 3168
  > Min. ISLs/satellite.... 4
  > Max. ISLs/satellite.... 4

GSL INTERFACE INFORMATION
  > Min. GSL IFs/satellite........ 1
  > Max. GSL IFs/satellite........ 1
  > Min. GSL IFs/ground station... 1
  > Max. GSL IFs/ground_station... 1

GSL IN-RANGE INFORMATION
  > Min. satellites in range... 5
  > Max. satellites in range... 19
[MODE] SP_OVER_PID_QUOTIENT=True
  > Calculating Floyd-Warshall for graph without ground-station relays
  > Writing forwarding state to: gen_data/starlink_550_isls_plus_grid_ground_stations_top_100_with_hsinchu_algorithm_hierarchical_virtual_gid_27deg_k2/dynamic_state_2000ms_for_200s/fstate_96000000000.txt
  > [SIGNALING] 累計統計: 119 事件, 0 字節
[STATS-DEBUG] 開始生成統計文件... PID=1715618, TID=139662272574528
[DEBUG] output_dynamic_state_dir: gen_data/starlink_550_isls_plus_grid_ground_stations_top_100_with_hsinchu_algorithm_hierarchical_virtual_gid_27deg_k2/dynamic_state_2000ms_for_200s
[DEBUG] k_best: 2
[DEBUG] scenario_info: ''
[DEBUG] temp_dir_name: temp_grhr_k2
  > [SIGNALING] 累計統計: 121 事件, 0 字節
FORWARDING STATE AT T = 98000000000ns (= 98.0 seconds)

BASIC INFORMATION
  > Epoch.................. 2000-01-01 00:00:00.000
  > Time since epoch....... 98000000000 ns
  > Absolute time.......... 2000-01-01 00:01:38.000
  > Satellites............. 1584
  > Ground stations........ 101
  > Max. range GSL......... 1089686.4181956202m
  > Max. range ISL......... 5016591.233098428m

ISL INFORMATION
  > Total ISLs............. 3168
  > Min. ISLs/satellite.... 4
  > Max. ISLs/satellite.... 4

GSL INTERFACE INFORMATION
  > Min. GSL IFs/satellite........ 1
  > Max. GSL IFs/satellite........ 1
  > Min. GSL IFs/ground station... 1
  > Max. GSL IFs/ground_station... 1

GSL IN-RANGE INFORMATION
  > Min. satellites in range... 4
  > Max. satellites in range... 19
[MODE] SP_OVER_PID_QUOTIENT=True
  > Calculating Floyd-Warshall for graph without ground-station relays
  > Writing forwarding state to: gen_data/starlink_550_isls_plus_grid_ground_stations_top_100_with_hsinchu_algorithm_hierarchical_virtual_gid_27deg_k2/dynamic_state_2000ms_for_200s/fstate_98000000000.txt
  > [SIGNALING] 累計統計: 124 事件, 0 字節
[STATS-DEBUG] 開始生成統計文件... PID=1715618, TID=139662272574528
[DEBUG] output_dynamic_state_dir: gen_data/starlink_550_isls_plus_grid_ground_stations_top_100_with_hsinchu_algorithm_hierarchical_virtual_gid_27deg_k2/dynamic_state_2000ms_for_200s
[DEBUG] k_best: 2
[DEBUG] scenario_info: ''
[DEBUG] temp_dir_name: temp_grhr_k2
  > [SIGNALING] 累計統計: 126 事件, 0 字節
FORWARDING STATE AT T = 100000000000ns (= 100.0 seconds)

BASIC INFORMATION
  > Epoch.................. 2000-01-01 00:00:00.000
  > Time since epoch....... 100000000000 ns
  > Absolute time.......... 2000-01-01 00:01:40.000
  > Satellites............. 1584
  > Ground stations........ 101
  > Max. range GSL......... 1089686.4181956202m
  > Max. range ISL......... 5016591.233098428m

ISL INFORMATION
  > Total ISLs............. 3168
  > Min. ISLs/satellite.... 4
  > Max. ISLs/satellite.... 4

GSL INTERFACE INFORMATION
  > Min. GSL IFs/satellite........ 1
  > Max. GSL IFs/satellite........ 1
  > Min. GSL IFs/ground station... 1
  > Max. GSL IFs/ground_station... 1

GSL IN-RANGE INFORMATION
  > Min. satellites in range... 5
  > Max. satellites in range... 19
[MODE] SP_OVER_PID_QUOTIENT=True
  > Calculating Floyd-Warshall for graph without ground-station relays
  > Writing forwarding state to: gen_data/starlink_550_isls_plus_grid_ground_stations_top_100_with_hsinchu_algorithm_hierarchical_virtual_gid_27deg_k2/dynamic_state_2000ms_for_200s/fstate_100000000000.txt
  > [SIGNALING] 累計統計: 129 事件, 0 字節
[STATS-DEBUG] 開始生成統計文件... PID=1715618, TID=139662272574528
[DEBUG] output_dynamic_state_dir: gen_data/starlink_550_isls_plus_grid_ground_stations_top_100_with_hsinchu_algorithm_hierarchical_virtual_gid_27deg_k2/dynamic_state_2000ms_for_200s
[DEBUG] k_best: 2
[DEBUG] scenario_info: ''
[DEBUG] temp_dir_name: temp_grhr_k2
  > [SIGNALING] 累計統計: 131 事件, 0 字節
✅ Random P1 K2 完成

執行 Random P1 K4...
[GID] Setting grid degree to 27° and K-best to 4 for hierarchical GID algorithm
Generating ground stations...
Generating TLEs...
Generating ISLs...
Generating description...
Generating GSL interfaces info..
Generating forwarding state...
Thread 0 does interval [0.00 ms, 50000.00 ms]
Thread 1 does interval [50000.00 ms, 100000.00 ms]
Thread 2 does interval [100000.00 ms, 150000.00 ms]
Thread 3 does interval [150000.00 ms, 200000.00 ms]
FORWARDING STATE AT T = 150000000000ns (= 150.0 seconds)

BASIC INFORMATION
  > Epoch.................. 2000-01-01 00:00:00.000
  > Time since epoch....... 150000000000 ns
  > Absolute time.......... 2000-01-01 00:02:30.000
  > Satellites............. 1584
  > Ground stations........ 101
  > Max. range GSL......... 1089686.4181956202m
  > Max. range ISL......... 5016591.233098428m

ISL INFORMATION
  > Total ISLs............. 3168
  > Min. ISLs/satellite.... 4
  > Max. ISLs/satellite.... 4

GSL INTERFACE INFORMATION
  > Min. GSL IFs/satellite........ 1
  > Max. GSL IFs/satellite........ 1
  > Min. GSL IFs/ground station... 1
  > Max. GSL IFs/ground_station... 1

GSL IN-RANGE INFORMATION
  > Min. satellites in range... 3
  > Max. satellites in range... 21

============================================================
🐒 CHAOS MONKEY CONFIGURATION
============================================================
  ENABLE_CHAOS_MONKEY       = True
  CHAOS_FAILURE_RATE        = 0.01 (1.0%)
  CHAOS_INTERVAL_SNAPSHOTS  = 1 (every 0.1s)
  CHAOS_LOG_FILE            = ../../logs/chaos_p1_k4.log
============================================================

[MODE] SP_OVER_PID_QUOTIENT=True
  > Calculating Floyd-Warshall for graph without ground-station relays
  > Writing forwarding state to: gen_data/starlink_550_isls_plus_grid_ground_stations_top_100_with_hsinchu_algorithm_hierarchical_virtual_gid_27deg_k4/dynamic_state_2000ms_for_200s/fstate_150000000000.txt
  > [SIGNALING] 累計統計: 4 事件, 0 字節
[STATS-DEBUG] 開始生成統計文件... PID=1716391, TID=133789419201600
[DEBUG] output_dynamic_state_dir: gen_data/starlink_550_isls_plus_grid_ground_stations_top_100_with_hsinchu_algorithm_hierarchical_virtual_gid_27deg_k4/dynamic_state_2000ms_for_200s
[DEBUG] k_best: 4
[DEBUG] scenario_info: ''
[DEBUG] temp_dir_name: temp_grhr_k4
  > [SIGNALING] 累計統計: 6 事件, 0 字節
FORWARDING STATE AT T = 152000000000ns (= 152.0 seconds)

BASIC INFORMATION
  > Epoch.................. 2000-01-01 00:00:00.000
  > Time since epoch....... 152000000000 ns
  > Absolute time.......... 2000-01-01 00:02:32.000
  > Satellites............. 1584
  > Ground stations........ 101
  > Max. range GSL......... 1089686.4181956202m
  > Max. range ISL......... 5016591.233098428m

ISL INFORMATION
  > Total ISLs............. 3168
  > Min. ISLs/satellite.... 4
  > Max. ISLs/satellite.... 4

GSL INTERFACE INFORMATION
  > Min. GSL IFs/satellite........ 1
  > Max. GSL IFs/satellite........ 1
  > Min. GSL IFs/ground station... 1
  > Max. GSL IFs/ground_station... 1

GSL IN-RANGE INFORMATION
  > Min. satellites in range... 5
  > Max. satellites in range... 20
[MODE] SP_OVER_PID_QUOTIENT=True
  > Calculating Floyd-Warshall for graph without ground-station relays
  > Writing forwarding state to: gen_data/starlink_550_isls_plus_grid_ground_stations_top_100_with_hsinchu_algorithm_hierarchical_virtual_gid_27deg_k4/dynamic_state_2000ms_for_200s/fstate_152000000000.txt
  > [SIGNALING] 累計統計: 9 事件, 0 字節
[STATS-DEBUG] 開始生成統計文件... PID=1716391, TID=133789419201600
[DEBUG] output_dynamic_state_dir: gen_data/starlink_550_isls_plus_grid_ground_stations_top_100_with_hsinchu_algorithm_hierarchical_virtual_gid_27deg_k4/dynamic_state_2000ms_for_200s
[DEBUG] k_best: 4
[DEBUG] scenario_info: ''
[DEBUG] temp_dir_name: temp_grhr_k4
  > [SIGNALING] 累計統計: 11 事件, 0 字節
FORWARDING STATE AT T = 154000000000ns (= 154.0 seconds)

BASIC INFORMATION
  > Epoch.................. 2000-01-01 00:00:00.000
  > Time since epoch....... 154000000000 ns
  > Absolute time.......... 2000-01-01 00:02:34.000
  > Satellites............. 1584
  > Ground stations........ 101
  > Max. range GSL......... 1089686.4181956202m
  > Max. range ISL......... 5016591.233098428m

ISL INFORMATION
  > Total ISLs............. 3168
  > Min. ISLs/satellite.... 4
  > Max. ISLs/satellite.... 4

GSL INTERFACE INFORMATION
  > Min. GSL IFs/satellite........ 1
  > Max. GSL IFs/satellite........ 1
  > Min. GSL IFs/ground station... 1
  > Max. GSL IFs/ground_station... 1

GSL IN-RANGE INFORMATION
  > Min. satellites in range... 5
  > Max. satellites in range... 21
[MODE] SP_OVER_PID_QUOTIENT=True
  > Calculating Floyd-Warshall for graph without ground-station relays
  > Writing forwarding state to: gen_data/starlink_550_isls_plus_grid_ground_stations_top_100_with_hsinchu_algorithm_hierarchical_virtual_gid_27deg_k4/dynamic_state_2000ms_for_200s/fstate_154000000000.txt
  > [SIGNALING] 累計統計: 14 事件, 0 字節
[STATS-DEBUG] 開始生成統計文件... PID=1716391, TID=133789419201600
[DEBUG] output_dynamic_state_dir: gen_data/starlink_550_isls_plus_grid_ground_stations_top_100_with_hsinchu_algorithm_hierarchical_virtual_gid_27deg_k4/dynamic_state_2000ms_for_200s
[DEBUG] k_best: 4
[DEBUG] scenario_info: ''
[DEBUG] temp_dir_name: temp_grhr_k4
  > [SIGNALING] 累計統計: 16 事件, 0 字節
FORWARDING STATE AT T = 156000000000ns (= 156.0 seconds)

BASIC INFORMATION
  > Epoch.................. 2000-01-01 00:00:00.000
  > Time since epoch....... 156000000000 ns
  > Absolute time.......... 2000-01-01 00:02:36.000
  > Satellites............. 1584
  > Ground stations........ 101
  > Max. range GSL......... 1089686.4181956202m
  > Max. range ISL......... 5016591.233098428m

ISL INFORMATION
  > Total ISLs............. 3168
  > Min. ISLs/satellite.... 4
  > Max. ISLs/satellite.... 4

GSL INTERFACE INFORMATION
  > Min. GSL IFs/satellite........ 1
  > Max. GSL IFs/satellite........ 1
  > Min. GSL IFs/ground station... 1
  > Max. GSL IFs/ground_station... 1

GSL IN-RANGE INFORMATION
  > Min. satellites in range... 5
  > Max. satellites in range... 21
[MODE] SP_OVER_PID_QUOTIENT=True
  > Calculating Floyd-Warshall for graph without ground-station relays
  > Writing forwarding state to: gen_data/starlink_550_isls_plus_grid_ground_stations_top_100_with_hsinchu_algorithm_hierarchical_virtual_gid_27deg_k4/dynamic_state_2000ms_for_200s/fstate_156000000000.txt
  > [SIGNALING] 累計統計: 19 事件, 0 字節
[STATS-DEBUG] 開始生成統計文件... PID=1716391, TID=133789419201600
[DEBUG] output_dynamic_state_dir: gen_data/starlink_550_isls_plus_grid_ground_stations_top_100_with_hsinchu_algorithm_hierarchical_virtual_gid_27deg_k4/dynamic_state_2000ms_for_200s
[DEBUG] k_best: 4
[DEBUG] scenario_info: ''
[DEBUG] temp_dir_name: temp_grhr_k4
  > [SIGNALING] 累計統計: 21 事件, 0 字節
FORWARDING STATE AT T = 158000000000ns (= 158.0 seconds)

BASIC INFORMATION
  > Epoch.................. 2000-01-01 00:00:00.000
  > Time since epoch....... 158000000000 ns
  > Absolute time.......... 2000-01-01 00:02:38.000
  > Satellites............. 1584
  > Ground stations........ 101
  > Max. range GSL......... 1089686.4181956202m
  > Max. range ISL......... 5016591.233098428m

ISL INFORMATION
  > Total ISLs............. 3168
  > Min. ISLs/satellite.... 4
  > Max. ISLs/satellite.... 4

GSL INTERFACE INFORMATION
  > Min. GSL IFs/satellite........ 1
  > Max. GSL IFs/satellite........ 1
  > Min. GSL IFs/ground station... 1
  > Max. GSL IFs/ground_station... 1

GSL IN-RANGE INFORMATION
  > Min. satellites in range... 5
  > Max. satellites in range... 20
[MODE] SP_OVER_PID_QUOTIENT=True
  > Calculating Floyd-Warshall for graph without ground-station relays
  > Writing forwarding state to: gen_data/starlink_550_isls_plus_grid_ground_stations_top_100_with_hsinchu_algorithm_hierarchical_virtual_gid_27deg_k4/dynamic_state_2000ms_for_200s/fstate_158000000000.txt
  > [SIGNALING] 累計統計: 24 事件, 0 字節
[STATS-DEBUG] 開始生成統計文件... PID=1716391, TID=133789419201600
[DEBUG] output_dynamic_state_dir: gen_data/starlink_550_isls_plus_grid_ground_stations_top_100_with_hsinchu_algorithm_hierarchical_virtual_gid_27deg_k4/dynamic_state_2000ms_for_200s
[DEBUG] k_best: 4
[DEBUG] scenario_info: ''
[DEBUG] temp_dir_name: temp_grhr_k4
  > [SIGNALING] 累計統計: 26 事件, 0 字節
FORWARDING STATE AT T = 160000000000ns (= 160.0 seconds)

BASIC INFORMATION
  > Epoch.................. 2000-01-01 00:00:00.000
  > Time since epoch....... 160000000000 ns
  > Absolute time.......... 2000-01-01 00:02:40.000
FORWARDING STATE AT T = 0ns (= 0.0 seconds)

BASIC INFORMATION
  > Epoch.................. 2000-01-01 00:00:00.000
  > Time since epoch....... 0 ns
  > Absolute time.......... 2000-01-01 00:00:00.000
  > Satellites............. 1584
  > Ground stations........ 101
  > Max. range GSL......... 1089686.4181956202m
  > Max. range ISL......... 5016591.233098428m

ISL INFORMATION
  > Total ISLs............. 3168
  > Min. ISLs/satellite.... 4
  > Max. ISLs/satellite.... 4

GSL INTERFACE INFORMATION
  > Min. GSL IFs/satellite........ 1
  > Max. GSL IFs/satellite........ 1
  > Min. GSL IFs/ground station... 1
  > Max. GSL IFs/ground_station... 1

GSL IN-RANGE INFORMATION
  > Min. satellites in range... 4
  > Max. satellites in range... 20

============================================================
🐒 CHAOS MONKEY CONFIGURATION
============================================================
  ENABLE_CHAOS_MONKEY       = True
  CHAOS_FAILURE_RATE        = 0.01 (1.0%)
  CHAOS_INTERVAL_SNAPSHOTS  = 1 (every 0.1s)
  CHAOS_LOG_FILE            = ../../logs/chaos_p1_k4.log
============================================================

[MODE] SP_OVER_PID_QUOTIENT=True
  > Calculating Floyd-Warshall for graph without ground-station relays
  > Writing forwarding state to: gen_data/starlink_550_isls_plus_grid_ground_stations_top_100_with_hsinchu_algorithm_hierarchical_virtual_gid_27deg_k4/dynamic_state_2000ms_for_200s/fstate_0.txt
  > [SIGNALING] 累計統計: 4 事件, 0 字節
[STATS-DEBUG] 開始生成統計文件... PID=1716388, TID=133789419201600
[DEBUG] output_dynamic_state_dir: gen_data/starlink_550_isls_plus_grid_ground_stations_top_100_with_hsinchu_algorithm_hierarchical_virtual_gid_27deg_k4/dynamic_state_2000ms_for_200s
[DEBUG] k_best: 4
[DEBUG] scenario_info: ''
[DEBUG] temp_dir_name: temp_grhr_k4
  > [SIGNALING] 累計統計: 6 事件, 0 字節
FORWARDING STATE AT T = 2000000000ns (= 2.0 seconds)

BASIC INFORMATION
  > Epoch.................. 2000-01-01 00:00:00.000
  > Time since epoch....... 2000000000 ns
  > Absolute time.......... 2000-01-01 00:00:02.000
  > Satellites............. 1584
  > Ground stations........ 101
  > Max. range GSL......... 1089686.4181956202m
  > Max. range ISL......... 5016591.233098428m

ISL INFORMATION
  > Total ISLs............. 3168
  > Min. ISLs/satellite.... 4
  > Max. ISLs/satellite.... 4

GSL INTERFACE INFORMATION
  > Min. GSL IFs/satellite........ 1
  > Max. GSL IFs/satellite........ 1
  > Min. GSL IFs/ground station... 1
  > Max. GSL IFs/ground_station... 1

GSL IN-RANGE INFORMATION
  > Min. satellites in range... 4
  > Max. satellites in range... 20
[MODE] SP_OVER_PID_QUOTIENT=True
  > Calculating Floyd-Warshall for graph without ground-station relays
  > Writing forwarding state to: gen_data/starlink_550_isls_plus_grid_ground_stations_top_100_with_hsinchu_algorithm_hierarchical_virtual_gid_27deg_k4/dynamic_state_2000ms_for_200s/fstate_2000000000.txt
  > [SIGNALING] 累計統計: 9 事件, 0 字節
[STATS-DEBUG] 開始生成統計文件... PID=1716388, TID=133789419201600
[DEBUG] output_dynamic_state_dir: gen_data/starlink_550_isls_plus_grid_ground_stations_top_100_with_hsinchu_algorithm_hierarchical_virtual_gid_27deg_k4/dynamic_state_2000ms_for_200s
[DEBUG] k_best: 4
[DEBUG] scenario_info: ''
[DEBUG] temp_dir_name: temp_grhr_k4
  > [SIGNALING] 累計統計: 11 事件, 0 字節
FORWARDING STATE AT T = 4000000000ns (= 4.0 seconds)

BASIC INFORMATION
  > Epoch.................. 2000-01-01 00:00:00.000
  > Time since epoch....... 4000000000 ns
  > Absolute time.......... 2000-01-01 00:00:04.000
  > Satellites............. 1584
  > Ground stations........ 101
  > Max. range GSL......... 1089686.4181956202m
  > Max. range ISL......... 5016591.233098428m

ISL INFORMATION
  > Total ISLs............. 3168
  > Min. ISLs/satellite.... 4
  > Max. ISLs/satellite.... 4

GSL INTERFACE INFORMATION
  > Min. GSL IFs/satellite........ 1
  > Max. GSL IFs/satellite........ 1
  > Min. GSL IFs/ground station... 1
  > Max. GSL IFs/ground_station... 1

GSL IN-RANGE INFORMATION
  > Min. satellites in range... 4
  > Max. satellites in range... 20
[MODE] SP_OVER_PID_QUOTIENT=True
  > Calculating Floyd-Warshall for graph without ground-station relays
  > Writing forwarding state to: gen_data/starlink_550_isls_plus_grid_ground_stations_top_100_with_hsinchu_algorithm_hierarchical_virtual_gid_27deg_k4/dynamic_state_2000ms_for_200s/fstate_4000000000.txt
  > [SIGNALING] 累計統計: 14 事件, 0 字節
[STATS-DEBUG] 開始生成統計文件... PID=1716388, TID=133789419201600
[DEBUG] output_dynamic_state_dir: gen_data/starlink_550_isls_plus_grid_ground_stations_top_100_with_hsinchu_algorithm_hierarchical_virtual_gid_27deg_k4/dynamic_state_2000ms_for_200s
[DEBUG] k_best: 4
[DEBUG] scenario_info: ''
[DEBUG] temp_dir_name: temp_grhr_k4
  > [SIGNALING] 累計統計: 16 事件, 0 字節
FORWARDING STATE AT T = 6000000000ns (= 6.0 seconds)

BASIC INFORMATION
  > Epoch.................. 2000-01-01 00:00:00.000
  > Time since epoch....... 6000000000 ns
  > Absolute time.......... 2000-01-01 00:00:06.000
  > Satellites............. 1584
  > Ground stations........ 101
  > Max. range GSL......... 1089686.4181956202m
  > Max. range ISL......... 5016591.233098428m

ISL INFORMATION
  > Total ISLs............. 3168
  > Min. ISLs/satellite.... 4
  > Max. ISLs/satellite.... 4

GSL INTERFACE INFORMATION
  > Min. GSL IFs/satellite........ 1
  > Max. GSL IFs/satellite........ 1
  > Min. GSL IFs/ground station... 1
  > Max. GSL IFs/ground_station... 1

GSL IN-RANGE INFORMATION
  > Min. satellites in range... 4
  > Max. satellites in range... 20
[MODE] SP_OVER_PID_QUOTIENT=True
  > Calculating Floyd-Warshall for graph without ground-station relays
  > Writing forwarding state to: gen_data/starlink_550_isls_plus_grid_ground_stations_top_100_with_hsinchu_algorithm_hierarchical_virtual_gid_27deg_k4/dynamic_state_2000ms_for_200s/fstate_6000000000.txt
  > [SIGNALING] 累計統計: 19 事件, 0 字節
[STATS-DEBUG] 開始生成統計文件... PID=1716388, TID=133789419201600
[DEBUG] output_dynamic_state_dir: gen_data/starlink_550_isls_plus_grid_ground_stations_top_100_with_hsinchu_algorithm_hierarchical_virtual_gid_27deg_k4/dynamic_state_2000ms_for_200s
[DEBUG] k_best: 4
[DEBUG] scenario_info: ''
[DEBUG] temp_dir_name: temp_grhr_k4
  > [SIGNALING] 累計統計: 21 事件, 0 字節
FORWARDING STATE AT T = 8000000000ns (= 8.0 seconds)

BASIC INFORMATION
  > Epoch.................. 2000-01-01 00:00:00.000
  > Time since epoch....... 8000000000 ns
  > Absolute time.......... 2000-01-01 00:00:08.000
  > Satellites............. 1584
  > Ground stations........ 101
  > Max. range GSL......... 1089686.4181956202m
  > Max. range ISL......... 5016591.233098428m

ISL INFORMATION
  > Total ISLs............. 3168
  > Min. ISLs/satellite.... 4
  > Max. ISLs/satellite.... 4

GSL INTERFACE INFORMATION
  > Min. GSL IFs/satellite........ 1
  > Max. GSL IFs/satellite........ 1
  > Min. GSL IFs/ground station... 1
  > Max. GSL IFs/ground_station... 1

GSL IN-RANGE INFORMATION
  > Min. satellites in range... 4
  > Max. satellites in range... 19
[MODE] SP_OVER_PID_QUOTIENT=True
  > Calculating Floyd-Warshall for graph without ground-station relays
  > Writing forwarding state to: gen_data/starlink_550_isls_plus_grid_ground_stations_top_100_with_hsinchu_algorithm_hierarchical_virtual_gid_27deg_k4/dynamic_state_2000ms_for_200s/fstate_8000000000.txt
  > [SIGNALING] 累計統計: 24 事件, 0 字節
[STATS-DEBUG] 開始生成統計文件... PID=1716388, TID=133789419201600
[DEBUG] output_dynamic_state_dir: gen_data/starlink_550_isls_plus_grid_ground_stations_top_100_with_hsinchu_algorithm_hierarchical_virtual_gid_27deg_k4/dynamic_state_2000ms_for_200s
[DEBUG] k_best: 4
[DEBUG] scenario_info: ''
[DEBUG] temp_dir_name: temp_grhr_k4
  > [SIGNALING] 累計統計: 26 事件, 0 字節
FORWARDING STATE AT T = 10000000000ns (= 10.0 seconds)

BASIC INFORMATION
  > Epoch.................. 2000-01-01 00:00:00.000
  > Time since epoch....... 10000000000 ns
  > Absolute time.......... 2000-01-01 00:00:10.000
  > Satellites............. 1584
  > Ground stations........ 101
FORWARDING STATE AT T = 100000000000ns (= 100.0 seconds)

BASIC INFORMATION
  > Epoch.................. 2000-01-01 00:00:00.000
  > Time since epoch....... 100000000000 ns
  > Absolute time.......... 2000-01-01 00:01:40.000
  > Satellites............. 1584
  > Ground stations........ 101
  > Max. range GSL......... 1089686.4181956202m
  > Max. range ISL......... 5016591.233098428m

ISL INFORMATION
  > Total ISLs............. 3168
  > Min. ISLs/satellite.... 4
  > Max. ISLs/satellite.... 4

GSL INTERFACE INFORMATION
  > Min. GSL IFs/satellite........ 1
  > Max. GSL IFs/satellite........ 1
  > Min. GSL IFs/ground station... 1
  > Max. GSL IFs/ground_station... 1

GSL IN-RANGE INFORMATION
  > Min. satellites in range... 5
  > Max. satellites in range... 19

============================================================
🐒 CHAOS MONKEY CONFIGURATION
============================================================
  ENABLE_CHAOS_MONKEY       = True
  CHAOS_FAILURE_RATE        = 0.01 (1.0%)
  CHAOS_INTERVAL_SNAPSHOTS  = 1 (every 0.1s)
  CHAOS_LOG_FILE            = ../../logs/chaos_p1_k4.log
============================================================

[MODE] SP_OVER_PID_QUOTIENT=True
  > Calculating Floyd-Warshall for graph without ground-station relays
  > Writing forwarding state to: gen_data/starlink_550_isls_plus_grid_ground_stations_top_100_with_hsinchu_algorithm_hierarchical_virtual_gid_27deg_k4/dynamic_state_2000ms_for_200s/fstate_100000000000.txt
  > [SIGNALING] 累計統計: 4 事件, 0 字節
[STATS-DEBUG] 開始生成統計文件... PID=1716390, TID=133789419201600
[DEBUG] output_dynamic_state_dir: gen_data/starlink_550_isls_plus_grid_ground_stations_top_100_with_hsinchu_algorithm_hierarchical_virtual_gid_27deg_k4/dynamic_state_2000ms_for_200s
[DEBUG] k_best: 4
[DEBUG] scenario_info: ''
[DEBUG] temp_dir_name: temp_grhr_k4
  > [SIGNALING] 累計統計: 6 事件, 0 字節
FORWARDING STATE AT T = 102000000000ns (= 102.0 seconds)

BASIC INFORMATION
  > Epoch.................. 2000-01-01 00:00:00.000
  > Time since epoch....... 102000000000 ns
  > Absolute time.......... 2000-01-01 00:01:42.000
  > Satellites............. 1584
  > Ground stations........ 101
  > Max. range GSL......... 1089686.4181956202m
  > Max. range ISL......... 5016591.233098428m

ISL INFORMATION
  > Total ISLs............. 3168
  > Min. ISLs/satellite.... 4
  > Max. ISLs/satellite.... 4

GSL INTERFACE INFORMATION
  > Min. GSL IFs/satellite........ 1
  > Max. GSL IFs/satellite........ 1
  > Min. GSL IFs/ground station... 1
  > Max. GSL IFs/ground_station... 1

GSL IN-RANGE INFORMATION
  > Min. satellites in range... 5
  > Max. satellites in range... 19
[MODE] SP_OVER_PID_QUOTIENT=True
  > Calculating Floyd-Warshall for graph without ground-station relays
  > Writing forwarding state to: gen_data/starlink_550_isls_plus_grid_ground_stations_top_100_with_hsinchu_algorithm_hierarchical_virtual_gid_27deg_k4/dynamic_state_2000ms_for_200s/fstate_102000000000.txt
  > [SIGNALING] 累計統計: 9 事件, 0 字節
[STATS-DEBUG] 開始生成統計文件... PID=1716390, TID=133789419201600
[DEBUG] output_dynamic_state_dir: gen_data/starlink_550_isls_plus_grid_ground_stations_top_100_with_hsinchu_algorithm_hierarchical_virtual_gid_27deg_k4/dynamic_state_2000ms_for_200s
[DEBUG] k_best: 4
[DEBUG] scenario_info: ''
[DEBUG] temp_dir_name: temp_grhr_k4
  > [SIGNALING] 累計統計: 11 事件, 0 字節
FORWARDING STATE AT T = 104000000000ns (= 104.0 seconds)

BASIC INFORMATION
  > Epoch.................. 2000-01-01 00:00:00.000
  > Time since epoch....... 104000000000 ns
  > Absolute time.......... 2000-01-01 00:01:44.000
  > Satellites............. 1584
  > Ground stations........ 101
  > Max. range GSL......... 1089686.4181956202m
  > Max. range ISL......... 5016591.233098428m

ISL INFORMATION
  > Total ISLs............. 3168
  > Min. ISLs/satellite.... 4
  > Max. ISLs/satellite.... 4

GSL INTERFACE INFORMATION
  > Min. GSL IFs/satellite........ 1
  > Max. GSL IFs/satellite........ 1
  > Min. GSL IFs/ground station... 1
  > Max. GSL IFs/ground_station... 1

GSL IN-RANGE INFORMATION
  > Min. satellites in range... 5
  > Max. satellites in range... 19
[MODE] SP_OVER_PID_QUOTIENT=True
  > Calculating Floyd-Warshall for graph without ground-station relays
  > Writing forwarding state to: gen_data/starlink_550_isls_plus_grid_ground_stations_top_100_with_hsinchu_algorithm_hierarchical_virtual_gid_27deg_k4/dynamic_state_2000ms_for_200s/fstate_104000000000.txt
  > [SIGNALING] 累計統計: 14 事件, 0 字節
[STATS-DEBUG] 開始生成統計文件... PID=1716390, TID=133789419201600
[DEBUG] output_dynamic_state_dir: gen_data/starlink_550_isls_plus_grid_ground_stations_top_100_with_hsinchu_algorithm_hierarchical_virtual_gid_27deg_k4/dynamic_state_2000ms_for_200s
[DEBUG] k_best: 4
[DEBUG] scenario_info: ''
[DEBUG] temp_dir_name: temp_grhr_k4
  > [SIGNALING] 累計統計: 16 事件, 0 字節
FORWARDING STATE AT T = 106000000000ns (= 106.0 seconds)

BASIC INFORMATION
  > Epoch.................. 2000-01-01 00:00:00.000
  > Time since epoch....... 106000000000 ns
  > Absolute time.......... 2000-01-01 00:01:46.000
  > Satellites............. 1584
  > Ground stations........ 101
  > Max. range GSL......... 1089686.4181956202m
  > Max. range ISL......... 5016591.233098428m

ISL INFORMATION
  > Total ISLs............. 3168
  > Min. ISLs/satellite.... 4
  > Max. ISLs/satellite.... 4

GSL INTERFACE INFORMATION
  > Min. GSL IFs/satellite........ 1
  > Max. GSL IFs/satellite........ 1
  > Min. GSL IFs/ground station... 1
  > Max. GSL IFs/ground_station... 1

GSL IN-RANGE INFORMATION
  > Min. satellites in range... 5
  > Max. satellites in range... 19
[MODE] SP_OVER_PID_QUOTIENT=True
  > Calculating Floyd-Warshall for graph without ground-station relays
  > Writing forwarding state to: gen_data/starlink_550_isls_plus_grid_ground_stations_top_100_with_hsinchu_algorithm_hierarchical_virtual_gid_27deg_k4/dynamic_state_2000ms_for_200s/fstate_106000000000.txt
  > [SIGNALING] 累計統計: 19 事件, 0 字節
[STATS-DEBUG] 開始生成統計文件... PID=1716390, TID=133789419201600
[DEBUG] output_dynamic_state_dir: gen_data/starlink_550_isls_plus_grid_ground_stations_top_100_with_hsinchu_algorithm_hierarchical_virtual_gid_27deg_k4/dynamic_state_2000ms_for_200s
[DEBUG] k_best: 4
[DEBUG] scenario_info: ''
[DEBUG] temp_dir_name: temp_grhr_k4
  > [SIGNALING] 累計統計: 21 事件, 0 字節
FORWARDING STATE AT T = 108000000000ns (= 108.0 seconds)

BASIC INFORMATION
  > Epoch.................. 2000-01-01 00:00:00.000
  > Time since epoch....... 108000000000 ns
  > Absolute time.......... 2000-01-01 00:01:48.000
  > Satellites............. 1584
  > Ground stations........ 101
  > Max. range GSL......... 1089686.4181956202m
  > Max. range ISL......... 5016591.233098428m

ISL INFORMATION
  > Total ISLs............. 3168
  > Min. ISLs/satellite.... 4
  > Max. ISLs/satellite.... 4

GSL INTERFACE INFORMATION
  > Min. GSL IFs/satellite........ 1
  > Max. GSL IFs/satellite........ 1
  > Min. GSL IFs/ground station... 1
  > Max. GSL IFs/ground_station... 1

GSL IN-RANGE INFORMATION
  > Min. satellites in range... 5
  > Max. satellites in range... 19
[MODE] SP_OVER_PID_QUOTIENT=True
  > Calculating Floyd-Warshall for graph without ground-station relays
  > Writing forwarding state to: gen_data/starlink_550_isls_plus_grid_ground_stations_top_100_with_hsinchu_algorithm_hierarchical_virtual_gid_27deg_k4/dynamic_state_2000ms_for_200s/fstate_108000000000.txt
  > [SIGNALING] 累計統計: 24 事件, 0 字節
[STATS-DEBUG] 開始生成統計文件... PID=1716390, TID=133789419201600
[DEBUG] output_dynamic_state_dir: gen_data/starlink_550_isls_plus_grid_ground_stations_top_100_with_hsinchu_algorithm_hierarchical_virtual_gid_27deg_k4/dynamic_state_2000ms_for_200s
[DEBUG] k_best: 4
[DEBUG] scenario_info: ''
[DEBUG] temp_dir_name: temp_grhr_k4
  > [SIGNALING] 累計統計: 26 事件, 0 字節
FORWARDING STATE AT T = 110000000000ns (= 110.0 seconds)

BASIC INFORMATION
  > Epoch.................. 2000-01-01 00:00:00.000
  > Time since epoch....... 110000000000 ns
  > Absolute time.......... 2000-01-01 00:01:50.000
FORWARDING STATE AT T = 50000000000ns (= 50.0 seconds)

BASIC INFORMATION
  > Epoch.................. 2000-01-01 00:00:00.000
  > Time since epoch....... 50000000000 ns
  > Absolute time.......... 2000-01-01 00:00:50.000
  > Satellites............. 1584
  > Ground stations........ 101
  > Max. range GSL......... 1089686.4181956202m
  > Max. range ISL......... 5016591.233098428m

ISL INFORMATION
  > Total ISLs............. 3168
  > Min. ISLs/satellite.... 4
  > Max. ISLs/satellite.... 4

GSL INTERFACE INFORMATION
  > Min. GSL IFs/satellite........ 1
  > Max. GSL IFs/satellite........ 1
  > Min. GSL IFs/ground station... 1
  > Max. GSL IFs/ground_station... 1

GSL IN-RANGE INFORMATION
  > Min. satellites in range... 2
  > Max. satellites in range... 20

============================================================
🐒 CHAOS MONKEY CONFIGURATION
============================================================
  ENABLE_CHAOS_MONKEY       = True
  CHAOS_FAILURE_RATE        = 0.01 (1.0%)
  CHAOS_INTERVAL_SNAPSHOTS  = 1 (every 0.1s)
  CHAOS_LOG_FILE            = ../../logs/chaos_p1_k4.log
============================================================

[MODE] SP_OVER_PID_QUOTIENT=True
  > Calculating Floyd-Warshall for graph without ground-station relays
  > Writing forwarding state to: gen_data/starlink_550_isls_plus_grid_ground_stations_top_100_with_hsinchu_algorithm_hierarchical_virtual_gid_27deg_k4/dynamic_state_2000ms_for_200s/fstate_50000000000.txt
  > [SIGNALING] 累計統計: 4 事件, 0 字節
[STATS-DEBUG] 開始生成統計文件... PID=1716389, TID=133789419201600
[DEBUG] output_dynamic_state_dir: gen_data/starlink_550_isls_plus_grid_ground_stations_top_100_with_hsinchu_algorithm_hierarchical_virtual_gid_27deg_k4/dynamic_state_2000ms_for_200s
[DEBUG] k_best: 4
[DEBUG] scenario_info: ''
[DEBUG] temp_dir_name: temp_grhr_k4
  > [SIGNALING] 累計統計: 6 事件, 0 字節
FORWARDING STATE AT T = 52000000000ns (= 52.0 seconds)

BASIC INFORMATION
  > Epoch.................. 2000-01-01 00:00:00.000
  > Time since epoch....... 52000000000 ns
  > Absolute time.......... 2000-01-01 00:00:52.000
  > Satellites............. 1584
  > Ground stations........ 101
  > Max. range GSL......... 1089686.4181956202m
  > Max. range ISL......... 5016591.233098428m

ISL INFORMATION
  > Total ISLs............. 3168
  > Min. ISLs/satellite.... 4
  > Max. ISLs/satellite.... 4

GSL INTERFACE INFORMATION
  > Min. GSL IFs/satellite........ 1
  > Max. GSL IFs/satellite........ 1
  > Min. GSL IFs/ground station... 1
  > Max. GSL IFs/ground_station... 1

GSL IN-RANGE INFORMATION
  > Min. satellites in range... 2
  > Max. satellites in range... 20
[MODE] SP_OVER_PID_QUOTIENT=True
  > Calculating Floyd-Warshall for graph without ground-station relays
  > Writing forwarding state to: gen_data/starlink_550_isls_plus_grid_ground_stations_top_100_with_hsinchu_algorithm_hierarchical_virtual_gid_27deg_k4/dynamic_state_2000ms_for_200s/fstate_52000000000.txt
  > [SIGNALING] 累計統計: 9 事件, 0 字節
[STATS-DEBUG] 開始生成統計文件... PID=1716389, TID=133789419201600
[DEBUG] output_dynamic_state_dir: gen_data/starlink_550_isls_plus_grid_ground_stations_top_100_with_hsinchu_algorithm_hierarchical_virtual_gid_27deg_k4/dynamic_state_2000ms_for_200s
[DEBUG] k_best: 4
[DEBUG] scenario_info: ''
[DEBUG] temp_dir_name: temp_grhr_k4
  > [SIGNALING] 累計統計: 11 事件, 0 字節
FORWARDING STATE AT T = 54000000000ns (= 54.0 seconds)

BASIC INFORMATION
  > Epoch.................. 2000-01-01 00:00:00.000
  > Time since epoch....... 54000000000 ns
  > Absolute time.......... 2000-01-01 00:00:54.000
  > Satellites............. 1584
  > Ground stations........ 101
  > Max. range GSL......... 1089686.4181956202m
  > Max. range ISL......... 5016591.233098428m

ISL INFORMATION
  > Total ISLs............. 3168
  > Min. ISLs/satellite.... 4
  > Max. ISLs/satellite.... 4

GSL INTERFACE INFORMATION
  > Min. GSL IFs/satellite........ 1
  > Max. GSL IFs/satellite........ 1
  > Min. GSL IFs/ground station... 1
  > Max. GSL IFs/ground_station... 1

GSL IN-RANGE INFORMATION
  > Min. satellites in range... 2
  > Max. satellites in range... 20
[MODE] SP_OVER_PID_QUOTIENT=True
  > Calculating Floyd-Warshall for graph without ground-station relays
  > Writing forwarding state to: gen_data/starlink_550_isls_plus_grid_ground_stations_top_100_with_hsinchu_algorithm_hierarchical_virtual_gid_27deg_k4/dynamic_state_2000ms_for_200s/fstate_54000000000.txt
  > [SIGNALING] 累計統計: 14 事件, 0 字節
[STATS-DEBUG] 開始生成統計文件... PID=1716389, TID=133789419201600
[DEBUG] output_dynamic_state_dir: gen_data/starlink_550_isls_plus_grid_ground_stations_top_100_with_hsinchu_algorithm_hierarchical_virtual_gid_27deg_k4/dynamic_state_2000ms_for_200s
[DEBUG] k_best: 4
[DEBUG] scenario_info: ''
[DEBUG] temp_dir_name: temp_grhr_k4
  > [SIGNALING] 累計統計: 16 事件, 0 字節
FORWARDING STATE AT T = 56000000000ns (= 56.0 seconds)

BASIC INFORMATION
  > Epoch.................. 2000-01-01 00:00:00.000
  > Time since epoch....... 56000000000 ns
  > Absolute time.......... 2000-01-01 00:00:56.000
  > Satellites............. 1584
  > Ground stations........ 101
  > Max. range GSL......... 1089686.4181956202m
  > Max. range ISL......... 5016591.233098428m

ISL INFORMATION
  > Total ISLs............. 3168
  > Min. ISLs/satellite.... 4
  > Max. ISLs/satellite.... 4

GSL INTERFACE INFORMATION
  > Min. GSL IFs/satellite........ 1
  > Max. GSL IFs/satellite........ 1
  > Min. GSL IFs/ground station... 1
  > Max. GSL IFs/ground_station... 1

GSL IN-RANGE INFORMATION
  > Min. satellites in range... 2
  > Max. satellites in range... 20
[MODE] SP_OVER_PID_QUOTIENT=True
  > Calculating Floyd-Warshall for graph without ground-station relays
  > Writing forwarding state to: gen_data/starlink_550_isls_plus_grid_ground_stations_top_100_with_hsinchu_algorithm_hierarchical_virtual_gid_27deg_k4/dynamic_state_2000ms_for_200s/fstate_56000000000.txt
  > [SIGNALING] 累計統計: 19 事件, 0 字節
[STATS-DEBUG] 開始生成統計文件... PID=1716389, TID=133789419201600
[DEBUG] output_dynamic_state_dir: gen_data/starlink_550_isls_plus_grid_ground_stations_top_100_with_hsinchu_algorithm_hierarchical_virtual_gid_27deg_k4/dynamic_state_2000ms_for_200s
[DEBUG] k_best: 4
[DEBUG] scenario_info: ''
[DEBUG] temp_dir_name: temp_grhr_k4
  > [SIGNALING] 累計統計: 21 事件, 0 字節
FORWARDING STATE AT T = 58000000000ns (= 58.0 seconds)

BASIC INFORMATION
  > Epoch.................. 2000-01-01 00:00:00.000
  > Time since epoch....... 58000000000 ns
  > Absolute time.......... 2000-01-01 00:00:58.000
  > Satellites............. 1584
  > Ground stations........ 101
  > Max. range GSL......... 1089686.4181956202m
  > Max. range ISL......... 5016591.233098428m

ISL INFORMATION
  > Total ISLs............. 3168
  > Min. ISLs/satellite.... 4
  > Max. ISLs/satellite.... 4

GSL INTERFACE INFORMATION
  > Min. GSL IFs/satellite........ 1
  > Max. GSL IFs/satellite........ 1
  > Min. GSL IFs/ground station... 1
  > Max. GSL IFs/ground_station... 1

GSL IN-RANGE INFORMATION
  > Min. satellites in range... 3
  > Max. satellites in range... 20
[MODE] SP_OVER_PID_QUOTIENT=True
  > Calculating Floyd-Warshall for graph without ground-station relays
  > Writing forwarding state to: gen_data/starlink_550_isls_plus_grid_ground_stations_top_100_with_hsinchu_algorithm_hierarchical_virtual_gid_27deg_k4/dynamic_state_2000ms_for_200s/fstate_58000000000.txt
  > [SIGNALING] 累計統計: 24 事件, 0 字節
[STATS-DEBUG] 開始生成統計文件... PID=1716389, TID=133789419201600
[DEBUG] output_dynamic_state_dir: gen_data/starlink_550_isls_plus_grid_ground_stations_top_100_with_hsinchu_algorithm_hierarchical_virtual_gid_27deg_k4/dynamic_state_2000ms_for_200s
[DEBUG] k_best: 4
[DEBUG] scenario_info: ''
[DEBUG] temp_dir_name: temp_grhr_k4
  > [SIGNALING] 累計統計: 26 事件, 0 字節
FORWARDING STATE AT T = 60000000000ns (= 60.0 seconds)

BASIC INFORMATION
  > Epoch.................. 2000-01-01 00:00:00.000
  > Time since epoch....... 60000000000 ns
  > Absolute time.......... 2000-01-01 00:01:00.000
  > Satellites............. 1584
  > Satellites............. 1584
  > Ground stations........ 101
  > Max. range GSL......... 1089686.4181956202m
  > Max. range ISL......... 5016591.233098428m

ISL INFORMATION
  > Total ISLs............. 3168
  > Min. ISLs/satellite.... 4
  > Max. ISLs/satellite.... 4

GSL INTERFACE INFORMATION
  > Min. GSL IFs/satellite........ 1
  > Max. GSL IFs/satellite........ 1
  > Min. GSL IFs/ground station... 1
  > Max. GSL IFs/ground_station... 1

GSL IN-RANGE INFORMATION
  > Min. satellites in range... 5
  > Max. satellites in range... 19
[MODE] SP_OVER_PID_QUOTIENT=True
  > Calculating Floyd-Warshall for graph without ground-station relays
  > Writing forwarding state to: gen_data/starlink_550_isls_plus_grid_ground_stations_top_100_with_hsinchu_algorithm_hierarchical_virtual_gid_27deg_k4/dynamic_state_2000ms_for_200s/fstate_160000000000.txt
  > [SIGNALING] 累計統計: 29 事件, 0 字節
[STATS-DEBUG] 開始生成統計文件... PID=1716391, TID=133789419201600
[DEBUG] output_dynamic_state_dir: gen_data/starlink_550_isls_plus_grid_ground_stations_top_100_with_hsinchu_algorithm_hierarchical_virtual_gid_27deg_k4/dynamic_state_2000ms_for_200s
[DEBUG] k_best: 4
[DEBUG] scenario_info: ''
[DEBUG] temp_dir_name: temp_grhr_k4
  > [SIGNALING] 累計統計: 31 事件, 0 字節
FORWARDING STATE AT T = 162000000000ns (= 162.0 seconds)

BASIC INFORMATION
  > Epoch.................. 2000-01-01 00:00:00.000
  > Time since epoch....... 162000000000 ns
  > Absolute time.......... 2000-01-01 00:02:42.000
  > Satellites............. 1584
  > Ground stations........ 101
  > Max. range GSL......... 1089686.4181956202m
  > Max. range ISL......... 5016591.233098428m

ISL INFORMATION
  > Total ISLs............. 3168
  > Min. ISLs/satellite.... 4
  > Max. ISLs/satellite.... 4

GSL INTERFACE INFORMATION
  > Min. GSL IFs/satellite........ 1
  > Max. GSL IFs/satellite........ 1
  > Min. GSL IFs/ground station... 1
  > Max. GSL IFs/ground_station... 1

GSL IN-RANGE INFORMATION
  > Min. satellites in range... 5
  > Max. satellites in range... 19
[MODE] SP_OVER_PID_QUOTIENT=True
  > Calculating Floyd-Warshall for graph without ground-station relays
  > Writing forwarding state to: gen_data/starlink_550_isls_plus_grid_ground_stations_top_100_with_hsinchu_algorithm_hierarchical_virtual_gid_27deg_k4/dynamic_state_2000ms_for_200s/fstate_162000000000.txt
  > [SIGNALING] 累計統計: 34 事件, 0 字節
[STATS-DEBUG] 開始生成統計文件... PID=1716391, TID=133789419201600
[DEBUG] output_dynamic_state_dir: gen_data/starlink_550_isls_plus_grid_ground_stations_top_100_with_hsinchu_algorithm_hierarchical_virtual_gid_27deg_k4/dynamic_state_2000ms_for_200s
[DEBUG] k_best: 4
[DEBUG] scenario_info: ''
[DEBUG] temp_dir_name: temp_grhr_k4
  > [SIGNALING] 累計統計: 36 事件, 0 字節
FORWARDING STATE AT T = 164000000000ns (= 164.0 seconds)

BASIC INFORMATION
  > Epoch.................. 2000-01-01 00:00:00.000
  > Time since epoch....... 164000000000 ns
  > Absolute time.......... 2000-01-01 00:02:44.000
  > Satellites............. 1584
  > Ground stations........ 101
  > Max. range GSL......... 1089686.4181956202m
  > Max. range ISL......... 5016591.233098428m

ISL INFORMATION
  > Total ISLs............. 3168
  > Min. ISLs/satellite.... 4
  > Max. ISLs/satellite.... 4

GSL INTERFACE INFORMATION
  > Min. GSL IFs/satellite........ 1
  > Max. GSL IFs/satellite........ 1
  > Min. GSL IFs/ground station... 1
  > Max. GSL IFs/ground_station... 1

GSL IN-RANGE INFORMATION
  > Min. satellites in range... 5
  > Max. satellites in range... 20
[MODE] SP_OVER_PID_QUOTIENT=True
  > Calculating Floyd-Warshall for graph without ground-station relays
  > Writing forwarding state to: gen_data/starlink_550_isls_plus_grid_ground_stations_top_100_with_hsinchu_algorithm_hierarchical_virtual_gid_27deg_k4/dynamic_state_2000ms_for_200s/fstate_164000000000.txt
  > [SIGNALING] 累計統計: 39 事件, 0 字節
[STATS-DEBUG] 開始生成統計文件... PID=1716391, TID=133789419201600
[DEBUG] output_dynamic_state_dir: gen_data/starlink_550_isls_plus_grid_ground_stations_top_100_with_hsinchu_algorithm_hierarchical_virtual_gid_27deg_k4/dynamic_state_2000ms_for_200s
[DEBUG] k_best: 4
[DEBUG] scenario_info: ''
[DEBUG] temp_dir_name: temp_grhr_k4
  > [SIGNALING] 累計統計: 41 事件, 0 字節
FORWARDING STATE AT T = 166000000000ns (= 166.0 seconds)

BASIC INFORMATION
  > Epoch.................. 2000-01-01 00:00:00.000
  > Time since epoch....... 166000000000 ns
  > Absolute time.......... 2000-01-01 00:02:46.000
  > Satellites............. 1584
  > Ground stations........ 101
  > Max. range GSL......... 1089686.4181956202m
  > Max. range ISL......... 5016591.233098428m

ISL INFORMATION
  > Total ISLs............. 3168
  > Min. ISLs/satellite.... 4
  > Max. ISLs/satellite.... 4

GSL INTERFACE INFORMATION
  > Min. GSL IFs/satellite........ 1
  > Max. GSL IFs/satellite........ 1
  > Min. GSL IFs/ground station... 1
  > Max. GSL IFs/ground_station... 1

GSL IN-RANGE INFORMATION
  > Min. satellites in range... 5
  > Max. satellites in range... 20
[MODE] SP_OVER_PID_QUOTIENT=True
  > Calculating Floyd-Warshall for graph without ground-station relays
  > Writing forwarding state to: gen_data/starlink_550_isls_plus_grid_ground_stations_top_100_with_hsinchu_algorithm_hierarchical_virtual_gid_27deg_k4/dynamic_state_2000ms_for_200s/fstate_166000000000.txt
  > [SIGNALING] 累計統計: 44 事件, 0 字節
[STATS-DEBUG] 開始生成統計文件... PID=1716391, TID=133789419201600
[DEBUG] output_dynamic_state_dir: gen_data/starlink_550_isls_plus_grid_ground_stations_top_100_with_hsinchu_algorithm_hierarchical_virtual_gid_27deg_k4/dynamic_state_2000ms_for_200s
[DEBUG] k_best: 4
[DEBUG] scenario_info: ''
[DEBUG] temp_dir_name: temp_grhr_k4
  > [SIGNALING] 累計統計: 46 事件, 0 字節
FORWARDING STATE AT T = 168000000000ns (= 168.0 seconds)

BASIC INFORMATION
  > Epoch.................. 2000-01-01 00:00:00.000
  > Time since epoch....... 168000000000 ns
  > Absolute time.......... 2000-01-01 00:02:48.000
  > Satellites............. 1584
  > Ground stations........ 101
  > Max. range GSL......... 1089686.4181956202m
  > Max. range ISL......... 5016591.233098428m

ISL INFORMATION
  > Total ISLs............. 3168
  > Min. ISLs/satellite.... 4
  > Max. ISLs/satellite.... 4

GSL INTERFACE INFORMATION
  > Min. GSL IFs/satellite........ 1
  > Max. GSL IFs/satellite........ 1
  > Min. GSL IFs/ground station... 1
  > Max. GSL IFs/ground_station... 1

GSL IN-RANGE INFORMATION
  > Min. satellites in range... 4
  > Max. satellites in range... 19
[MODE] SP_OVER_PID_QUOTIENT=True
  > Calculating Floyd-Warshall for graph without ground-station relays
  > Writing forwarding state to: gen_data/starlink_550_isls_plus_grid_ground_stations_top_100_with_hsinchu_algorithm_hierarchical_virtual_gid_27deg_k4/dynamic_state_2000ms_for_200s/fstate_168000000000.txt
  > [SIGNALING] 累計統計: 49 事件, 0 字節
[STATS-DEBUG] 開始生成統計文件... PID=1716391, TID=133789419201600
[DEBUG] output_dynamic_state_dir: gen_data/starlink_550_isls_plus_grid_ground_stations_top_100_with_hsinchu_algorithm_hierarchical_virtual_gid_27deg_k4/dynamic_state_2000ms_for_200s
[DEBUG] k_best: 4
[DEBUG] scenario_info: ''
[DEBUG] temp_dir_name: temp_grhr_k4
  > [SIGNALING] 累計統計: 51 事件, 0 字節
FORWARDING STATE AT T = 170000000000ns (= 170.0 seconds)

BASIC INFORMATION
  > Epoch.................. 2000-01-01 00:00:00.000
  > Time since epoch....... 170000000000 ns
  > Absolute time.......... 2000-01-01 00:02:50.000
  > Satellites............. 1584
  > Ground stations........ 101
  > Max. range GSL......... 1089686.4181956202m
  > Max. range ISL......... 5016591.233098428m

ISL INFORMATION
  > Total ISLs............. 3168
  > Min. ISLs/satellite.... 4
  > Max. ISLs/satellite.... 4

GSL INTERFACE INFORMATION
  > Min. GSL IFs/satellite........ 1
  > Max. GSL IFs/satellite........ 1
  > Min. GSL IFs/ground station... 1
  > Max. GSL IFs/ground_station... 1

GSL IN-RANGE INFORMATION
  > Min. satellites in range... 4
  > Max. satellites in range... 20
[MODE] SP_OVER_PID_QUOTIENT=True
  > Satellites............. 1584
  > Ground stations........ 101
  > Max. range GSL......... 1089686.4181956202m
  > Max. range ISL......... 5016591.233098428m

ISL INFORMATION
  > Total ISLs............. 3168
  > Min. ISLs/satellite.... 4
  > Max. ISLs/satellite.... 4

GSL INTERFACE INFORMATION
  > Min. GSL IFs/satellite........ 1
  > Max. GSL IFs/satellite........ 1
  > Min. GSL IFs/ground station... 1
  > Max. GSL IFs/ground_station... 1

GSL IN-RANGE INFORMATION
  > Min. satellites in range... 4
  > Max. satellites in range... 20
[MODE] SP_OVER_PID_QUOTIENT=True
  > Calculating Floyd-Warshall for graph without ground-station relays
  > Writing forwarding state to: gen_data/starlink_550_isls_plus_grid_ground_stations_top_100_with_hsinchu_algorithm_hierarchical_virtual_gid_27deg_k4/dynamic_state_2000ms_for_200s/fstate_110000000000.txt
  > [SIGNALING] 累計統計: 29 事件, 0 字節
[STATS-DEBUG] 開始生成統計文件... PID=1716390, TID=133789419201600
[DEBUG] output_dynamic_state_dir: gen_data/starlink_550_isls_plus_grid_ground_stations_top_100_with_hsinchu_algorithm_hierarchical_virtual_gid_27deg_k4/dynamic_state_2000ms_for_200s
[DEBUG] k_best: 4
[DEBUG] scenario_info: ''
[DEBUG] temp_dir_name: temp_grhr_k4
  > [SIGNALING] 累計統計: 31 事件, 0 字節
FORWARDING STATE AT T = 112000000000ns (= 112.0 seconds)

BASIC INFORMATION
  > Epoch.................. 2000-01-01 00:00:00.000
  > Time since epoch....... 112000000000 ns
  > Absolute time.......... 2000-01-01 00:01:52.000
  > Satellites............. 1584
  > Ground stations........ 101
  > Max. range GSL......... 1089686.4181956202m
  > Max. range ISL......... 5016591.233098428m

ISL INFORMATION
  > Total ISLs............. 3168
  > Min. ISLs/satellite.... 4
  > Max. ISLs/satellite.... 4

GSL INTERFACE INFORMATION
  > Min. GSL IFs/satellite........ 1
  > Max. GSL IFs/satellite........ 1
  > Min. GSL IFs/ground station... 1
  > Max. GSL IFs/ground_station... 1

GSL IN-RANGE INFORMATION
  > Min. satellites in range... 4
  > Max. satellites in range... 20
[MODE] SP_OVER_PID_QUOTIENT=True
  > Calculating Floyd-Warshall for graph without ground-station relays
  > Writing forwarding state to: gen_data/starlink_550_isls_plus_grid_ground_stations_top_100_with_hsinchu_algorithm_hierarchical_virtual_gid_27deg_k4/dynamic_state_2000ms_for_200s/fstate_112000000000.txt
  > [SIGNALING] 累計統計: 34 事件, 0 字節
[STATS-DEBUG] 開始生成統計文件... PID=1716390, TID=133789419201600
[DEBUG] output_dynamic_state_dir: gen_data/starlink_550_isls_plus_grid_ground_stations_top_100_with_hsinchu_algorithm_hierarchical_virtual_gid_27deg_k4/dynamic_state_2000ms_for_200s
[DEBUG] k_best: 4
[DEBUG] scenario_info: ''
[DEBUG] temp_dir_name: temp_grhr_k4
  > [SIGNALING] 累計統計: 36 事件, 0 字節
FORWARDING STATE AT T = 114000000000ns (= 114.0 seconds)

BASIC INFORMATION
  > Epoch.................. 2000-01-01 00:00:00.000
  > Time since epoch....... 114000000000 ns
  > Absolute time.......... 2000-01-01 00:01:54.000
  > Satellites............. 1584
  > Ground stations........ 101
  > Max. range GSL......... 1089686.4181956202m
  > Max. range ISL......... 5016591.233098428m

ISL INFORMATION
  > Total ISLs............. 3168
  > Min. ISLs/satellite.... 4
  > Max. ISLs/satellite.... 4

GSL INTERFACE INFORMATION
  > Min. GSL IFs/satellite........ 1
  > Max. GSL IFs/satellite........ 1
  > Min. GSL IFs/ground station... 1
  > Max. GSL IFs/ground_station... 1

GSL IN-RANGE INFORMATION
  > Min. satellites in range... 4
  > Max. satellites in range... 20
[MODE] SP_OVER_PID_QUOTIENT=True
  > Calculating Floyd-Warshall for graph without ground-station relays
  > Writing forwarding state to: gen_data/starlink_550_isls_plus_grid_ground_stations_top_100_with_hsinchu_algorithm_hierarchical_virtual_gid_27deg_k4/dynamic_state_2000ms_for_200s/fstate_114000000000.txt
  > [SIGNALING] 累計統計: 39 事件, 0 字節
[STATS-DEBUG] 開始生成統計文件... PID=1716390, TID=133789419201600
[DEBUG] output_dynamic_state_dir: gen_data/starlink_550_isls_plus_grid_ground_stations_top_100_with_hsinchu_algorithm_hierarchical_virtual_gid_27deg_k4/dynamic_state_2000ms_for_200s
[DEBUG] k_best: 4
[DEBUG] scenario_info: ''
[DEBUG] temp_dir_name: temp_grhr_k4
  > [SIGNALING] 累計統計: 41 事件, 0 字節
FORWARDING STATE AT T = 116000000000ns (= 116.0 seconds)

BASIC INFORMATION
  > Epoch.................. 2000-01-01 00:00:00.000
  > Time since epoch....... 116000000000 ns
  > Absolute time.......... 2000-01-01 00:01:56.000
  > Satellites............. 1584
  > Ground stations........ 101
  > Max. range GSL......... 1089686.4181956202m
  > Max. range ISL......... 5016591.233098428m

ISL INFORMATION
  > Total ISLs............. 3168
  > Min. ISLs/satellite.... 4
  > Max. ISLs/satellite.... 4

GSL INTERFACE INFORMATION
  > Min. GSL IFs/satellite........ 1
  > Max. GSL IFs/satellite........ 1
  > Min. GSL IFs/ground station... 1
  > Max. GSL IFs/ground_station... 1

GSL IN-RANGE INFORMATION
  > Min. satellites in range... 4
  > Max. satellites in range... 20
[MODE] SP_OVER_PID_QUOTIENT=True
  > Calculating Floyd-Warshall for graph without ground-station relays
  > Writing forwarding state to: gen_data/starlink_550_isls_plus_grid_ground_stations_top_100_with_hsinchu_algorithm_hierarchical_virtual_gid_27deg_k4/dynamic_state_2000ms_for_200s/fstate_116000000000.txt
  > [SIGNALING] 累計統計: 44 事件, 0 字節
[STATS-DEBUG] 開始生成統計文件... PID=1716390, TID=133789419201600
[DEBUG] output_dynamic_state_dir: gen_data/starlink_550_isls_plus_grid_ground_stations_top_100_with_hsinchu_algorithm_hierarchical_virtual_gid_27deg_k4/dynamic_state_2000ms_for_200s
[DEBUG] k_best: 4
[DEBUG] scenario_info: ''
[DEBUG] temp_dir_name: temp_grhr_k4
  > [SIGNALING] 累計統計: 46 事件, 0 字節
FORWARDING STATE AT T = 118000000000ns (= 118.0 seconds)

BASIC INFORMATION
  > Epoch.................. 2000-01-01 00:00:00.000
  > Time since epoch....... 118000000000 ns
  > Absolute time.......... 2000-01-01 00:01:58.000
  > Satellites............. 1584
  > Ground stations........ 101
  > Max. range GSL......... 1089686.4181956202m
  > Max. range ISL......... 5016591.233098428m

ISL INFORMATION
  > Total ISLs............. 3168
  > Min. ISLs/satellite.... 4
  > Max. ISLs/satellite.... 4

GSL INTERFACE INFORMATION
  > Min. GSL IFs/satellite........ 1
  > Max. GSL IFs/satellite........ 1
  > Min. GSL IFs/ground station... 1
  > Max. GSL IFs/ground_station... 1

GSL IN-RANGE INFORMATION
  > Min. satellites in range... 4
  > Max. satellites in range... 20
[MODE] SP_OVER_PID_QUOTIENT=True
  > Calculating Floyd-Warshall for graph without ground-station relays
  > Writing forwarding state to: gen_data/starlink_550_isls_plus_grid_ground_stations_top_100_with_hsinchu_algorithm_hierarchical_virtual_gid_27deg_k4/dynamic_state_2000ms_for_200s/fstate_118000000000.txt
  > [SIGNALING] 累計統計: 49 事件, 0 字節
[STATS-DEBUG] 開始生成統計文件... PID=1716390, TID=133789419201600
[DEBUG] output_dynamic_state_dir: gen_data/starlink_550_isls_plus_grid_ground_stations_top_100_with_hsinchu_algorithm_hierarchical_virtual_gid_27deg_k4/dynamic_state_2000ms_for_200s
[DEBUG] k_best: 4
[DEBUG] scenario_info: ''
[DEBUG] temp_dir_name: temp_grhr_k4
  > [SIGNALING] 累計統計: 51 事件, 0 字節
FORWARDING STATE AT T = 120000000000ns (= 120.0 seconds)

BASIC INFORMATION
  > Epoch.................. 2000-01-01 00:00:00.000
  > Time since epoch....... 120000000000 ns
  > Absolute time.......... 2000-01-01 00:02:00.000
  > Satellites............. 1584
  > Ground stations........ 101
  > Max. range GSL......... 1089686.4181956202m
  > Max. range ISL......... 5016591.233098428m

ISL INFORMATION
  > Total ISLs............. 3168
  > Min. ISLs/satellite.... 4
  > Max. ISLs/satellite.... 4

GSL INTERFACE INFORMATION
  > Min. GSL IFs/satellite........ 1
  > Max. GSL IFs/satellite........ 1
  > Min. GSL IFs/ground station... 1
  > Max. GSL IFs/ground_station... 1

GSL IN-RANGE INFORMATION
  > Min. satellites in range... 4
  > Max. satellites in range... 20
[MODE] SP_OVER_PID_QUOTIENT=True
  > Max. range GSL......... 1089686.4181956202m
  > Max. range ISL......... 5016591.233098428m

ISL INFORMATION
  > Total ISLs............. 3168
  > Min. ISLs/satellite.... 4
  > Max. ISLs/satellite.... 4

GSL INTERFACE INFORMATION
  > Min. GSL IFs/satellite........ 1
  > Max. GSL IFs/satellite........ 1
  > Min. GSL IFs/ground station... 1
  > Max. GSL IFs/ground_station... 1

GSL IN-RANGE INFORMATION
  > Min. satellites in range... 4
  > Max. satellites in range... 20
[MODE] SP_OVER_PID_QUOTIENT=True
  > Calculating Floyd-Warshall for graph without ground-station relays
  > Writing forwarding state to: gen_data/starlink_550_isls_plus_grid_ground_stations_top_100_with_hsinchu_algorithm_hierarchical_virtual_gid_27deg_k4/dynamic_state_2000ms_for_200s/fstate_10000000000.txt
  > [SIGNALING] 累計統計: 29 事件, 0 字節
[STATS-DEBUG] 開始生成統計文件... PID=1716388, TID=133789419201600
[DEBUG] output_dynamic_state_dir: gen_data/starlink_550_isls_plus_grid_ground_stations_top_100_with_hsinchu_algorithm_hierarchical_virtual_gid_27deg_k4/dynamic_state_2000ms_for_200s
[DEBUG] k_best: 4
[DEBUG] scenario_info: ''
[DEBUG] temp_dir_name: temp_grhr_k4
  > [SIGNALING] 累計統計: 31 事件, 0 字節
FORWARDING STATE AT T = 12000000000ns (= 12.0 seconds)

BASIC INFORMATION
  > Epoch.................. 2000-01-01 00:00:00.000
  > Time since epoch....... 12000000000 ns
  > Absolute time.......... 2000-01-01 00:00:12.000
  > Satellites............. 1584
  > Ground stations........ 101
  > Max. range GSL......... 1089686.4181956202m
  > Max. range ISL......... 5016591.233098428m

ISL INFORMATION
  > Total ISLs............. 3168
  > Min. ISLs/satellite.... 4
  > Max. ISLs/satellite.... 4

GSL INTERFACE INFORMATION
  > Min. GSL IFs/satellite........ 1
  > Max. GSL IFs/satellite........ 1
  > Min. GSL IFs/ground station... 1
  > Max. GSL IFs/ground_station... 1

GSL IN-RANGE INFORMATION
  > Min. satellites in range... 4
  > Max. satellites in range... 20
[MODE] SP_OVER_PID_QUOTIENT=True
  > Calculating Floyd-Warshall for graph without ground-station relays
  > Writing forwarding state to: gen_data/starlink_550_isls_plus_grid_ground_stations_top_100_with_hsinchu_algorithm_hierarchical_virtual_gid_27deg_k4/dynamic_state_2000ms_for_200s/fstate_12000000000.txt
  > [SIGNALING] 累計統計: 34 事件, 0 字節
[STATS-DEBUG] 開始生成統計文件... PID=1716388, TID=133789419201600
[DEBUG] output_dynamic_state_dir: gen_data/starlink_550_isls_plus_grid_ground_stations_top_100_with_hsinchu_algorithm_hierarchical_virtual_gid_27deg_k4/dynamic_state_2000ms_for_200s
[DEBUG] k_best: 4
[DEBUG] scenario_info: ''
[DEBUG] temp_dir_name: temp_grhr_k4
  > [SIGNALING] 累計統計: 36 事件, 0 字節
FORWARDING STATE AT T = 14000000000ns (= 14.0 seconds)

BASIC INFORMATION
  > Epoch.................. 2000-01-01 00:00:00.000
  > Time since epoch....... 14000000000 ns
  > Absolute time.......... 2000-01-01 00:00:14.000
  > Satellites............. 1584
  > Ground stations........ 101
  > Max. range GSL......... 1089686.4181956202m
  > Max. range ISL......... 5016591.233098428m

ISL INFORMATION
  > Total ISLs............. 3168
  > Min. ISLs/satellite.... 4
  > Max. ISLs/satellite.... 4

GSL INTERFACE INFORMATION
  > Min. GSL IFs/satellite........ 1
  > Max. GSL IFs/satellite........ 1
  > Min. GSL IFs/ground station... 1
  > Max. GSL IFs/ground_station... 1

GSL IN-RANGE INFORMATION
  > Min. satellites in range... 4
  > Max. satellites in range... 20
[MODE] SP_OVER_PID_QUOTIENT=True
  > Calculating Floyd-Warshall for graph without ground-station relays
  > Writing forwarding state to: gen_data/starlink_550_isls_plus_grid_ground_stations_top_100_with_hsinchu_algorithm_hierarchical_virtual_gid_27deg_k4/dynamic_state_2000ms_for_200s/fstate_14000000000.txt
  > [SIGNALING] 累計統計: 39 事件, 0 字節
[STATS-DEBUG] 開始生成統計文件... PID=1716388, TID=133789419201600
[DEBUG] output_dynamic_state_dir: gen_data/starlink_550_isls_plus_grid_ground_stations_top_100_with_hsinchu_algorithm_hierarchical_virtual_gid_27deg_k4/dynamic_state_2000ms_for_200s
[DEBUG] k_best: 4
[DEBUG] scenario_info: ''
[DEBUG] temp_dir_name: temp_grhr_k4
  > [SIGNALING] 累計統計: 41 事件, 0 字節
FORWARDING STATE AT T = 16000000000ns (= 16.0 seconds)

BASIC INFORMATION
  > Epoch.................. 2000-01-01 00:00:00.000
  > Time since epoch....... 16000000000 ns
  > Absolute time.......... 2000-01-01 00:00:16.000
  > Satellites............. 1584
  > Ground stations........ 101
  > Max. range GSL......... 1089686.4181956202m
  > Max. range ISL......... 5016591.233098428m

ISL INFORMATION
  > Total ISLs............. 3168
  > Min. ISLs/satellite.... 4
  > Max. ISLs/satellite.... 4

GSL INTERFACE INFORMATION
  > Min. GSL IFs/satellite........ 1
  > Max. GSL IFs/satellite........ 1
  > Min. GSL IFs/ground station... 1
  > Max. GSL IFs/ground_station... 1

GSL IN-RANGE INFORMATION
  > Min. satellites in range... 4
  > Max. satellites in range... 20
[MODE] SP_OVER_PID_QUOTIENT=True
  > Calculating Floyd-Warshall for graph without ground-station relays
  > Writing forwarding state to: gen_data/starlink_550_isls_plus_grid_ground_stations_top_100_with_hsinchu_algorithm_hierarchical_virtual_gid_27deg_k4/dynamic_state_2000ms_for_200s/fstate_16000000000.txt
  > [SIGNALING] 累計統計: 44 事件, 0 字節
[STATS-DEBUG] 開始生成統計文件... PID=1716388, TID=133789419201600
[DEBUG] output_dynamic_state_dir: gen_data/starlink_550_isls_plus_grid_ground_stations_top_100_with_hsinchu_algorithm_hierarchical_virtual_gid_27deg_k4/dynamic_state_2000ms_for_200s
[DEBUG] k_best: 4
[DEBUG] scenario_info: ''
[DEBUG] temp_dir_name: temp_grhr_k4
  > [SIGNALING] 累計統計: 46 事件, 0 字節
FORWARDING STATE AT T = 18000000000ns (= 18.0 seconds)

BASIC INFORMATION
  > Epoch.................. 2000-01-01 00:00:00.000
  > Time since epoch....... 18000000000 ns
  > Absolute time.......... 2000-01-01 00:00:18.000
  > Satellites............. 1584
  > Ground stations........ 101
  > Max. range GSL......... 1089686.4181956202m
  > Max. range ISL......... 5016591.233098428m

ISL INFORMATION
  > Total ISLs............. 3168
  > Min. ISLs/satellite.... 4
  > Max. ISLs/satellite.... 4

GSL INTERFACE INFORMATION
  > Min. GSL IFs/satellite........ 1
  > Max. GSL IFs/satellite........ 1
  > Min. GSL IFs/ground station... 1
  > Max. GSL IFs/ground_station... 1

GSL IN-RANGE INFORMATION
  > Min. satellites in range... 4
  > Max. satellites in range... 20
[MODE] SP_OVER_PID_QUOTIENT=True
  > Calculating Floyd-Warshall for graph without ground-station relays
  > Writing forwarding state to: gen_data/starlink_550_isls_plus_grid_ground_stations_top_100_with_hsinchu_algorithm_hierarchical_virtual_gid_27deg_k4/dynamic_state_2000ms_for_200s/fstate_18000000000.txt
  > [SIGNALING] 累計統計: 49 事件, 0 字節
[STATS-DEBUG] 開始生成統計文件... PID=1716388, TID=133789419201600
[DEBUG] output_dynamic_state_dir: gen_data/starlink_550_isls_plus_grid_ground_stations_top_100_with_hsinchu_algorithm_hierarchical_virtual_gid_27deg_k4/dynamic_state_2000ms_for_200s
[DEBUG] k_best: 4
[DEBUG] scenario_info: ''
[DEBUG] temp_dir_name: temp_grhr_k4
  > [SIGNALING] 累計統計: 51 事件, 0 字節
FORWARDING STATE AT T = 20000000000ns (= 20.0 seconds)

BASIC INFORMATION
  > Epoch.................. 2000-01-01 00:00:00.000
  > Time since epoch....... 20000000000 ns
  > Absolute time.......... 2000-01-01 00:00:20.000
  > Satellites............. 1584
  > Ground stations........ 101
  > Max. range GSL......... 1089686.4181956202m
  > Max. range ISL......... 5016591.233098428m

ISL INFORMATION
  > Total ISLs............. 3168
  > Min. ISLs/satellite.... 4
  > Max. ISLs/satellite.... 4

GSL INTERFACE INFORMATION
  > Min. GSL IFs/satellite........ 1
  > Max. GSL IFs/satellite........ 1
  > Min. GSL IFs/ground station... 1
  > Max. GSL IFs/ground_station... 1

GSL IN-RANGE INFORMATION
  > Min. satellites in range... 4
  > Max. satellites in range... 20
[MODE] SP_OVER_PID_QUOTIENT=True
  > Calculating Floyd-Warshall for graph without ground-station relays
  > Ground stations........ 101
  > Max. range GSL......... 1089686.4181956202m
  > Max. range ISL......... 5016591.233098428m

ISL INFORMATION
  > Total ISLs............. 3168
  > Min. ISLs/satellite.... 4
  > Max. ISLs/satellite.... 4

GSL INTERFACE INFORMATION
  > Min. GSL IFs/satellite........ 1
  > Max. GSL IFs/satellite........ 1
  > Min. GSL IFs/ground station... 1
  > Max. GSL IFs/ground_station... 1

GSL IN-RANGE INFORMATION
  > Min. satellites in range... 3
  > Max. satellites in range... 20
[MODE] SP_OVER_PID_QUOTIENT=True
  > Calculating Floyd-Warshall for graph without ground-station relays
  > Writing forwarding state to: gen_data/starlink_550_isls_plus_grid_ground_stations_top_100_with_hsinchu_algorithm_hierarchical_virtual_gid_27deg_k4/dynamic_state_2000ms_for_200s/fstate_60000000000.txt
  > [SIGNALING] 累計統計: 29 事件, 0 字節
[STATS-DEBUG] 開始生成統計文件... PID=1716389, TID=133789419201600
[DEBUG] output_dynamic_state_dir: gen_data/starlink_550_isls_plus_grid_ground_stations_top_100_with_hsinchu_algorithm_hierarchical_virtual_gid_27deg_k4/dynamic_state_2000ms_for_200s
[DEBUG] k_best: 4
[DEBUG] scenario_info: ''
[DEBUG] temp_dir_name: temp_grhr_k4
  > [SIGNALING] 累計統計: 31 事件, 0 字節
FORWARDING STATE AT T = 62000000000ns (= 62.0 seconds)

BASIC INFORMATION
  > Epoch.................. 2000-01-01 00:00:00.000
  > Time since epoch....... 62000000000 ns
  > Absolute time.......... 2000-01-01 00:01:02.000
  > Satellites............. 1584
  > Ground stations........ 101
  > Max. range GSL......... 1089686.4181956202m
  > Max. range ISL......... 5016591.233098428m

ISL INFORMATION
  > Total ISLs............. 3168
  > Min. ISLs/satellite.... 4
  > Max. ISLs/satellite.... 4

GSL INTERFACE INFORMATION
  > Min. GSL IFs/satellite........ 1
  > Max. GSL IFs/satellite........ 1
  > Min. GSL IFs/ground station... 1
  > Max. GSL IFs/ground_station... 1

GSL IN-RANGE INFORMATION
  > Min. satellites in range... 3
  > Max. satellites in range... 21
[MODE] SP_OVER_PID_QUOTIENT=True
  > Calculating Floyd-Warshall for graph without ground-station relays
  > Writing forwarding state to: gen_data/starlink_550_isls_plus_grid_ground_stations_top_100_with_hsinchu_algorithm_hierarchical_virtual_gid_27deg_k4/dynamic_state_2000ms_for_200s/fstate_62000000000.txt
  > [SIGNALING] 累計統計: 34 事件, 0 字節
[STATS-DEBUG] 開始生成統計文件... PID=1716389, TID=133789419201600
[DEBUG] output_dynamic_state_dir: gen_data/starlink_550_isls_plus_grid_ground_stations_top_100_with_hsinchu_algorithm_hierarchical_virtual_gid_27deg_k4/dynamic_state_2000ms_for_200s
[DEBUG] k_best: 4
[DEBUG] scenario_info: ''
[DEBUG] temp_dir_name: temp_grhr_k4
  > [SIGNALING] 累計統計: 36 事件, 0 字節
FORWARDING STATE AT T = 64000000000ns (= 64.0 seconds)

BASIC INFORMATION
  > Epoch.................. 2000-01-01 00:00:00.000
  > Time since epoch....... 64000000000 ns
  > Absolute time.......... 2000-01-01 00:01:04.000
  > Satellites............. 1584
  > Ground stations........ 101
  > Max. range GSL......... 1089686.4181956202m
  > Max. range ISL......... 5016591.233098428m

ISL INFORMATION
  > Total ISLs............. 3168
  > Min. ISLs/satellite.... 4
  > Max. ISLs/satellite.... 4

GSL INTERFACE INFORMATION
  > Min. GSL IFs/satellite........ 1
  > Max. GSL IFs/satellite........ 1
  > Min. GSL IFs/ground station... 1
  > Max. GSL IFs/ground_station... 1

GSL IN-RANGE INFORMATION
  > Min. satellites in range... 3
  > Max. satellites in range... 20
[MODE] SP_OVER_PID_QUOTIENT=True
  > Calculating Floyd-Warshall for graph without ground-station relays
  > Writing forwarding state to: gen_data/starlink_550_isls_plus_grid_ground_stations_top_100_with_hsinchu_algorithm_hierarchical_virtual_gid_27deg_k4/dynamic_state_2000ms_for_200s/fstate_64000000000.txt
  > [SIGNALING] 累計統計: 39 事件, 0 字節
[STATS-DEBUG] 開始生成統計文件... PID=1716389, TID=133789419201600
[DEBUG] output_dynamic_state_dir: gen_data/starlink_550_isls_plus_grid_ground_stations_top_100_with_hsinchu_algorithm_hierarchical_virtual_gid_27deg_k4/dynamic_state_2000ms_for_200s
[DEBUG] k_best: 4
[DEBUG] scenario_info: ''
[DEBUG] temp_dir_name: temp_grhr_k4
  > [SIGNALING] 累計統計: 41 事件, 0 字節
FORWARDING STATE AT T = 66000000000ns (= 66.0 seconds)

BASIC INFORMATION
  > Epoch.................. 2000-01-01 00:00:00.000
  > Time since epoch....... 66000000000 ns
  > Absolute time.......... 2000-01-01 00:01:06.000
  > Satellites............. 1584
  > Ground stations........ 101
  > Max. range GSL......... 1089686.4181956202m
  > Max. range ISL......... 5016591.233098428m

ISL INFORMATION
  > Total ISLs............. 3168
  > Min. ISLs/satellite.... 4
  > Max. ISLs/satellite.... 4

GSL INTERFACE INFORMATION
  > Min. GSL IFs/satellite........ 1
  > Max. GSL IFs/satellite........ 1
  > Min. GSL IFs/ground station... 1
  > Max. GSL IFs/ground_station... 1

GSL IN-RANGE INFORMATION
  > Min. satellites in range... 3
  > Max. satellites in range... 20
[MODE] SP_OVER_PID_QUOTIENT=True
  > Calculating Floyd-Warshall for graph without ground-station relays
  > Writing forwarding state to: gen_data/starlink_550_isls_plus_grid_ground_stations_top_100_with_hsinchu_algorithm_hierarchical_virtual_gid_27deg_k4/dynamic_state_2000ms_for_200s/fstate_66000000000.txt
  > [SIGNALING] 累計統計: 44 事件, 0 字節
[STATS-DEBUG] 開始生成統計文件... PID=1716389, TID=133789419201600
[DEBUG] output_dynamic_state_dir: gen_data/starlink_550_isls_plus_grid_ground_stations_top_100_with_hsinchu_algorithm_hierarchical_virtual_gid_27deg_k4/dynamic_state_2000ms_for_200s
[DEBUG] k_best: 4
[DEBUG] scenario_info: ''
[DEBUG] temp_dir_name: temp_grhr_k4
  > [SIGNALING] 累計統計: 46 事件, 0 字節
FORWARDING STATE AT T = 68000000000ns (= 68.0 seconds)

BASIC INFORMATION
  > Epoch.................. 2000-01-01 00:00:00.000
  > Time since epoch....... 68000000000 ns
  > Absolute time.......... 2000-01-01 00:01:08.000
  > Satellites............. 1584
  > Ground stations........ 101
  > Max. range GSL......... 1089686.4181956202m
  > Max. range ISL......... 5016591.233098428m

ISL INFORMATION
  > Total ISLs............. 3168
  > Min. ISLs/satellite.... 4
  > Max. ISLs/satellite.... 4

GSL INTERFACE INFORMATION
  > Min. GSL IFs/satellite........ 1
  > Max. GSL IFs/satellite........ 1
  > Min. GSL IFs/ground station... 1
  > Max. GSL IFs/ground_station... 1

GSL IN-RANGE INFORMATION
  > Min. satellites in range... 3
  > Max. satellites in range... 20
[MODE] SP_OVER_PID_QUOTIENT=True
  > Calculating Floyd-Warshall for graph without ground-station relays
  > Writing forwarding state to: gen_data/starlink_550_isls_plus_grid_ground_stations_top_100_with_hsinchu_algorithm_hierarchical_virtual_gid_27deg_k4/dynamic_state_2000ms_for_200s/fstate_68000000000.txt
  > [SIGNALING] 累計統計: 49 事件, 0 字節
[STATS-DEBUG] 開始生成統計文件... PID=1716389, TID=133789419201600
[DEBUG] output_dynamic_state_dir: gen_data/starlink_550_isls_plus_grid_ground_stations_top_100_with_hsinchu_algorithm_hierarchical_virtual_gid_27deg_k4/dynamic_state_2000ms_for_200s
[DEBUG] k_best: 4
[DEBUG] scenario_info: ''
[DEBUG] temp_dir_name: temp_grhr_k4
  > [SIGNALING] 累計統計: 51 事件, 0 字節
FORWARDING STATE AT T = 70000000000ns (= 70.0 seconds)

BASIC INFORMATION
  > Epoch.................. 2000-01-01 00:00:00.000
  > Time since epoch....... 70000000000 ns
  > Absolute time.......... 2000-01-01 00:01:10.000
  > Satellites............. 1584
  > Ground stations........ 101
  > Max. range GSL......... 1089686.4181956202m
  > Max. range ISL......... 5016591.233098428m

ISL INFORMATION
  > Total ISLs............. 3168
  > Min. ISLs/satellite.... 4
  > Max. ISLs/satellite.... 4

GSL INTERFACE INFORMATION
  > Min. GSL IFs/satellite........ 1
  > Max. GSL IFs/satellite........ 1
  > Min. GSL IFs/ground station... 1
  > Max. GSL IFs/ground_station... 1

GSL IN-RANGE INFORMATION
  > Min. satellites in range... 3
  > Max. satellites in range... 21
[MODE] SP_OVER_PID_QUOTIENT=True
  > Calculating Floyd-Warshall for graph without ground-station relays
  > Calculating Floyd-Warshall for graph without ground-station relays
  > Writing forwarding state to: gen_data/starlink_550_isls_plus_grid_ground_stations_top_100_with_hsinchu_algorithm_hierarchical_virtual_gid_27deg_k4/dynamic_state_2000ms_for_200s/fstate_170000000000.txt
  > [SIGNALING] 累計統計: 54 事件, 0 字節
[STATS-DEBUG] 開始生成統計文件... PID=1716391, TID=133789419201600
[DEBUG] output_dynamic_state_dir: gen_data/starlink_550_isls_plus_grid_ground_stations_top_100_with_hsinchu_algorithm_hierarchical_virtual_gid_27deg_k4/dynamic_state_2000ms_for_200s
[DEBUG] k_best: 4
[DEBUG] scenario_info: ''
[DEBUG] temp_dir_name: temp_grhr_k4
  > [SIGNALING] 累計統計: 56 事件, 0 字節
FORWARDING STATE AT T = 172000000000ns (= 172.0 seconds)

BASIC INFORMATION
  > Epoch.................. 2000-01-01 00:00:00.000
  > Time since epoch....... 172000000000 ns
  > Absolute time.......... 2000-01-01 00:02:52.000
  > Satellites............. 1584
  > Ground stations........ 101
  > Max. range GSL......... 1089686.4181956202m
  > Max. range ISL......... 5016591.233098428m

ISL INFORMATION
  > Total ISLs............. 3168
  > Min. ISLs/satellite.... 4
  > Max. ISLs/satellite.... 4

GSL INTERFACE INFORMATION
  > Min. GSL IFs/satellite........ 1
  > Max. GSL IFs/satellite........ 1
  > Min. GSL IFs/ground station... 1
  > Max. GSL IFs/ground_station... 1

GSL IN-RANGE INFORMATION
  > Min. satellites in range... 4
  > Max. satellites in range... 20
[MODE] SP_OVER_PID_QUOTIENT=True
  > Calculating Floyd-Warshall for graph without ground-station relays
  > Writing forwarding state to: gen_data/starlink_550_isls_plus_grid_ground_stations_top_100_with_hsinchu_algorithm_hierarchical_virtual_gid_27deg_k4/dynamic_state_2000ms_for_200s/fstate_172000000000.txt
  > [SIGNALING] 累計統計: 59 事件, 0 字節
[STATS-DEBUG] 開始生成統計文件... PID=1716391, TID=133789419201600
[DEBUG] output_dynamic_state_dir: gen_data/starlink_550_isls_plus_grid_ground_stations_top_100_with_hsinchu_algorithm_hierarchical_virtual_gid_27deg_k4/dynamic_state_2000ms_for_200s
[DEBUG] k_best: 4
[DEBUG] scenario_info: ''
[DEBUG] temp_dir_name: temp_grhr_k4
  > [SIGNALING] 累計統計: 61 事件, 0 字節
FORWARDING STATE AT T = 174000000000ns (= 174.0 seconds)

BASIC INFORMATION
  > Epoch.................. 2000-01-01 00:00:00.000
  > Time since epoch....... 174000000000 ns
  > Absolute time.......... 2000-01-01 00:02:54.000
  > Satellites............. 1584
  > Ground stations........ 101
  > Max. range GSL......... 1089686.4181956202m
  > Max. range ISL......... 5016591.233098428m

ISL INFORMATION
  > Total ISLs............. 3168
  > Min. ISLs/satellite.... 4
  > Max. ISLs/satellite.... 4

GSL INTERFACE INFORMATION
  > Min. GSL IFs/satellite........ 1
  > Max. GSL IFs/satellite........ 1
  > Min. GSL IFs/ground station... 1
  > Max. GSL IFs/ground_station... 1

GSL IN-RANGE INFORMATION
  > Min. satellites in range... 4
  > Max. satellites in range... 20
[MODE] SP_OVER_PID_QUOTIENT=True
  > Calculating Floyd-Warshall for graph without ground-station relays
  > Writing forwarding state to: gen_data/starlink_550_isls_plus_grid_ground_stations_top_100_with_hsinchu_algorithm_hierarchical_virtual_gid_27deg_k4/dynamic_state_2000ms_for_200s/fstate_174000000000.txt
  > [SIGNALING] 累計統計: 64 事件, 0 字節
[STATS-DEBUG] 開始生成統計文件... PID=1716391, TID=133789419201600
[DEBUG] output_dynamic_state_dir: gen_data/starlink_550_isls_plus_grid_ground_stations_top_100_with_hsinchu_algorithm_hierarchical_virtual_gid_27deg_k4/dynamic_state_2000ms_for_200s
[DEBUG] k_best: 4
[DEBUG] scenario_info: ''
[DEBUG] temp_dir_name: temp_grhr_k4
  > [SIGNALING] 累計統計: 66 事件, 0 字節
FORWARDING STATE AT T = 176000000000ns (= 176.0 seconds)

BASIC INFORMATION
  > Epoch.................. 2000-01-01 00:00:00.000
  > Time since epoch....... 176000000000 ns
  > Absolute time.......... 2000-01-01 00:02:56.000
  > Satellites............. 1584
  > Ground stations........ 101
  > Max. range GSL......... 1089686.4181956202m
  > Max. range ISL......... 5016591.233098428m

ISL INFORMATION
  > Total ISLs............. 3168
  > Min. ISLs/satellite.... 4
  > Max. ISLs/satellite.... 4

GSL INTERFACE INFORMATION
  > Min. GSL IFs/satellite........ 1
  > Max. GSL IFs/satellite........ 1
  > Min. GSL IFs/ground station... 1
  > Max. GSL IFs/ground_station... 1

GSL IN-RANGE INFORMATION
  > Min. satellites in range... 4
  > Max. satellites in range... 20
[MODE] SP_OVER_PID_QUOTIENT=True
  > Calculating Floyd-Warshall for graph without ground-station relays
  > Writing forwarding state to: gen_data/starlink_550_isls_plus_grid_ground_stations_top_100_with_hsinchu_algorithm_hierarchical_virtual_gid_27deg_k4/dynamic_state_2000ms_for_200s/fstate_176000000000.txt
  > [SIGNALING] 累計統計: 69 事件, 0 字節
[STATS-DEBUG] 開始生成統計文件... PID=1716391, TID=133789419201600
[DEBUG] output_dynamic_state_dir: gen_data/starlink_550_isls_plus_grid_ground_stations_top_100_with_hsinchu_algorithm_hierarchical_virtual_gid_27deg_k4/dynamic_state_2000ms_for_200s
[DEBUG] k_best: 4
[DEBUG] scenario_info: ''
[DEBUG] temp_dir_name: temp_grhr_k4
  > [SIGNALING] 累計統計: 71 事件, 0 字節
FORWARDING STATE AT T = 178000000000ns (= 178.0 seconds)

BASIC INFORMATION
  > Epoch.................. 2000-01-01 00:00:00.000
  > Time since epoch....... 178000000000 ns
  > Absolute time.......... 2000-01-01 00:02:58.000
  > Satellites............. 1584
  > Ground stations........ 101
  > Max. range GSL......... 1089686.4181956202m
  > Max. range ISL......... 5016591.233098428m

ISL INFORMATION
  > Total ISLs............. 3168
  > Min. ISLs/satellite.... 4
  > Max. ISLs/satellite.... 4

GSL INTERFACE INFORMATION
  > Min. GSL IFs/satellite........ 1
  > Max. GSL IFs/satellite........ 1
  > Min. GSL IFs/ground station... 1
  > Max. GSL IFs/ground_station... 1

GSL IN-RANGE INFORMATION
  > Min. satellites in range... 4
  > Max. satellites in range... 20
[MODE] SP_OVER_PID_QUOTIENT=True
  > Calculating Floyd-Warshall for graph without ground-station relays
  > Writing forwarding state to: gen_data/starlink_550_isls_plus_grid_ground_stations_top_100_with_hsinchu_algorithm_hierarchical_virtual_gid_27deg_k4/dynamic_state_2000ms_for_200s/fstate_178000000000.txt
  > [SIGNALING] 累計統計: 74 事件, 0 字節
[STATS-DEBUG] 開始生成統計文件... PID=1716391, TID=133789419201600
[DEBUG] output_dynamic_state_dir: gen_data/starlink_550_isls_plus_grid_ground_stations_top_100_with_hsinchu_algorithm_hierarchical_virtual_gid_27deg_k4/dynamic_state_2000ms_for_200s
[DEBUG] k_best: 4
[DEBUG] scenario_info: ''
[DEBUG] temp_dir_name: temp_grhr_k4
  > [SIGNALING] 累計統計: 76 事件, 0 字節
FORWARDING STATE AT T = 180000000000ns (= 180.0 seconds)

BASIC INFORMATION
  > Epoch.................. 2000-01-01 00:00:00.000
  > Time since epoch....... 180000000000 ns
  > Absolute time.......... 2000-01-01 00:03:00.000
  > Satellites............. 1584
  > Ground stations........ 101
  > Max. range GSL......... 1089686.4181956202m
  > Max. range ISL......... 5016591.233098428m

ISL INFORMATION
  > Total ISLs............. 3168
  > Min. ISLs/satellite.... 4
  > Max. ISLs/satellite.... 4

GSL INTERFACE INFORMATION
  > Min. GSL IFs/satellite........ 1
  > Max. GSL IFs/satellite........ 1
  > Min. GSL IFs/ground station... 1
  > Max. GSL IFs/ground_station... 1

GSL IN-RANGE INFORMATION
  > Min. satellites in range... 4
  > Max. satellites in range... 20
[MODE] SP_OVER_PID_QUOTIENT=True
  > Calculating Floyd-Warshall for graph without ground-station relays
  > Writing forwarding state to: gen_data/starlink_550_isls_plus_grid_ground_stations_top_100_with_hsinchu_algorithm_hierarchical_virtual_gid_27deg_k4/dynamic_state_2000ms_for_200s/fstate_180000000000.txt
  > [SIGNALING] 累計統計: 79 事件, 0 字節
[STATS-DEBUG] 開始生成統計文件... PID=1716391, TID=133789419201600
[DEBUG] output_dynamic_state_dir: gen_data/starlink_550_isls_plus_grid_ground_stations_top_100_with_hsinchu_algorithm_hierarchical_virtual_gid_27deg_k4/dynamic_state_2000ms_for_200s
[DEBUG] k_best: 4
[DEBUG] scenario_info: ''
  > Writing forwarding state to: gen_data/starlink_550_isls_plus_grid_ground_stations_top_100_with_hsinchu_algorithm_hierarchical_virtual_gid_27deg_k4/dynamic_state_2000ms_for_200s/fstate_70000000000.txt
  > [SIGNALING] 累計統計: 54 事件, 0 字節
[STATS-DEBUG] 開始生成統計文件... PID=1716389, TID=133789419201600
[DEBUG] output_dynamic_state_dir: gen_data/starlink_550_isls_plus_grid_ground_stations_top_100_with_hsinchu_algorithm_hierarchical_virtual_gid_27deg_k4/dynamic_state_2000ms_for_200s
[DEBUG] k_best: 4
[DEBUG] scenario_info: ''
[DEBUG] temp_dir_name: temp_grhr_k4
  > [SIGNALING] 累計統計: 56 事件, 0 字節
FORWARDING STATE AT T = 72000000000ns (= 72.0 seconds)

BASIC INFORMATION
  > Epoch.................. 2000-01-01 00:00:00.000
  > Time since epoch....... 72000000000 ns
  > Absolute time.......... 2000-01-01 00:01:12.000
  > Satellites............. 1584
  > Ground stations........ 101
  > Max. range GSL......... 1089686.4181956202m
  > Max. range ISL......... 5016591.233098428m

ISL INFORMATION
  > Total ISLs............. 3168
  > Min. ISLs/satellite.... 4
  > Max. ISLs/satellite.... 4

GSL INTERFACE INFORMATION
  > Min. GSL IFs/satellite........ 1
  > Max. GSL IFs/satellite........ 1
  > Min. GSL IFs/ground station... 1
  > Max. GSL IFs/ground_station... 1

GSL IN-RANGE INFORMATION
  > Min. satellites in range... 4
  > Max. satellites in range... 21
[MODE] SP_OVER_PID_QUOTIENT=True
  > Calculating Floyd-Warshall for graph without ground-station relays
  > Writing forwarding state to: gen_data/starlink_550_isls_plus_grid_ground_stations_top_100_with_hsinchu_algorithm_hierarchical_virtual_gid_27deg_k4/dynamic_state_2000ms_for_200s/fstate_72000000000.txt
  > [SIGNALING] 累計統計: 59 事件, 0 字節
[STATS-DEBUG] 開始生成統計文件... PID=1716389, TID=133789419201600
[DEBUG] output_dynamic_state_dir: gen_data/starlink_550_isls_plus_grid_ground_stations_top_100_with_hsinchu_algorithm_hierarchical_virtual_gid_27deg_k4/dynamic_state_2000ms_for_200s
[DEBUG] k_best: 4
[DEBUG] scenario_info: ''
[DEBUG] temp_dir_name: temp_grhr_k4
  > [SIGNALING] 累計統計: 61 事件, 0 字節
FORWARDING STATE AT T = 74000000000ns (= 74.0 seconds)

BASIC INFORMATION
  > Epoch.................. 2000-01-01 00:00:00.000
  > Time since epoch....... 74000000000 ns
  > Absolute time.......... 2000-01-01 00:01:14.000
  > Satellites............. 1584
  > Ground stations........ 101
  > Max. range GSL......... 1089686.4181956202m
  > Max. range ISL......... 5016591.233098428m

ISL INFORMATION
  > Total ISLs............. 3168
  > Min. ISLs/satellite.... 4
  > Max. ISLs/satellite.... 4

GSL INTERFACE INFORMATION
  > Min. GSL IFs/satellite........ 1
  > Max. GSL IFs/satellite........ 1
  > Min. GSL IFs/ground station... 1
  > Max. GSL IFs/ground_station... 1

GSL IN-RANGE INFORMATION
  > Min. satellites in range... 4
  > Max. satellites in range... 18
[MODE] SP_OVER_PID_QUOTIENT=True
  > Calculating Floyd-Warshall for graph without ground-station relays
  > Writing forwarding state to: gen_data/starlink_550_isls_plus_grid_ground_stations_top_100_with_hsinchu_algorithm_hierarchical_virtual_gid_27deg_k4/dynamic_state_2000ms_for_200s/fstate_74000000000.txt
  > [SIGNALING] 累計統計: 64 事件, 0 字節
[STATS-DEBUG] 開始生成統計文件... PID=1716389, TID=133789419201600
[DEBUG] output_dynamic_state_dir: gen_data/starlink_550_isls_plus_grid_ground_stations_top_100_with_hsinchu_algorithm_hierarchical_virtual_gid_27deg_k4/dynamic_state_2000ms_for_200s
[DEBUG] k_best: 4
[DEBUG] scenario_info: ''
[DEBUG] temp_dir_name: temp_grhr_k4
  > [SIGNALING] 累計統計: 66 事件, 0 字節
FORWARDING STATE AT T = 76000000000ns (= 76.0 seconds)

BASIC INFORMATION
  > Epoch.................. 2000-01-01 00:00:00.000
  > Time since epoch....... 76000000000 ns
  > Absolute time.......... 2000-01-01 00:01:16.000
  > Satellites............. 1584
  > Ground stations........ 101
  > Max. range GSL......... 1089686.4181956202m
  > Max. range ISL......... 5016591.233098428m

ISL INFORMATION
  > Total ISLs............. 3168
  > Min. ISLs/satellite.... 4
  > Max. ISLs/satellite.... 4

GSL INTERFACE INFORMATION
  > Min. GSL IFs/satellite........ 1
  > Max. GSL IFs/satellite........ 1
  > Min. GSL IFs/ground station... 1
  > Max. GSL IFs/ground_station... 1

GSL IN-RANGE INFORMATION
  > Min. satellites in range... 4
  > Max. satellites in range... 18
[MODE] SP_OVER_PID_QUOTIENT=True
  > Calculating Floyd-Warshall for graph without ground-station relays
  > Writing forwarding state to: gen_data/starlink_550_isls_plus_grid_ground_stations_top_100_with_hsinchu_algorithm_hierarchical_virtual_gid_27deg_k4/dynamic_state_2000ms_for_200s/fstate_76000000000.txt
  > [SIGNALING] 累計統計: 69 事件, 0 字節
[STATS-DEBUG] 開始生成統計文件... PID=1716389, TID=133789419201600
[DEBUG] output_dynamic_state_dir: gen_data/starlink_550_isls_plus_grid_ground_stations_top_100_with_hsinchu_algorithm_hierarchical_virtual_gid_27deg_k4/dynamic_state_2000ms_for_200s
[DEBUG] k_best: 4
[DEBUG] scenario_info: ''
[DEBUG] temp_dir_name: temp_grhr_k4
  > [SIGNALING] 累計統計: 71 事件, 0 字節
FORWARDING STATE AT T = 78000000000ns (= 78.0 seconds)

BASIC INFORMATION
  > Epoch.................. 2000-01-01 00:00:00.000
  > Time since epoch....... 78000000000 ns
  > Absolute time.......... 2000-01-01 00:01:18.000
  > Satellites............. 1584
  > Ground stations........ 101
  > Max. range GSL......... 1089686.4181956202m
  > Max. range ISL......... 5016591.233098428m

ISL INFORMATION
  > Total ISLs............. 3168
  > Min. ISLs/satellite.... 4
  > Max. ISLs/satellite.... 4

GSL INTERFACE INFORMATION
  > Min. GSL IFs/satellite........ 1
  > Max. GSL IFs/satellite........ 1
  > Min. GSL IFs/ground station... 1
  > Max. GSL IFs/ground_station... 1

GSL IN-RANGE INFORMATION
  > Min. satellites in range... 4
  > Max. satellites in range... 18
[MODE] SP_OVER_PID_QUOTIENT=True
  > Calculating Floyd-Warshall for graph without ground-station relays
  > Writing forwarding state to: gen_data/starlink_550_isls_plus_grid_ground_stations_top_100_with_hsinchu_algorithm_hierarchical_virtual_gid_27deg_k4/dynamic_state_2000ms_for_200s/fstate_78000000000.txt
  > [SIGNALING] 累計統計: 74 事件, 0 字節
[STATS-DEBUG] 開始生成統計文件... PID=1716389, TID=133789419201600
[DEBUG] output_dynamic_state_dir: gen_data/starlink_550_isls_plus_grid_ground_stations_top_100_with_hsinchu_algorithm_hierarchical_virtual_gid_27deg_k4/dynamic_state_2000ms_for_200s
[DEBUG] k_best: 4
[DEBUG] scenario_info: ''
[DEBUG] temp_dir_name: temp_grhr_k4
  > [SIGNALING] 累計統計: 76 事件, 0 字節
FORWARDING STATE AT T = 80000000000ns (= 80.0 seconds)

BASIC INFORMATION
  > Epoch.................. 2000-01-01 00:00:00.000
  > Time since epoch....... 80000000000 ns
  > Absolute time.......... 2000-01-01 00:01:20.000
  > Satellites............. 1584
  > Ground stations........ 101
  > Max. range GSL......... 1089686.4181956202m
  > Max. range ISL......... 5016591.233098428m

ISL INFORMATION
  > Total ISLs............. 3168
  > Min. ISLs/satellite.... 4
  > Max. ISLs/satellite.... 4

GSL INTERFACE INFORMATION
  > Min. GSL IFs/satellite........ 1
  > Max. GSL IFs/satellite........ 1
  > Min. GSL IFs/ground station... 1
  > Max. GSL IFs/ground_station... 1

GSL IN-RANGE INFORMATION
  > Min. satellites in range... 4
  > Max. satellites in range... 18
[MODE] SP_OVER_PID_QUOTIENT=True
  > Calculating Floyd-Warshall for graph without ground-station relays
  > Writing forwarding state to: gen_data/starlink_550_isls_plus_grid_ground_stations_top_100_with_hsinchu_algorithm_hierarchical_virtual_gid_27deg_k4/dynamic_state_2000ms_for_200s/fstate_80000000000.txt
  > [SIGNALING] 累計統計: 79 事件, 0 字節
[STATS-DEBUG] 開始生成統計文件... PID=1716389, TID=133789419201600
[DEBUG] output_dynamic_state_dir: gen_data/starlink_550_isls_plus_grid_ground_stations_top_100_with_hsinchu_algorithm_hierarchical_virtual_gid_27deg_k4/dynamic_state_2000ms_for_200s
[DEBUG] k_best: 4
[DEBUG] scenario_info: ''
[DEBUG] temp_dir_name: temp_grhr_k4
  > [SIGNALING] 累計統計: 81 事件, 0 字節
  > Calculating Floyd-Warshall for graph without ground-station relays
  > Writing forwarding state to: gen_data/starlink_550_isls_plus_grid_ground_stations_top_100_with_hsinchu_algorithm_hierarchical_virtual_gid_27deg_k4/dynamic_state_2000ms_for_200s/fstate_120000000000.txt
  > [SIGNALING] 累計統計: 54 事件, 0 字節
[STATS-DEBUG] 開始生成統計文件... PID=1716390, TID=133789419201600
[DEBUG] output_dynamic_state_dir: gen_data/starlink_550_isls_plus_grid_ground_stations_top_100_with_hsinchu_algorithm_hierarchical_virtual_gid_27deg_k4/dynamic_state_2000ms_for_200s
[DEBUG] k_best: 4
[DEBUG] scenario_info: ''
[DEBUG] temp_dir_name: temp_grhr_k4
  > [SIGNALING] 累計統計: 56 事件, 0 字節
FORWARDING STATE AT T = 122000000000ns (= 122.0 seconds)

BASIC INFORMATION
  > Epoch.................. 2000-01-01 00:00:00.000
  > Time since epoch....... 122000000000 ns
  > Absolute time.......... 2000-01-01 00:02:02.000
  > Satellites............. 1584
  > Ground stations........ 101
  > Max. range GSL......... 1089686.4181956202m
  > Max. range ISL......... 5016591.233098428m

ISL INFORMATION
  > Total ISLs............. 3168
  > Min. ISLs/satellite.... 4
  > Max. ISLs/satellite.... 4

GSL INTERFACE INFORMATION
  > Min. GSL IFs/satellite........ 1
  > Max. GSL IFs/satellite........ 1
  > Min. GSL IFs/ground station... 1
  > Max. GSL IFs/ground_station... 1

GSL IN-RANGE INFORMATION
  > Min. satellites in range... 4
  > Max. satellites in range... 20
[MODE] SP_OVER_PID_QUOTIENT=True
  > Calculating Floyd-Warshall for graph without ground-station relays
  > Writing forwarding state to: gen_data/starlink_550_isls_plus_grid_ground_stations_top_100_with_hsinchu_algorithm_hierarchical_virtual_gid_27deg_k4/dynamic_state_2000ms_for_200s/fstate_122000000000.txt
  > [SIGNALING] 累計統計: 59 事件, 0 字節
[STATS-DEBUG] 開始生成統計文件... PID=1716390, TID=133789419201600
[DEBUG] output_dynamic_state_dir: gen_data/starlink_550_isls_plus_grid_ground_stations_top_100_with_hsinchu_algorithm_hierarchical_virtual_gid_27deg_k4/dynamic_state_2000ms_for_200s
[DEBUG] k_best: 4
[DEBUG] scenario_info: ''
[DEBUG] temp_dir_name: temp_grhr_k4
  > [SIGNALING] 累計統計: 61 事件, 0 字節
FORWARDING STATE AT T = 124000000000ns (= 124.0 seconds)

BASIC INFORMATION
  > Epoch.................. 2000-01-01 00:00:00.000
  > Time since epoch....... 124000000000 ns
  > Absolute time.......... 2000-01-01 00:02:04.000
  > Satellites............. 1584
  > Ground stations........ 101
  > Max. range GSL......... 1089686.4181956202m
  > Max. range ISL......... 5016591.233098428m

ISL INFORMATION
  > Total ISLs............. 3168
  > Min. ISLs/satellite.... 4
  > Max. ISLs/satellite.... 4

GSL INTERFACE INFORMATION
  > Min. GSL IFs/satellite........ 1
  > Max. GSL IFs/satellite........ 1
  > Min. GSL IFs/ground station... 1
  > Max. GSL IFs/ground_station... 1

GSL IN-RANGE INFORMATION
  > Min. satellites in range... 4
  > Max. satellites in range... 20
[MODE] SP_OVER_PID_QUOTIENT=True
  > Calculating Floyd-Warshall for graph without ground-station relays
  > Writing forwarding state to: gen_data/starlink_550_isls_plus_grid_ground_stations_top_100_with_hsinchu_algorithm_hierarchical_virtual_gid_27deg_k4/dynamic_state_2000ms_for_200s/fstate_124000000000.txt
  > [SIGNALING] 累計統計: 64 事件, 0 字節
[STATS-DEBUG] 開始生成統計文件... PID=1716390, TID=133789419201600
[DEBUG] output_dynamic_state_dir: gen_data/starlink_550_isls_plus_grid_ground_stations_top_100_with_hsinchu_algorithm_hierarchical_virtual_gid_27deg_k4/dynamic_state_2000ms_for_200s
[DEBUG] k_best: 4
[DEBUG] scenario_info: ''
[DEBUG] temp_dir_name: temp_grhr_k4
  > [SIGNALING] 累計統計: 66 事件, 0 字節
FORWARDING STATE AT T = 126000000000ns (= 126.0 seconds)

BASIC INFORMATION
  > Epoch.................. 2000-01-01 00:00:00.000
  > Time since epoch....... 126000000000 ns
  > Absolute time.......... 2000-01-01 00:02:06.000
  > Satellites............. 1584
  > Ground stations........ 101
  > Max. range GSL......... 1089686.4181956202m
  > Max. range ISL......... 5016591.233098428m

ISL INFORMATION
  > Total ISLs............. 3168
  > Min. ISLs/satellite.... 4
  > Max. ISLs/satellite.... 4

GSL INTERFACE INFORMATION
  > Min. GSL IFs/satellite........ 1
  > Max. GSL IFs/satellite........ 1
  > Min. GSL IFs/ground station... 1
  > Max. GSL IFs/ground_station... 1

GSL IN-RANGE INFORMATION
  > Min. satellites in range... 3
  > Max. satellites in range... 20
[MODE] SP_OVER_PID_QUOTIENT=True
  > Calculating Floyd-Warshall for graph without ground-station relays
  > Writing forwarding state to: gen_data/starlink_550_isls_plus_grid_ground_stations_top_100_with_hsinchu_algorithm_hierarchical_virtual_gid_27deg_k4/dynamic_state_2000ms_for_200s/fstate_126000000000.txt
  > [SIGNALING] 累計統計: 69 事件, 0 字節
[STATS-DEBUG] 開始生成統計文件... PID=1716390, TID=133789419201600
[DEBUG] output_dynamic_state_dir: gen_data/starlink_550_isls_plus_grid_ground_stations_top_100_with_hsinchu_algorithm_hierarchical_virtual_gid_27deg_k4/dynamic_state_2000ms_for_200s
[DEBUG] k_best: 4
[DEBUG] scenario_info: ''
[DEBUG] temp_dir_name: temp_grhr_k4
  > [SIGNALING] 累計統計: 71 事件, 0 字節
FORWARDING STATE AT T = 128000000000ns (= 128.0 seconds)

BASIC INFORMATION
  > Epoch.................. 2000-01-01 00:00:00.000
  > Time since epoch....... 128000000000 ns
  > Absolute time.......... 2000-01-01 00:02:08.000
  > Satellites............. 1584
  > Ground stations........ 101
  > Max. range GSL......... 1089686.4181956202m
  > Max. range ISL......... 5016591.233098428m

ISL INFORMATION
  > Total ISLs............. 3168
  > Min. ISLs/satellite.... 4
  > Max. ISLs/satellite.... 4

GSL INTERFACE INFORMATION
  > Min. GSL IFs/satellite........ 1
  > Max. GSL IFs/satellite........ 1
  > Min. GSL IFs/ground station... 1
  > Max. GSL IFs/ground_station... 1

GSL IN-RANGE INFORMATION
  > Min. satellites in range... 3
  > Max. satellites in range... 20
[MODE] SP_OVER_PID_QUOTIENT=True
  > Calculating Floyd-Warshall for graph without ground-station relays
  > Writing forwarding state to: gen_data/starlink_550_isls_plus_grid_ground_stations_top_100_with_hsinchu_algorithm_hierarchical_virtual_gid_27deg_k4/dynamic_state_2000ms_for_200s/fstate_128000000000.txt
  > [SIGNALING] 累計統計: 74 事件, 0 字節
[STATS-DEBUG] 開始生成統計文件... PID=1716390, TID=133789419201600
[DEBUG] output_dynamic_state_dir: gen_data/starlink_550_isls_plus_grid_ground_stations_top_100_with_hsinchu_algorithm_hierarchical_virtual_gid_27deg_k4/dynamic_state_2000ms_for_200s
[DEBUG] k_best: 4
[DEBUG] scenario_info: ''
[DEBUG] temp_dir_name: temp_grhr_k4
  > [SIGNALING] 累計統計: 76 事件, 0 字節
FORWARDING STATE AT T = 130000000000ns (= 130.0 seconds)

BASIC INFORMATION
  > Epoch.................. 2000-01-01 00:00:00.000
  > Time since epoch....... 130000000000 ns
  > Absolute time.......... 2000-01-01 00:02:10.000
  > Satellites............. 1584
  > Ground stations........ 101
  > Max. range GSL......... 1089686.4181956202m
  > Max. range ISL......... 5016591.233098428m

ISL INFORMATION
  > Total ISLs............. 3168
  > Min. ISLs/satellite.... 4
  > Max. ISLs/satellite.... 4

GSL INTERFACE INFORMATION
  > Min. GSL IFs/satellite........ 1
  > Max. GSL IFs/satellite........ 1
  > Min. GSL IFs/ground station... 1
  > Max. GSL IFs/ground_station... 1

GSL IN-RANGE INFORMATION
  > Min. satellites in range... 3
  > Max. satellites in range... 20
[MODE] SP_OVER_PID_QUOTIENT=True
  > Calculating Floyd-Warshall for graph without ground-station relays
  > Writing forwarding state to: gen_data/starlink_550_isls_plus_grid_ground_stations_top_100_with_hsinchu_algorithm_hierarchical_virtual_gid_27deg_k4/dynamic_state_2000ms_for_200s/fstate_130000000000.txt
  > [SIGNALING] 累計統計: 79 事件, 0 字節
[STATS-DEBUG] 開始生成統計文件... PID=1716390, TID=133789419201600
[DEBUG] output_dynamic_state_dir: gen_data/starlink_550_isls_plus_grid_ground_stations_top_100_with_hsinchu_algorithm_hierarchical_virtual_gid_27deg_k4/dynamic_state_2000ms_for_200s
[DEBUG] k_best: 4
[DEBUG] scenario_info: ''
  > Writing forwarding state to: gen_data/starlink_550_isls_plus_grid_ground_stations_top_100_with_hsinchu_algorithm_hierarchical_virtual_gid_27deg_k4/dynamic_state_2000ms_for_200s/fstate_20000000000.txt
  > [SIGNALING] 累計統計: 54 事件, 0 字節
[STATS-DEBUG] 開始生成統計文件... PID=1716388, TID=133789419201600
[DEBUG] output_dynamic_state_dir: gen_data/starlink_550_isls_plus_grid_ground_stations_top_100_with_hsinchu_algorithm_hierarchical_virtual_gid_27deg_k4/dynamic_state_2000ms_for_200s
[DEBUG] k_best: 4
[DEBUG] scenario_info: ''
[DEBUG] temp_dir_name: temp_grhr_k4
  > [SIGNALING] 累計統計: 56 事件, 0 字節
FORWARDING STATE AT T = 22000000000ns (= 22.0 seconds)

BASIC INFORMATION
  > Epoch.................. 2000-01-01 00:00:00.000
  > Time since epoch....... 22000000000 ns
  > Absolute time.......... 2000-01-01 00:00:22.000
  > Satellites............. 1584
  > Ground stations........ 101
  > Max. range GSL......... 1089686.4181956202m
  > Max. range ISL......... 5016591.233098428m

ISL INFORMATION
  > Total ISLs............. 3168
  > Min. ISLs/satellite.... 4
  > Max. ISLs/satellite.... 4

GSL INTERFACE INFORMATION
  > Min. GSL IFs/satellite........ 1
  > Max. GSL IFs/satellite........ 1
  > Min. GSL IFs/ground station... 1
  > Max. GSL IFs/ground_station... 1

GSL IN-RANGE INFORMATION
  > Min. satellites in range... 4
  > Max. satellites in range... 20
[MODE] SP_OVER_PID_QUOTIENT=True
  > Calculating Floyd-Warshall for graph without ground-station relays
  > Writing forwarding state to: gen_data/starlink_550_isls_plus_grid_ground_stations_top_100_with_hsinchu_algorithm_hierarchical_virtual_gid_27deg_k4/dynamic_state_2000ms_for_200s/fstate_22000000000.txt
  > [SIGNALING] 累計統計: 59 事件, 0 字節
[STATS-DEBUG] 開始生成統計文件... PID=1716388, TID=133789419201600
[DEBUG] output_dynamic_state_dir: gen_data/starlink_550_isls_plus_grid_ground_stations_top_100_with_hsinchu_algorithm_hierarchical_virtual_gid_27deg_k4/dynamic_state_2000ms_for_200s
[DEBUG] k_best: 4
[DEBUG] scenario_info: ''
[DEBUG] temp_dir_name: temp_grhr_k4
  > [SIGNALING] 累計統計: 61 事件, 0 字節
FORWARDING STATE AT T = 24000000000ns (= 24.0 seconds)

BASIC INFORMATION
  > Epoch.................. 2000-01-01 00:00:00.000
  > Time since epoch....... 24000000000 ns
  > Absolute time.......... 2000-01-01 00:00:24.000
  > Satellites............. 1584
  > Ground stations........ 101
  > Max. range GSL......... 1089686.4181956202m
  > Max. range ISL......... 5016591.233098428m

ISL INFORMATION
  > Total ISLs............. 3168
  > Min. ISLs/satellite.... 4
  > Max. ISLs/satellite.... 4

GSL INTERFACE INFORMATION
  > Min. GSL IFs/satellite........ 1
  > Max. GSL IFs/satellite........ 1
  > Min. GSL IFs/ground station... 1
  > Max. GSL IFs/ground_station... 1

GSL IN-RANGE INFORMATION
  > Min. satellites in range... 4
  > Max. satellites in range... 19
[MODE] SP_OVER_PID_QUOTIENT=True
  > Calculating Floyd-Warshall for graph without ground-station relays
  > Writing forwarding state to: gen_data/starlink_550_isls_plus_grid_ground_stations_top_100_with_hsinchu_algorithm_hierarchical_virtual_gid_27deg_k4/dynamic_state_2000ms_for_200s/fstate_24000000000.txt
  > [SIGNALING] 累計統計: 64 事件, 0 字節
[STATS-DEBUG] 開始生成統計文件... PID=1716388, TID=133789419201600
[DEBUG] output_dynamic_state_dir: gen_data/starlink_550_isls_plus_grid_ground_stations_top_100_with_hsinchu_algorithm_hierarchical_virtual_gid_27deg_k4/dynamic_state_2000ms_for_200s
[DEBUG] k_best: 4
[DEBUG] scenario_info: ''
[DEBUG] temp_dir_name: temp_grhr_k4
  > [SIGNALING] 累計統計: 66 事件, 0 字節
FORWARDING STATE AT T = 26000000000ns (= 26.0 seconds)

BASIC INFORMATION
  > Epoch.................. 2000-01-01 00:00:00.000
  > Time since epoch....... 26000000000 ns
  > Absolute time.......... 2000-01-01 00:00:26.000
  > Satellites............. 1584
  > Ground stations........ 101
  > Max. range GSL......... 1089686.4181956202m
  > Max. range ISL......... 5016591.233098428m

ISL INFORMATION
  > Total ISLs............. 3168
  > Min. ISLs/satellite.... 4
  > Max. ISLs/satellite.... 4

GSL INTERFACE INFORMATION
  > Min. GSL IFs/satellite........ 1
  > Max. GSL IFs/satellite........ 1
  > Min. GSL IFs/ground station... 1
  > Max. GSL IFs/ground_station... 1

GSL IN-RANGE INFORMATION
  > Min. satellites in range... 4
  > Max. satellites in range... 19
[MODE] SP_OVER_PID_QUOTIENT=True
  > Calculating Floyd-Warshall for graph without ground-station relays
  > Writing forwarding state to: gen_data/starlink_550_isls_plus_grid_ground_stations_top_100_with_hsinchu_algorithm_hierarchical_virtual_gid_27deg_k4/dynamic_state_2000ms_for_200s/fstate_26000000000.txt
  > [SIGNALING] 累計統計: 69 事件, 0 字節
[STATS-DEBUG] 開始生成統計文件... PID=1716388, TID=133789419201600
[DEBUG] output_dynamic_state_dir: gen_data/starlink_550_isls_plus_grid_ground_stations_top_100_with_hsinchu_algorithm_hierarchical_virtual_gid_27deg_k4/dynamic_state_2000ms_for_200s
[DEBUG] k_best: 4
[DEBUG] scenario_info: ''
[DEBUG] temp_dir_name: temp_grhr_k4
  > [SIGNALING] 累計統計: 71 事件, 0 字節
FORWARDING STATE AT T = 28000000000ns (= 28.0 seconds)

BASIC INFORMATION
  > Epoch.................. 2000-01-01 00:00:00.000
  > Time since epoch....... 28000000000 ns
  > Absolute time.......... 2000-01-01 00:00:28.000
  > Satellites............. 1584
  > Ground stations........ 101
  > Max. range GSL......... 1089686.4181956202m
  > Max. range ISL......... 5016591.233098428m

ISL INFORMATION
  > Total ISLs............. 3168
  > Min. ISLs/satellite.... 4
  > Max. ISLs/satellite.... 4

GSL INTERFACE INFORMATION
  > Min. GSL IFs/satellite........ 1
  > Max. GSL IFs/satellite........ 1
  > Min. GSL IFs/ground station... 1
  > Max. GSL IFs/ground_station... 1

GSL IN-RANGE INFORMATION
  > Min. satellites in range... 4
  > Max. satellites in range... 19
[MODE] SP_OVER_PID_QUOTIENT=True
  > Calculating Floyd-Warshall for graph without ground-station relays
  > Writing forwarding state to: gen_data/starlink_550_isls_plus_grid_ground_stations_top_100_with_hsinchu_algorithm_hierarchical_virtual_gid_27deg_k4/dynamic_state_2000ms_for_200s/fstate_28000000000.txt
  > [SIGNALING] 累計統計: 74 事件, 0 字節
[STATS-DEBUG] 開始生成統計文件... PID=1716388, TID=133789419201600
[DEBUG] output_dynamic_state_dir: gen_data/starlink_550_isls_plus_grid_ground_stations_top_100_with_hsinchu_algorithm_hierarchical_virtual_gid_27deg_k4/dynamic_state_2000ms_for_200s
[DEBUG] k_best: 4
[DEBUG] scenario_info: ''
[DEBUG] temp_dir_name: temp_grhr_k4
  > [SIGNALING] 累計統計: 76 事件, 0 字節
FORWARDING STATE AT T = 30000000000ns (= 30.0 seconds)

BASIC INFORMATION
  > Epoch.................. 2000-01-01 00:00:00.000
  > Time since epoch....... 30000000000 ns
  > Absolute time.......... 2000-01-01 00:00:30.000
  > Satellites............. 1584
  > Ground stations........ 101
  > Max. range GSL......... 1089686.4181956202m
  > Max. range ISL......... 5016591.233098428m

ISL INFORMATION
  > Total ISLs............. 3168
  > Min. ISLs/satellite.... 4
  > Max. ISLs/satellite.... 4

GSL INTERFACE INFORMATION
  > Min. GSL IFs/satellite........ 1
  > Max. GSL IFs/satellite........ 1
  > Min. GSL IFs/ground station... 1
  > Max. GSL IFs/ground_station... 1

GSL IN-RANGE INFORMATION
  > Min. satellites in range... 4
  > Max. satellites in range... 19
[MODE] SP_OVER_PID_QUOTIENT=True
  > Calculating Floyd-Warshall for graph without ground-station relays
  > Writing forwarding state to: gen_data/starlink_550_isls_plus_grid_ground_stations_top_100_with_hsinchu_algorithm_hierarchical_virtual_gid_27deg_k4/dynamic_state_2000ms_for_200s/fstate_30000000000.txt
  > [SIGNALING] 累計統計: 79 事件, 0 字節
[STATS-DEBUG] 開始生成統計文件... PID=1716388, TID=133789419201600
[DEBUG] output_dynamic_state_dir: gen_data/starlink_550_isls_plus_grid_ground_stations_top_100_with_hsinchu_algorithm_hierarchical_virtual_gid_27deg_k4/dynamic_state_2000ms_for_200s
[DEBUG] k_best: 4
[DEBUG] scenario_info: ''
[DEBUG] temp_dir_name: temp_grhr_k4
  > [SIGNALING] 累計統計: 81 事件, 0 字節
[DEBUG] temp_dir_name: temp_grhr_k4
  > [SIGNALING] 累計統計: 81 事件, 0 字節
FORWARDING STATE AT T = 182000000000ns (= 182.0 seconds)

BASIC INFORMATION
  > Epoch.................. 2000-01-01 00:00:00.000
  > Time since epoch....... 182000000000 ns
  > Absolute time.......... 2000-01-01 00:03:02.000
  > Satellites............. 1584
  > Ground stations........ 101
  > Max. range GSL......... 1089686.4181956202m
  > Max. range ISL......... 5016591.233098428m

ISL INFORMATION
  > Total ISLs............. 3168
  > Min. ISLs/satellite.... 4
  > Max. ISLs/satellite.... 4

GSL INTERFACE INFORMATION
  > Min. GSL IFs/satellite........ 1
  > Max. GSL IFs/satellite........ 1
  > Min. GSL IFs/ground station... 1
  > Max. GSL IFs/ground_station... 1

GSL IN-RANGE INFORMATION
  > Min. satellites in range... 4
  > Max. satellites in range... 20
[MODE] SP_OVER_PID_QUOTIENT=True
  > Calculating Floyd-Warshall for graph without ground-station relays
  > Writing forwarding state to: gen_data/starlink_550_isls_plus_grid_ground_stations_top_100_with_hsinchu_algorithm_hierarchical_virtual_gid_27deg_k4/dynamic_state_2000ms_for_200s/fstate_182000000000.txt
  > [SIGNALING] 累計統計: 84 事件, 0 字節
[STATS-DEBUG] 開始生成統計文件... PID=1716391, TID=133789419201600
[DEBUG] output_dynamic_state_dir: gen_data/starlink_550_isls_plus_grid_ground_stations_top_100_with_hsinchu_algorithm_hierarchical_virtual_gid_27deg_k4/dynamic_state_2000ms_for_200s
[DEBUG] k_best: 4
[DEBUG] scenario_info: ''
[DEBUG] temp_dir_name: temp_grhr_k4
  > [SIGNALING] 累計統計: 86 事件, 0 字節
FORWARDING STATE AT T = 184000000000ns (= 184.0 seconds)

BASIC INFORMATION
  > Epoch.................. 2000-01-01 00:00:00.000
  > Time since epoch....... 184000000000 ns
  > Absolute time.......... 2000-01-01 00:03:04.000
  > Satellites............. 1584
  > Ground stations........ 101
  > Max. range GSL......... 1089686.4181956202m
  > Max. range ISL......... 5016591.233098428m

ISL INFORMATION
  > Total ISLs............. 3168
  > Min. ISLs/satellite.... 4
  > Max. ISLs/satellite.... 4

GSL INTERFACE INFORMATION
  > Min. GSL IFs/satellite........ 1
  > Max. GSL IFs/satellite........ 1
  > Min. GSL IFs/ground station... 1
  > Max. GSL IFs/ground_station... 1

GSL IN-RANGE INFORMATION
  > Min. satellites in range... 4
  > Max. satellites in range... 20
[MODE] SP_OVER_PID_QUOTIENT=True
  > Calculating Floyd-Warshall for graph without ground-station relays
  > Writing forwarding state to: gen_data/starlink_550_isls_plus_grid_ground_stations_top_100_with_hsinchu_algorithm_hierarchical_virtual_gid_27deg_k4/dynamic_state_2000ms_for_200s/fstate_184000000000.txt
  > [SIGNALING] 累計統計: 89 事件, 0 字節
[STATS-DEBUG] 開始生成統計文件... PID=1716391, TID=133789419201600
[DEBUG] output_dynamic_state_dir: gen_data/starlink_550_isls_plus_grid_ground_stations_top_100_with_hsinchu_algorithm_hierarchical_virtual_gid_27deg_k4/dynamic_state_2000ms_for_200s
[DEBUG] k_best: 4
[DEBUG] scenario_info: ''
[DEBUG] temp_dir_name: temp_grhr_k4
  > [SIGNALING] 累計統計: 91 事件, 0 字節
FORWARDING STATE AT T = 186000000000ns (= 186.0 seconds)

BASIC INFORMATION
  > Epoch.................. 2000-01-01 00:00:00.000
  > Time since epoch....... 186000000000 ns
  > Absolute time.......... 2000-01-01 00:03:06.000
  > Satellites............. 1584
  > Ground stations........ 101
  > Max. range GSL......... 1089686.4181956202m
  > Max. range ISL......... 5016591.233098428m

ISL INFORMATION
  > Total ISLs............. 3168
  > Min. ISLs/satellite.... 4
  > Max. ISLs/satellite.... 4

GSL INTERFACE INFORMATION
  > Min. GSL IFs/satellite........ 1
  > Max. GSL IFs/satellite........ 1
  > Min. GSL IFs/ground station... 1
  > Max. GSL IFs/ground_station... 1

GSL IN-RANGE INFORMATION
  > Min. satellites in range... 4
  > Max. satellites in range... 20
[MODE] SP_OVER_PID_QUOTIENT=True
  > Calculating Floyd-Warshall for graph without ground-station relays
  > Writing forwarding state to: gen_data/starlink_550_isls_plus_grid_ground_stations_top_100_with_hsinchu_algorithm_hierarchical_virtual_gid_27deg_k4/dynamic_state_2000ms_for_200s/fstate_186000000000.txt
  > [SIGNALING] 累計統計: 94 事件, 0 字節
[STATS-DEBUG] 開始生成統計文件... PID=1716391, TID=133789419201600
[DEBUG] output_dynamic_state_dir: gen_data/starlink_550_isls_plus_grid_ground_stations_top_100_with_hsinchu_algorithm_hierarchical_virtual_gid_27deg_k4/dynamic_state_2000ms_for_200s
[DEBUG] k_best: 4
[DEBUG] scenario_info: ''
[DEBUG] temp_dir_name: temp_grhr_k4
  > [SIGNALING] 累計統計: 96 事件, 0 字節
FORWARDING STATE AT T = 188000000000ns (= 188.0 seconds)

BASIC INFORMATION
  > Epoch.................. 2000-01-01 00:00:00.000
  > Time since epoch....... 188000000000 ns
  > Absolute time.......... 2000-01-01 00:03:08.000
  > Satellites............. 1584
  > Ground stations........ 101
  > Max. range GSL......... 1089686.4181956202m
  > Max. range ISL......... 5016591.233098428m

ISL INFORMATION
  > Total ISLs............. 3168
  > Min. ISLs/satellite.... 4
  > Max. ISLs/satellite.... 4

GSL INTERFACE INFORMATION
  > Min. GSL IFs/satellite........ 1
  > Max. GSL IFs/satellite........ 1
  > Min. GSL IFs/ground station... 1
  > Max. GSL IFs/ground_station... 1

GSL IN-RANGE INFORMATION
  > Min. satellites in range... 4
  > Max. satellites in range... 20
[MODE] SP_OVER_PID_QUOTIENT=True
  > Calculating Floyd-Warshall for graph without ground-station relays
  > Writing forwarding state to: gen_data/starlink_550_isls_plus_grid_ground_stations_top_100_with_hsinchu_algorithm_hierarchical_virtual_gid_27deg_k4/dynamic_state_2000ms_for_200s/fstate_188000000000.txt
  > [SIGNALING] 累計統計: 99 事件, 0 字節
[STATS-DEBUG] 開始生成統計文件... PID=1716391, TID=133789419201600
[DEBUG] output_dynamic_state_dir: gen_data/starlink_550_isls_plus_grid_ground_stations_top_100_with_hsinchu_algorithm_hierarchical_virtual_gid_27deg_k4/dynamic_state_2000ms_for_200s
[DEBUG] k_best: 4
[DEBUG] scenario_info: ''
[DEBUG] temp_dir_name: temp_grhr_k4
  > [SIGNALING] 累計統計: 101 事件, 0 字節
FORWARDING STATE AT T = 190000000000ns (= 190.0 seconds)

BASIC INFORMATION
  > Epoch.................. 2000-01-01 00:00:00.000
  > Time since epoch....... 190000000000 ns
  > Absolute time.......... 2000-01-01 00:03:10.000
  > Satellites............. 1584
  > Ground stations........ 101
  > Max. range GSL......... 1089686.4181956202m
  > Max. range ISL......... 5016591.233098428m

ISL INFORMATION
  > Total ISLs............. 3168
  > Min. ISLs/satellite.... 4
  > Max. ISLs/satellite.... 4

GSL INTERFACE INFORMATION
  > Min. GSL IFs/satellite........ 1
  > Max. GSL IFs/satellite........ 1
  > Min. GSL IFs/ground station... 1
  > Max. GSL IFs/ground_station... 1

GSL IN-RANGE INFORMATION
  > Min. satellites in range... 4
  > Max. satellites in range... 20
[MODE] SP_OVER_PID_QUOTIENT=True
  > Calculating Floyd-Warshall for graph without ground-station relays
  > Writing forwarding state to: gen_data/starlink_550_isls_plus_grid_ground_stations_top_100_with_hsinchu_algorithm_hierarchical_virtual_gid_27deg_k4/dynamic_state_2000ms_for_200s/fstate_190000000000.txt
  > [SIGNALING] 累計統計: 104 事件, 0 字節
[STATS-DEBUG] 開始生成統計文件... PID=1716391, TID=133789419201600
[DEBUG] output_dynamic_state_dir: gen_data/starlink_550_isls_plus_grid_ground_stations_top_100_with_hsinchu_algorithm_hierarchical_virtual_gid_27deg_k4/dynamic_state_2000ms_for_200s
[DEBUG] k_best: 4
[DEBUG] scenario_info: ''
[DEBUG] temp_dir_name: temp_grhr_k4
  > [SIGNALING] 累計統計: 106 事件, 0 字節
FORWARDING STATE AT T = 192000000000ns (= 192.0 seconds)

BASIC INFORMATION
  > Epoch.................. 2000-01-01 00:00:00.000
  > Time since epoch....... 192000000000 ns
  > Absolute time.......... 2000-01-01 00:03:12.000
  > Satellites............. 1584
  > Ground stations........ 101
  > Max. range GSL......... 1089686.4181956202m
  > Max. range ISL......... 5016591.233098428m

ISL INFORMATION
  > Total ISLs............. 3168
  > Min. ISLs/satellite.... 4
  > Max. ISLs/satellite.... 4

GSL INTERFACE INFORMATION
FORWARDING STATE AT T = 82000000000ns (= 82.0 seconds)

BASIC INFORMATION
  > Epoch.................. 2000-01-01 00:00:00.000
  > Time since epoch....... 82000000000 ns
  > Absolute time.......... 2000-01-01 00:01:22.000
  > Satellites............. 1584
  > Ground stations........ 101
  > Max. range GSL......... 1089686.4181956202m
  > Max. range ISL......... 5016591.233098428m

ISL INFORMATION
  > Total ISLs............. 3168
  > Min. ISLs/satellite.... 4
  > Max. ISLs/satellite.... 4

GSL INTERFACE INFORMATION
  > Min. GSL IFs/satellite........ 1
  > Max. GSL IFs/satellite........ 1
  > Min. GSL IFs/ground station... 1
  > Max. GSL IFs/ground_station... 1

GSL IN-RANGE INFORMATION
  > Min. satellites in range... 4
  > Max. satellites in range... 18
[MODE] SP_OVER_PID_QUOTIENT=True
  > Calculating Floyd-Warshall for graph without ground-station relays
  > Writing forwarding state to: gen_data/starlink_550_isls_plus_grid_ground_stations_top_100_with_hsinchu_algorithm_hierarchical_virtual_gid_27deg_k4/dynamic_state_2000ms_for_200s/fstate_82000000000.txt
  > [SIGNALING] 累計統計: 84 事件, 0 字節
[STATS-DEBUG] 開始生成統計文件... PID=1716389, TID=133789419201600
[DEBUG] output_dynamic_state_dir: gen_data/starlink_550_isls_plus_grid_ground_stations_top_100_with_hsinchu_algorithm_hierarchical_virtual_gid_27deg_k4/dynamic_state_2000ms_for_200s
[DEBUG] k_best: 4
[DEBUG] scenario_info: ''
[DEBUG] temp_dir_name: temp_grhr_k4
  > [SIGNALING] 累計統計: 86 事件, 0 字節
FORWARDING STATE AT T = 84000000000ns (= 84.0 seconds)

BASIC INFORMATION
  > Epoch.................. 2000-01-01 00:00:00.000
  > Time since epoch....... 84000000000 ns
  > Absolute time.......... 2000-01-01 00:01:24.000
  > Satellites............. 1584
  > Ground stations........ 101
  > Max. range GSL......... 1089686.4181956202m
  > Max. range ISL......... 5016591.233098428m

ISL INFORMATION
  > Total ISLs............. 3168
  > Min. ISLs/satellite.... 4
  > Max. ISLs/satellite.... 4

GSL INTERFACE INFORMATION
  > Min. GSL IFs/satellite........ 1
  > Max. GSL IFs/satellite........ 1
  > Min. GSL IFs/ground station... 1
  > Max. GSL IFs/ground_station... 1

GSL IN-RANGE INFORMATION
  > Min. satellites in range... 4
  > Max. satellites in range... 18
[MODE] SP_OVER_PID_QUOTIENT=True
  > Calculating Floyd-Warshall for graph without ground-station relays
  > Writing forwarding state to: gen_data/starlink_550_isls_plus_grid_ground_stations_top_100_with_hsinchu_algorithm_hierarchical_virtual_gid_27deg_k4/dynamic_state_2000ms_for_200s/fstate_84000000000.txt
  > [SIGNALING] 累計統計: 89 事件, 0 字節
[STATS-DEBUG] 開始生成統計文件... PID=1716389, TID=133789419201600
[DEBUG] output_dynamic_state_dir: gen_data/starlink_550_isls_plus_grid_ground_stations_top_100_with_hsinchu_algorithm_hierarchical_virtual_gid_27deg_k4/dynamic_state_2000ms_for_200s
[DEBUG] k_best: 4
[DEBUG] scenario_info: ''
[DEBUG] temp_dir_name: temp_grhr_k4
  > [SIGNALING] 累計統計: 91 事件, 0 字節
FORWARDING STATE AT T = 86000000000ns (= 86.0 seconds)

BASIC INFORMATION
  > Epoch.................. 2000-01-01 00:00:00.000
  > Time since epoch....... 86000000000 ns
  > Absolute time.......... 2000-01-01 00:01:26.000
  > Satellites............. 1584
  > Ground stations........ 101
  > Max. range GSL......... 1089686.4181956202m
  > Max. range ISL......... 5016591.233098428m

ISL INFORMATION
  > Total ISLs............. 3168
  > Min. ISLs/satellite.... 4
  > Max. ISLs/satellite.... 4

GSL INTERFACE INFORMATION
  > Min. GSL IFs/satellite........ 1
  > Max. GSL IFs/satellite........ 1
  > Min. GSL IFs/ground station... 1
  > Max. GSL IFs/ground_station... 1

GSL IN-RANGE INFORMATION
  > Min. satellites in range... 4
  > Max. satellites in range... 19
[MODE] SP_OVER_PID_QUOTIENT=True
  > Calculating Floyd-Warshall for graph without ground-station relays
  > Writing forwarding state to: gen_data/starlink_550_isls_plus_grid_ground_stations_top_100_with_hsinchu_algorithm_hierarchical_virtual_gid_27deg_k4/dynamic_state_2000ms_for_200s/fstate_86000000000.txt
  > [SIGNALING] 累計統計: 94 事件, 0 字節
[STATS-DEBUG] 開始生成統計文件... PID=1716389, TID=133789419201600
[DEBUG] output_dynamic_state_dir: gen_data/starlink_550_isls_plus_grid_ground_stations_top_100_with_hsinchu_algorithm_hierarchical_virtual_gid_27deg_k4/dynamic_state_2000ms_for_200s
[DEBUG] k_best: 4
[DEBUG] scenario_info: ''
[DEBUG] temp_dir_name: temp_grhr_k4
  > [SIGNALING] 累計統計: 96 事件, 0 字節
FORWARDING STATE AT T = 88000000000ns (= 88.0 seconds)

BASIC INFORMATION
  > Epoch.................. 2000-01-01 00:00:00.000
  > Time since epoch....... 88000000000 ns
  > Absolute time.......... 2000-01-01 00:01:28.000
  > Satellites............. 1584
  > Ground stations........ 101
  > Max. range GSL......... 1089686.4181956202m
  > Max. range ISL......... 5016591.233098428m

ISL INFORMATION
  > Total ISLs............. 3168
  > Min. ISLs/satellite.... 4
  > Max. ISLs/satellite.... 4

GSL INTERFACE INFORMATION
  > Min. GSL IFs/satellite........ 1
  > Max. GSL IFs/satellite........ 1
  > Min. GSL IFs/ground station... 1
  > Max. GSL IFs/ground_station... 1

GSL IN-RANGE INFORMATION
  > Min. satellites in range... 4
  > Max. satellites in range... 20
[MODE] SP_OVER_PID_QUOTIENT=True
  > Calculating Floyd-Warshall for graph without ground-station relays
  > Writing forwarding state to: gen_data/starlink_550_isls_plus_grid_ground_stations_top_100_with_hsinchu_algorithm_hierarchical_virtual_gid_27deg_k4/dynamic_state_2000ms_for_200s/fstate_88000000000.txt
  > [SIGNALING] 累計統計: 99 事件, 0 字節
[STATS-DEBUG] 開始生成統計文件... PID=1716389, TID=133789419201600
[DEBUG] output_dynamic_state_dir: gen_data/starlink_550_isls_plus_grid_ground_stations_top_100_with_hsinchu_algorithm_hierarchical_virtual_gid_27deg_k4/dynamic_state_2000ms_for_200s
[DEBUG] k_best: 4
[DEBUG] scenario_info: ''
[DEBUG] temp_dir_name: temp_grhr_k4
  > [SIGNALING] 累計統計: 101 事件, 0 字節
FORWARDING STATE AT T = 90000000000ns (= 90.0 seconds)

BASIC INFORMATION
  > Epoch.................. 2000-01-01 00:00:00.000
  > Time since epoch....... 90000000000 ns
  > Absolute time.......... 2000-01-01 00:01:30.000
  > Satellites............. 1584
  > Ground stations........ 101
  > Max. range GSL......... 1089686.4181956202m
  > Max. range ISL......... 5016591.233098428m

ISL INFORMATION
  > Total ISLs............. 3168
  > Min. ISLs/satellite.... 4
  > Max. ISLs/satellite.... 4

GSL INTERFACE INFORMATION
  > Min. GSL IFs/satellite........ 1
  > Max. GSL IFs/satellite........ 1
  > Min. GSL IFs/ground station... 1
  > Max. GSL IFs/ground_station... 1

GSL IN-RANGE INFORMATION
  > Min. satellites in range... 4
  > Max. satellites in range... 19
[MODE] SP_OVER_PID_QUOTIENT=True
  > Calculating Floyd-Warshall for graph without ground-station relays
  > Writing forwarding state to: gen_data/starlink_550_isls_plus_grid_ground_stations_top_100_with_hsinchu_algorithm_hierarchical_virtual_gid_27deg_k4/dynamic_state_2000ms_for_200s/fstate_90000000000.txt
  > [SIGNALING] 累計統計: 104 事件, 0 字節
[STATS-DEBUG] 開始生成統計文件... PID=1716389, TID=133789419201600
[DEBUG] output_dynamic_state_dir: gen_data/starlink_550_isls_plus_grid_ground_stations_top_100_with_hsinchu_algorithm_hierarchical_virtual_gid_27deg_k4/dynamic_state_2000ms_for_200s
[DEBUG] k_best: 4
[DEBUG] scenario_info: ''
[DEBUG] temp_dir_name: temp_grhr_k4
  > [SIGNALING] 累計統計: 106 事件, 0 字節
FORWARDING STATE AT T = 92000000000ns (= 92.0 seconds)

BASIC INFORMATION
  > Epoch.................. 2000-01-01 00:00:00.000
  > Time since epoch....... 92000000000 ns
  > Absolute time.......... 2000-01-01 00:01:32.000
  > Satellites............. 1584
  > Ground stations........ 101
  > Max. range GSL......... 1089686.4181956202m
  > Max. range ISL......... 5016591.233098428m

ISL INFORMATION
  > Total ISLs............. 3168
  > Min. ISLs/satellite.... 4
  > Max. ISLs/satellite.... 4

GSL INTERFACE INFORMATION
  > Min. GSL IFs/satellite........ 1
  > Max. GSL IFs/satellite........ 1
  > Min. GSL IFs/ground station... 1
[DEBUG] temp_dir_name: temp_grhr_k4
  > [SIGNALING] 累計統計: 81 事件, 0 字節
FORWARDING STATE AT T = 132000000000ns (= 132.0 seconds)

BASIC INFORMATION
  > Epoch.................. 2000-01-01 00:00:00.000
  > Time since epoch....... 132000000000 ns
  > Absolute time.......... 2000-01-01 00:02:12.000
  > Satellites............. 1584
  > Ground stations........ 101
  > Max. range GSL......... 1089686.4181956202m
  > Max. range ISL......... 5016591.233098428m

ISL INFORMATION
  > Total ISLs............. 3168
  > Min. ISLs/satellite.... 4
  > Max. ISLs/satellite.... 4

GSL INTERFACE INFORMATION
  > Min. GSL IFs/satellite........ 1
  > Max. GSL IFs/satellite........ 1
  > Min. GSL IFs/ground station... 1
  > Max. GSL IFs/ground_station... 1

GSL IN-RANGE INFORMATION
  > Min. satellites in range... 3
  > Max. satellites in range... 20
[MODE] SP_OVER_PID_QUOTIENT=True
  > Calculating Floyd-Warshall for graph without ground-station relays
  > Writing forwarding state to: gen_data/starlink_550_isls_plus_grid_ground_stations_top_100_with_hsinchu_algorithm_hierarchical_virtual_gid_27deg_k4/dynamic_state_2000ms_for_200s/fstate_132000000000.txt
  > [SIGNALING] 累計統計: 84 事件, 0 字節
[STATS-DEBUG] 開始生成統計文件... PID=1716390, TID=133789419201600
[DEBUG] output_dynamic_state_dir: gen_data/starlink_550_isls_plus_grid_ground_stations_top_100_with_hsinchu_algorithm_hierarchical_virtual_gid_27deg_k4/dynamic_state_2000ms_for_200s
[DEBUG] k_best: 4
[DEBUG] scenario_info: ''
[DEBUG] temp_dir_name: temp_grhr_k4
  > [SIGNALING] 累計統計: 86 事件, 0 字節
FORWARDING STATE AT T = 134000000000ns (= 134.0 seconds)

BASIC INFORMATION
  > Epoch.................. 2000-01-01 00:00:00.000
  > Time since epoch....... 134000000000 ns
  > Absolute time.......... 2000-01-01 00:02:14.000
  > Satellites............. 1584
  > Ground stations........ 101
  > Max. range GSL......... 1089686.4181956202m
  > Max. range ISL......... 5016591.233098428m

ISL INFORMATION
  > Total ISLs............. 3168
  > Min. ISLs/satellite.... 4
  > Max. ISLs/satellite.... 4

GSL INTERFACE INFORMATION
  > Min. GSL IFs/satellite........ 1
  > Max. GSL IFs/satellite........ 1
  > Min. GSL IFs/ground station... 1
  > Max. GSL IFs/ground_station... 1

GSL IN-RANGE INFORMATION
  > Min. satellites in range... 3
  > Max. satellites in range... 20
[MODE] SP_OVER_PID_QUOTIENT=True
  > Calculating Floyd-Warshall for graph without ground-station relays
  > Writing forwarding state to: gen_data/starlink_550_isls_plus_grid_ground_stations_top_100_with_hsinchu_algorithm_hierarchical_virtual_gid_27deg_k4/dynamic_state_2000ms_for_200s/fstate_134000000000.txt
  > [SIGNALING] 累計統計: 89 事件, 0 字節
[STATS-DEBUG] 開始生成統計文件... PID=1716390, TID=133789419201600
[DEBUG] output_dynamic_state_dir: gen_data/starlink_550_isls_plus_grid_ground_stations_top_100_with_hsinchu_algorithm_hierarchical_virtual_gid_27deg_k4/dynamic_state_2000ms_for_200s
[DEBUG] k_best: 4
[DEBUG] scenario_info: ''
[DEBUG] temp_dir_name: temp_grhr_k4
  > [SIGNALING] 累計統計: 91 事件, 0 字節
FORWARDING STATE AT T = 136000000000ns (= 136.0 seconds)

BASIC INFORMATION
  > Epoch.................. 2000-01-01 00:00:00.000
  > Time since epoch....... 136000000000 ns
  > Absolute time.......... 2000-01-01 00:02:16.000
  > Satellites............. 1584
  > Ground stations........ 101
  > Max. range GSL......... 1089686.4181956202m
  > Max. range ISL......... 5016591.233098428m

ISL INFORMATION
  > Total ISLs............. 3168
  > Min. ISLs/satellite.... 4
  > Max. ISLs/satellite.... 4

GSL INTERFACE INFORMATION
  > Min. GSL IFs/satellite........ 1
  > Max. GSL IFs/satellite........ 1
  > Min. GSL IFs/ground station... 1
  > Max. GSL IFs/ground_station... 1

GSL IN-RANGE INFORMATION
  > Min. satellites in range... 3
  > Max. satellites in range... 20
[MODE] SP_OVER_PID_QUOTIENT=True
  > Calculating Floyd-Warshall for graph without ground-station relays
  > Writing forwarding state to: gen_data/starlink_550_isls_plus_grid_ground_stations_top_100_with_hsinchu_algorithm_hierarchical_virtual_gid_27deg_k4/dynamic_state_2000ms_for_200s/fstate_136000000000.txt
  > [SIGNALING] 累計統計: 94 事件, 0 字節
[STATS-DEBUG] 開始生成統計文件... PID=1716390, TID=133789419201600
[DEBUG] output_dynamic_state_dir: gen_data/starlink_550_isls_plus_grid_ground_stations_top_100_with_hsinchu_algorithm_hierarchical_virtual_gid_27deg_k4/dynamic_state_2000ms_for_200s
[DEBUG] k_best: 4
[DEBUG] scenario_info: ''
[DEBUG] temp_dir_name: temp_grhr_k4
  > [SIGNALING] 累計統計: 96 事件, 0 字節
FORWARDING STATE AT T = 138000000000ns (= 138.0 seconds)

BASIC INFORMATION
  > Epoch.................. 2000-01-01 00:00:00.000
  > Time since epoch....... 138000000000 ns
  > Absolute time.......... 2000-01-01 00:02:18.000
  > Satellites............. 1584
  > Ground stations........ 101
  > Max. range GSL......... 1089686.4181956202m
  > Max. range ISL......... 5016591.233098428m

ISL INFORMATION
  > Total ISLs............. 3168
  > Min. ISLs/satellite.... 4
  > Max. ISLs/satellite.... 4

GSL INTERFACE INFORMATION
  > Min. GSL IFs/satellite........ 1
  > Max. GSL IFs/satellite........ 1
  > Min. GSL IFs/ground station... 1
  > Max. GSL IFs/ground_station... 1

GSL IN-RANGE INFORMATION
  > Min. satellites in range... 3
  > Max. satellites in range... 20
[MODE] SP_OVER_PID_QUOTIENT=True
  > Calculating Floyd-Warshall for graph without ground-station relays
  > Writing forwarding state to: gen_data/starlink_550_isls_plus_grid_ground_stations_top_100_with_hsinchu_algorithm_hierarchical_virtual_gid_27deg_k4/dynamic_state_2000ms_for_200s/fstate_138000000000.txt
  > [SIGNALING] 累計統計: 99 事件, 0 字節
[STATS-DEBUG] 開始生成統計文件... PID=1716390, TID=133789419201600
[DEBUG] output_dynamic_state_dir: gen_data/starlink_550_isls_plus_grid_ground_stations_top_100_with_hsinchu_algorithm_hierarchical_virtual_gid_27deg_k4/dynamic_state_2000ms_for_200s
[DEBUG] k_best: 4
[DEBUG] scenario_info: ''
[DEBUG] temp_dir_name: temp_grhr_k4
  > [SIGNALING] 累計統計: 101 事件, 0 字節
FORWARDING STATE AT T = 140000000000ns (= 140.0 seconds)

BASIC INFORMATION
  > Epoch.................. 2000-01-01 00:00:00.000
  > Time since epoch....... 140000000000 ns
  > Absolute time.......... 2000-01-01 00:02:20.000
  > Satellites............. 1584
  > Ground stations........ 101
  > Max. range GSL......... 1089686.4181956202m
  > Max. range ISL......... 5016591.233098428m

ISL INFORMATION
  > Total ISLs............. 3168
  > Min. ISLs/satellite.... 4
  > Max. ISLs/satellite.... 4

GSL INTERFACE INFORMATION
  > Min. GSL IFs/satellite........ 1
  > Max. GSL IFs/satellite........ 1
  > Min. GSL IFs/ground station... 1
  > Max. GSL IFs/ground_station... 1

GSL IN-RANGE INFORMATION
  > Min. satellites in range... 3
  > Max. satellites in range... 20
[MODE] SP_OVER_PID_QUOTIENT=True
  > Calculating Floyd-Warshall for graph without ground-station relays
  > Writing forwarding state to: gen_data/starlink_550_isls_plus_grid_ground_stations_top_100_with_hsinchu_algorithm_hierarchical_virtual_gid_27deg_k4/dynamic_state_2000ms_for_200s/fstate_140000000000.txt
  > [SIGNALING] 累計統計: 104 事件, 0 字節
[STATS-DEBUG] 開始生成統計文件... PID=1716390, TID=133789419201600
[DEBUG] output_dynamic_state_dir: gen_data/starlink_550_isls_plus_grid_ground_stations_top_100_with_hsinchu_algorithm_hierarchical_virtual_gid_27deg_k4/dynamic_state_2000ms_for_200s
[DEBUG] k_best: 4
[DEBUG] scenario_info: ''
[DEBUG] temp_dir_name: temp_grhr_k4
  > [SIGNALING] 累計統計: 106 事件, 0 字節
FORWARDING STATE AT T = 142000000000ns (= 142.0 seconds)

BASIC INFORMATION
  > Epoch.................. 2000-01-01 00:00:00.000
  > Time since epoch....... 142000000000 ns
  > Absolute time.......... 2000-01-01 00:02:22.000
  > Satellites............. 1584
  > Ground stations........ 101
  > Max. range GSL......... 1089686.4181956202m
  > Max. range ISL......... 5016591.233098428m

ISL INFORMATION
  > Total ISLs............. 3168
  > Min. ISLs/satellite.... 4
  > Max. ISLs/satellite.... 4

GSL INTERFACE INFORMATION
FORWARDING STATE AT T = 32000000000ns (= 32.0 seconds)

BASIC INFORMATION
  > Epoch.................. 2000-01-01 00:00:00.000
  > Time since epoch....... 32000000000 ns
  > Absolute time.......... 2000-01-01 00:00:32.000
  > Satellites............. 1584
  > Ground stations........ 101
  > Max. range GSL......... 1089686.4181956202m
  > Max. range ISL......... 5016591.233098428m

ISL INFORMATION
  > Total ISLs............. 3168
  > Min. ISLs/satellite.... 4
  > Max. ISLs/satellite.... 4

GSL INTERFACE INFORMATION
  > Min. GSL IFs/satellite........ 1
  > Max. GSL IFs/satellite........ 1
  > Min. GSL IFs/ground station... 1
  > Max. GSL IFs/ground_station... 1

GSL IN-RANGE INFORMATION
  > Min. satellites in range... 4
  > Max. satellites in range... 19
[MODE] SP_OVER_PID_QUOTIENT=True
  > Calculating Floyd-Warshall for graph without ground-station relays
  > Writing forwarding state to: gen_data/starlink_550_isls_plus_grid_ground_stations_top_100_with_hsinchu_algorithm_hierarchical_virtual_gid_27deg_k4/dynamic_state_2000ms_for_200s/fstate_32000000000.txt
  > [SIGNALING] 累計統計: 84 事件, 0 字節
[STATS-DEBUG] 開始生成統計文件... PID=1716388, TID=133789419201600
[DEBUG] output_dynamic_state_dir: gen_data/starlink_550_isls_plus_grid_ground_stations_top_100_with_hsinchu_algorithm_hierarchical_virtual_gid_27deg_k4/dynamic_state_2000ms_for_200s
[DEBUG] k_best: 4
[DEBUG] scenario_info: ''
[DEBUG] temp_dir_name: temp_grhr_k4
  > [SIGNALING] 累計統計: 86 事件, 0 字節
FORWARDING STATE AT T = 34000000000ns (= 34.0 seconds)

BASIC INFORMATION
  > Epoch.................. 2000-01-01 00:00:00.000
  > Time since epoch....... 34000000000 ns
  > Absolute time.......... 2000-01-01 00:00:34.000
  > Satellites............. 1584
  > Ground stations........ 101
  > Max. range GSL......... 1089686.4181956202m
  > Max. range ISL......... 5016591.233098428m

ISL INFORMATION
  > Total ISLs............. 3168
  > Min. ISLs/satellite.... 4
  > Max. ISLs/satellite.... 4

GSL INTERFACE INFORMATION
  > Min. GSL IFs/satellite........ 1
  > Max. GSL IFs/satellite........ 1
  > Min. GSL IFs/ground station... 1
  > Max. GSL IFs/ground_station... 1

GSL IN-RANGE INFORMATION
  > Min. satellites in range... 4
  > Max. satellites in range... 19
[MODE] SP_OVER_PID_QUOTIENT=True
  > Calculating Floyd-Warshall for graph without ground-station relays
  > Writing forwarding state to: gen_data/starlink_550_isls_plus_grid_ground_stations_top_100_with_hsinchu_algorithm_hierarchical_virtual_gid_27deg_k4/dynamic_state_2000ms_for_200s/fstate_34000000000.txt
  > [SIGNALING] 累計統計: 89 事件, 0 字節
[STATS-DEBUG] 開始生成統計文件... PID=1716388, TID=133789419201600
[DEBUG] output_dynamic_state_dir: gen_data/starlink_550_isls_plus_grid_ground_stations_top_100_with_hsinchu_algorithm_hierarchical_virtual_gid_27deg_k4/dynamic_state_2000ms_for_200s
[DEBUG] k_best: 4
[DEBUG] scenario_info: ''
[DEBUG] temp_dir_name: temp_grhr_k4
  > [SIGNALING] 累計統計: 91 事件, 0 字節
FORWARDING STATE AT T = 36000000000ns (= 36.0 seconds)

BASIC INFORMATION
  > Epoch.................. 2000-01-01 00:00:00.000
  > Time since epoch....... 36000000000 ns
  > Absolute time.......... 2000-01-01 00:00:36.000
  > Satellites............. 1584
  > Ground stations........ 101
  > Max. range GSL......... 1089686.4181956202m
  > Max. range ISL......... 5016591.233098428m

ISL INFORMATION
  > Total ISLs............. 3168
  > Min. ISLs/satellite.... 4
  > Max. ISLs/satellite.... 4

GSL INTERFACE INFORMATION
  > Min. GSL IFs/satellite........ 1
  > Max. GSL IFs/satellite........ 1
  > Min. GSL IFs/ground station... 1
  > Max. GSL IFs/ground_station... 1

GSL IN-RANGE INFORMATION
  > Min. satellites in range... 4
  > Max. satellites in range... 19
[MODE] SP_OVER_PID_QUOTIENT=True
  > Calculating Floyd-Warshall for graph without ground-station relays
  > Writing forwarding state to: gen_data/starlink_550_isls_plus_grid_ground_stations_top_100_with_hsinchu_algorithm_hierarchical_virtual_gid_27deg_k4/dynamic_state_2000ms_for_200s/fstate_36000000000.txt
  > [SIGNALING] 累計統計: 94 事件, 0 字節
[STATS-DEBUG] 開始生成統計文件... PID=1716388, TID=133789419201600
[DEBUG] output_dynamic_state_dir: gen_data/starlink_550_isls_plus_grid_ground_stations_top_100_with_hsinchu_algorithm_hierarchical_virtual_gid_27deg_k4/dynamic_state_2000ms_for_200s
[DEBUG] k_best: 4
[DEBUG] scenario_info: ''
[DEBUG] temp_dir_name: temp_grhr_k4
  > [SIGNALING] 累計統計: 96 事件, 0 字節
FORWARDING STATE AT T = 38000000000ns (= 38.0 seconds)

BASIC INFORMATION
  > Epoch.................. 2000-01-01 00:00:00.000
  > Time since epoch....... 38000000000 ns
  > Absolute time.......... 2000-01-01 00:00:38.000
  > Satellites............. 1584
  > Ground stations........ 101
  > Max. range GSL......... 1089686.4181956202m
  > Max. range ISL......... 5016591.233098428m

ISL INFORMATION
  > Total ISLs............. 3168
  > Min. ISLs/satellite.... 4
  > Max. ISLs/satellite.... 4

GSL INTERFACE INFORMATION
  > Min. GSL IFs/satellite........ 1
  > Max. GSL IFs/satellite........ 1
  > Min. GSL IFs/ground station... 1
  > Max. GSL IFs/ground_station... 1

GSL IN-RANGE INFORMATION
  > Min. satellites in range... 3
  > Max. satellites in range... 19
[MODE] SP_OVER_PID_QUOTIENT=True
  > Calculating Floyd-Warshall for graph without ground-station relays
  > Writing forwarding state to: gen_data/starlink_550_isls_plus_grid_ground_stations_top_100_with_hsinchu_algorithm_hierarchical_virtual_gid_27deg_k4/dynamic_state_2000ms_for_200s/fstate_38000000000.txt
  > [SIGNALING] 累計統計: 99 事件, 0 字節
[STATS-DEBUG] 開始生成統計文件... PID=1716388, TID=133789419201600
[DEBUG] output_dynamic_state_dir: gen_data/starlink_550_isls_plus_grid_ground_stations_top_100_with_hsinchu_algorithm_hierarchical_virtual_gid_27deg_k4/dynamic_state_2000ms_for_200s
[DEBUG] k_best: 4
[DEBUG] scenario_info: ''
[DEBUG] temp_dir_name: temp_grhr_k4
  > [SIGNALING] 累計統計: 101 事件, 0 字節
FORWARDING STATE AT T = 40000000000ns (= 40.0 seconds)

BASIC INFORMATION
  > Epoch.................. 2000-01-01 00:00:00.000
  > Time since epoch....... 40000000000 ns
  > Absolute time.......... 2000-01-01 00:00:40.000
  > Satellites............. 1584
  > Ground stations........ 101
  > Max. range GSL......... 1089686.4181956202m
  > Max. range ISL......... 5016591.233098428m

ISL INFORMATION
  > Total ISLs............. 3168
  > Min. ISLs/satellite.... 4
  > Max. ISLs/satellite.... 4

GSL INTERFACE INFORMATION
  > Min. GSL IFs/satellite........ 1
  > Max. GSL IFs/satellite........ 1
  > Min. GSL IFs/ground station... 1
  > Max. GSL IFs/ground_station... 1

GSL IN-RANGE INFORMATION
  > Min. satellites in range... 3
  > Max. satellites in range... 19
[MODE] SP_OVER_PID_QUOTIENT=True
  > Calculating Floyd-Warshall for graph without ground-station relays
  > Writing forwarding state to: gen_data/starlink_550_isls_plus_grid_ground_stations_top_100_with_hsinchu_algorithm_hierarchical_virtual_gid_27deg_k4/dynamic_state_2000ms_for_200s/fstate_40000000000.txt
  > [SIGNALING] 累計統計: 104 事件, 0 字節
[STATS-DEBUG] 開始生成統計文件... PID=1716388, TID=133789419201600
[DEBUG] output_dynamic_state_dir: gen_data/starlink_550_isls_plus_grid_ground_stations_top_100_with_hsinchu_algorithm_hierarchical_virtual_gid_27deg_k4/dynamic_state_2000ms_for_200s
[DEBUG] k_best: 4
[DEBUG] scenario_info: ''
[DEBUG] temp_dir_name: temp_grhr_k4
  > [SIGNALING] 累計統計: 106 事件, 0 字節
FORWARDING STATE AT T = 42000000000ns (= 42.0 seconds)

BASIC INFORMATION
  > Epoch.................. 2000-01-01 00:00:00.000
  > Time since epoch....... 42000000000 ns
  > Absolute time.......... 2000-01-01 00:00:42.000
  > Satellites............. 1584
  > Ground stations........ 101
  > Max. range GSL......... 1089686.4181956202m
  > Max. range ISL......... 5016591.233098428m

ISL INFORMATION
  > Total ISLs............. 3168
  > Min. ISLs/satellite.... 4
  > Max. ISLs/satellite.... 4

GSL INTERFACE INFORMATION
  > Min. GSL IFs/satellite........ 1
  > Max. GSL IFs/satellite........ 1
  > Min. GSL IFs/ground station... 1
  > Min. GSL IFs/satellite........ 1
  > Max. GSL IFs/satellite........ 1
  > Min. GSL IFs/ground station... 1
  > Max. GSL IFs/ground_station... 1

GSL IN-RANGE INFORMATION
  > Min. satellites in range... 4
  > Max. satellites in range... 20
[MODE] SP_OVER_PID_QUOTIENT=True
  > Calculating Floyd-Warshall for graph without ground-station relays
  > Writing forwarding state to: gen_data/starlink_550_isls_plus_grid_ground_stations_top_100_with_hsinchu_algorithm_hierarchical_virtual_gid_27deg_k4/dynamic_state_2000ms_for_200s/fstate_192000000000.txt
  > [SIGNALING] 累計統計: 109 事件, 0 字節
[STATS-DEBUG] 開始生成統計文件... PID=1716391, TID=133789419201600
[DEBUG] output_dynamic_state_dir: gen_data/starlink_550_isls_plus_grid_ground_stations_top_100_with_hsinchu_algorithm_hierarchical_virtual_gid_27deg_k4/dynamic_state_2000ms_for_200s
[DEBUG] k_best: 4
[DEBUG] scenario_info: ''
[DEBUG] temp_dir_name: temp_grhr_k4
  > [SIGNALING] 累計統計: 111 事件, 0 字節
FORWARDING STATE AT T = 194000000000ns (= 194.0 seconds)

BASIC INFORMATION
  > Epoch.................. 2000-01-01 00:00:00.000
  > Time since epoch....... 194000000000 ns
  > Absolute time.......... 2000-01-01 00:03:14.000
  > Satellites............. 1584
  > Ground stations........ 101
  > Max. range GSL......... 1089686.4181956202m
  > Max. range ISL......... 5016591.233098428m

ISL INFORMATION
  > Total ISLs............. 3168
  > Min. ISLs/satellite.... 4
  > Max. ISLs/satellite.... 4

GSL INTERFACE INFORMATION
  > Min. GSL IFs/satellite........ 1
  > Max. GSL IFs/satellite........ 1
  > Min. GSL IFs/ground station... 1
  > Max. GSL IFs/ground_station... 1

GSL IN-RANGE INFORMATION
  > Min. satellites in range... 4
  > Max. satellites in range... 20
[MODE] SP_OVER_PID_QUOTIENT=True
  > Calculating Floyd-Warshall for graph without ground-station relays
  > Writing forwarding state to: gen_data/starlink_550_isls_plus_grid_ground_stations_top_100_with_hsinchu_algorithm_hierarchical_virtual_gid_27deg_k4/dynamic_state_2000ms_for_200s/fstate_194000000000.txt
  > [SIGNALING] 累計統計: 114 事件, 0 字節
[STATS-DEBUG] 開始生成統計文件... PID=1716391, TID=133789419201600
[DEBUG] output_dynamic_state_dir: gen_data/starlink_550_isls_plus_grid_ground_stations_top_100_with_hsinchu_algorithm_hierarchical_virtual_gid_27deg_k4/dynamic_state_2000ms_for_200s
[DEBUG] k_best: 4
[DEBUG] scenario_info: ''
[DEBUG] temp_dir_name: temp_grhr_k4
  > [SIGNALING] 累計統計: 116 事件, 0 字節
FORWARDING STATE AT T = 196000000000ns (= 196.0 seconds)

BASIC INFORMATION
  > Epoch.................. 2000-01-01 00:00:00.000
  > Time since epoch....... 196000000000 ns
  > Absolute time.......... 2000-01-01 00:03:16.000
  > Satellites............. 1584
  > Ground stations........ 101
  > Max. range GSL......... 1089686.4181956202m
  > Max. range ISL......... 5016591.233098428m

ISL INFORMATION
  > Total ISLs............. 3168
  > Min. ISLs/satellite.... 4
  > Max. ISLs/satellite.... 4

GSL INTERFACE INFORMATION
  > Min. GSL IFs/satellite........ 1
  > Max. GSL IFs/satellite........ 1
  > Min. GSL IFs/ground station... 1
  > Max. GSL IFs/ground_station... 1

GSL IN-RANGE INFORMATION
  > Min. satellites in range... 4
  > Max. satellites in range... 20
[MODE] SP_OVER_PID_QUOTIENT=True
  > Calculating Floyd-Warshall for graph without ground-station relays
  > Writing forwarding state to: gen_data/starlink_550_isls_plus_grid_ground_stations_top_100_with_hsinchu_algorithm_hierarchical_virtual_gid_27deg_k4/dynamic_state_2000ms_for_200s/fstate_196000000000.txt
  > [SIGNALING] 累計統計: 119 事件, 0 字節
[STATS-DEBUG] 開始生成統計文件... PID=1716391, TID=133789419201600
[DEBUG] output_dynamic_state_dir: gen_data/starlink_550_isls_plus_grid_ground_stations_top_100_with_hsinchu_algorithm_hierarchical_virtual_gid_27deg_k4/dynamic_state_2000ms_for_200s
[DEBUG] k_best: 4
[DEBUG] scenario_info: ''
[DEBUG] temp_dir_name: temp_grhr_k4
  > [SIGNALING] 累計統計: 121 事件, 0 字節
FORWARDING STATE AT T = 198000000000ns (= 198.0 seconds)

BASIC INFORMATION
  > Epoch.................. 2000-01-01 00:00:00.000
  > Time since epoch....... 198000000000 ns
  > Absolute time.......... 2000-01-01 00:03:18.000
  > Satellites............. 1584
  > Ground stations........ 101
  > Max. range GSL......... 1089686.4181956202m
  > Max. range ISL......... 5016591.233098428m

ISL INFORMATION
  > Total ISLs............. 3168
  > Min. ISLs/satellite.... 4
  > Max. ISLs/satellite.... 4

GSL INTERFACE INFORMATION
  > Min. GSL IFs/satellite........ 1
  > Max. GSL IFs/satellite........ 1
  > Min. GSL IFs/ground station... 1
  > Max. GSL IFs/ground_station... 1

GSL IN-RANGE INFORMATION
  > Min. satellites in range... 4
  > Max. satellites in range... 20
[MODE] SP_OVER_PID_QUOTIENT=True
  > Calculating Floyd-Warshall for graph without ground-station relays
  > Writing forwarding state to: gen_data/starlink_550_isls_plus_grid_ground_stations_top_100_with_hsinchu_algorithm_hierarchical_virtual_gid_27deg_k4/dynamic_state_2000ms_for_200s/fstate_198000000000.txt
  > [SIGNALING] 累計統計: 124 事件, 0 字節
[STATS-DEBUG] 開始生成統計文件... PID=1716391, TID=133789419201600
[DEBUG] output_dynamic_state_dir: gen_data/starlink_550_isls_plus_grid_ground_stations_top_100_with_hsinchu_algorithm_hierarchical_virtual_gid_27deg_k4/dynamic_state_2000ms_for_200s
[DEBUG] k_best: 4
[DEBUG] scenario_info: ''
[DEBUG] temp_dir_name: temp_grhr_k4
  > [SIGNALING] 累計統計: 126 事件, 0 字節
  > Max. GSL IFs/ground_station... 1

GSL IN-RANGE INFORMATION
  > Min. satellites in range... 4
  > Max. satellites in range... 19
[MODE] SP_OVER_PID_QUOTIENT=True
  > Calculating Floyd-Warshall for graph without ground-station relays
  > Writing forwarding state to: gen_data/starlink_550_isls_plus_grid_ground_stations_top_100_with_hsinchu_algorithm_hierarchical_virtual_gid_27deg_k4/dynamic_state_2000ms_for_200s/fstate_92000000000.txt
  > [SIGNALING] 累計統計: 109 事件, 0 字節
[STATS-DEBUG] 開始生成統計文件... PID=1716389, TID=133789419201600
[DEBUG] output_dynamic_state_dir: gen_data/starlink_550_isls_plus_grid_ground_stations_top_100_with_hsinchu_algorithm_hierarchical_virtual_gid_27deg_k4/dynamic_state_2000ms_for_200s
[DEBUG] k_best: 4
[DEBUG] scenario_info: ''
[DEBUG] temp_dir_name: temp_grhr_k4
  > [SIGNALING] 累計統計: 111 事件, 0 字節
FORWARDING STATE AT T = 94000000000ns (= 94.0 seconds)

BASIC INFORMATION
  > Epoch.................. 2000-01-01 00:00:00.000
  > Time since epoch....... 94000000000 ns
  > Absolute time.......... 2000-01-01 00:01:34.000
  > Satellites............. 1584
  > Ground stations........ 101
  > Max. range GSL......... 1089686.4181956202m
  > Max. range ISL......... 5016591.233098428m

ISL INFORMATION
  > Total ISLs............. 3168
  > Min. ISLs/satellite.... 4
  > Max. ISLs/satellite.... 4

GSL INTERFACE INFORMATION
  > Min. GSL IFs/satellite........ 1
  > Max. GSL IFs/satellite........ 1
  > Min. GSL IFs/ground station... 1
  > Max. GSL IFs/ground_station... 1

GSL IN-RANGE INFORMATION
  > Min. satellites in range... 5
  > Max. satellites in range... 19
[MODE] SP_OVER_PID_QUOTIENT=True
  > Calculating Floyd-Warshall for graph without ground-station relays
  > Writing forwarding state to: gen_data/starlink_550_isls_plus_grid_ground_stations_top_100_with_hsinchu_algorithm_hierarchical_virtual_gid_27deg_k4/dynamic_state_2000ms_for_200s/fstate_94000000000.txt
  > [SIGNALING] 累計統計: 114 事件, 0 字節
[STATS-DEBUG] 開始生成統計文件... PID=1716389, TID=133789419201600
[DEBUG] output_dynamic_state_dir: gen_data/starlink_550_isls_plus_grid_ground_stations_top_100_with_hsinchu_algorithm_hierarchical_virtual_gid_27deg_k4/dynamic_state_2000ms_for_200s
[DEBUG] k_best: 4
[DEBUG] scenario_info: ''
[DEBUG] temp_dir_name: temp_grhr_k4
  > [SIGNALING] 累計統計: 116 事件, 0 字節
FORWARDING STATE AT T = 96000000000ns (= 96.0 seconds)

BASIC INFORMATION
  > Epoch.................. 2000-01-01 00:00:00.000
  > Time since epoch....... 96000000000 ns
  > Absolute time.......... 2000-01-01 00:01:36.000
  > Satellites............. 1584
  > Ground stations........ 101
  > Max. range GSL......... 1089686.4181956202m
  > Max. range ISL......... 5016591.233098428m

ISL INFORMATION
  > Total ISLs............. 3168
  > Min. ISLs/satellite.... 4
  > Max. ISLs/satellite.... 4

GSL INTERFACE INFORMATION
  > Min. GSL IFs/satellite........ 1
  > Max. GSL IFs/satellite........ 1
  > Min. GSL IFs/ground station... 1
  > Max. GSL IFs/ground_station... 1

GSL IN-RANGE INFORMATION
  > Min. satellites in range... 5
  > Max. satellites in range... 19
[MODE] SP_OVER_PID_QUOTIENT=True
  > Calculating Floyd-Warshall for graph without ground-station relays
  > Writing forwarding state to: gen_data/starlink_550_isls_plus_grid_ground_stations_top_100_with_hsinchu_algorithm_hierarchical_virtual_gid_27deg_k4/dynamic_state_2000ms_for_200s/fstate_96000000000.txt
  > [SIGNALING] 累計統計: 119 事件, 0 字節
[STATS-DEBUG] 開始生成統計文件... PID=1716389, TID=133789419201600
[DEBUG] output_dynamic_state_dir: gen_data/starlink_550_isls_plus_grid_ground_stations_top_100_with_hsinchu_algorithm_hierarchical_virtual_gid_27deg_k4/dynamic_state_2000ms_for_200s
[DEBUG] k_best: 4
[DEBUG] scenario_info: ''
[DEBUG] temp_dir_name: temp_grhr_k4
  > [SIGNALING] 累計統計: 121 事件, 0 字節
FORWARDING STATE AT T = 98000000000ns (= 98.0 seconds)

BASIC INFORMATION
  > Epoch.................. 2000-01-01 00:00:00.000
  > Time since epoch....... 98000000000 ns
  > Absolute time.......... 2000-01-01 00:01:38.000
  > Satellites............. 1584
  > Ground stations........ 101
  > Max. range GSL......... 1089686.4181956202m
  > Max. range ISL......... 5016591.233098428m

ISL INFORMATION
  > Total ISLs............. 3168
  > Min. ISLs/satellite.... 4
  > Max. ISLs/satellite.... 4

GSL INTERFACE INFORMATION
  > Min. GSL IFs/satellite........ 1
  > Max. GSL IFs/satellite........ 1
  > Min. GSL IFs/ground station... 1
  > Max. GSL IFs/ground_station... 1

GSL IN-RANGE INFORMATION
  > Min. satellites in range... 4
  > Max. satellites in range... 19
[MODE] SP_OVER_PID_QUOTIENT=True
  > Calculating Floyd-Warshall for graph without ground-station relays
  > Writing forwarding state to: gen_data/starlink_550_isls_plus_grid_ground_stations_top_100_with_hsinchu_algorithm_hierarchical_virtual_gid_27deg_k4/dynamic_state_2000ms_for_200s/fstate_98000000000.txt
  > [SIGNALING] 累計統計: 124 事件, 0 字節
[STATS-DEBUG] 開始生成統計文件... PID=1716389, TID=133789419201600
[DEBUG] output_dynamic_state_dir: gen_data/starlink_550_isls_plus_grid_ground_stations_top_100_with_hsinchu_algorithm_hierarchical_virtual_gid_27deg_k4/dynamic_state_2000ms_for_200s
[DEBUG] k_best: 4
[DEBUG] scenario_info: ''
[DEBUG] temp_dir_name: temp_grhr_k4
  > [SIGNALING] 累計統計: 126 事件, 0 字節
FORWARDING STATE AT T = 100000000000ns (= 100.0 seconds)

BASIC INFORMATION
  > Epoch.................. 2000-01-01 00:00:00.000
  > Time since epoch....... 100000000000 ns
  > Absolute time.......... 2000-01-01 00:01:40.000
  > Satellites............. 1584
  > Ground stations........ 101
  > Max. range GSL......... 1089686.4181956202m
  > Max. range ISL......... 5016591.233098428m

ISL INFORMATION
  > Total ISLs............. 3168
  > Min. ISLs/satellite.... 4
  > Max. ISLs/satellite.... 4

GSL INTERFACE INFORMATION
  > Min. GSL IFs/satellite........ 1
  > Max. GSL IFs/satellite........ 1
  > Min. GSL IFs/ground station... 1
  > Max. GSL IFs/ground_station... 1

GSL IN-RANGE INFORMATION
  > Min. satellites in range... 5
  > Max. satellites in range... 19
[MODE] SP_OVER_PID_QUOTIENT=True
  > Calculating Floyd-Warshall for graph without ground-station relays
  > Writing forwarding state to: gen_data/starlink_550_isls_plus_grid_ground_stations_top_100_with_hsinchu_algorithm_hierarchical_virtual_gid_27deg_k4/dynamic_state_2000ms_for_200s/fstate_100000000000.txt
  > [SIGNALING] 累計統計: 129 事件, 0 字節
[STATS-DEBUG] 開始生成統計文件... PID=1716389, TID=133789419201600
[DEBUG] output_dynamic_state_dir: gen_data/starlink_550_isls_plus_grid_ground_stations_top_100_with_hsinchu_algorithm_hierarchical_virtual_gid_27deg_k4/dynamic_state_2000ms_for_200s
[DEBUG] k_best: 4
[DEBUG] scenario_info: ''
[DEBUG] temp_dir_name: temp_grhr_k4
  > [SIGNALING] 累計統計: 131 事件, 0 字節
  > Min. GSL IFs/satellite........ 1
  > Max. GSL IFs/satellite........ 1
  > Min. GSL IFs/ground station... 1
  > Max. GSL IFs/ground_station... 1

GSL IN-RANGE INFORMATION
  > Min. satellites in range... 3
  > Max. satellites in range... 20
[MODE] SP_OVER_PID_QUOTIENT=True
  > Calculating Floyd-Warshall for graph without ground-station relays
  > Writing forwarding state to: gen_data/starlink_550_isls_plus_grid_ground_stations_top_100_with_hsinchu_algorithm_hierarchical_virtual_gid_27deg_k4/dynamic_state_2000ms_for_200s/fstate_142000000000.txt
  > [SIGNALING] 累計統計: 109 事件, 0 字節
[STATS-DEBUG] 開始生成統計文件... PID=1716390, TID=133789419201600
[DEBUG] output_dynamic_state_dir: gen_data/starlink_550_isls_plus_grid_ground_stations_top_100_with_hsinchu_algorithm_hierarchical_virtual_gid_27deg_k4/dynamic_state_2000ms_for_200s
[DEBUG] k_best: 4
[DEBUG] scenario_info: ''
[DEBUG] temp_dir_name: temp_grhr_k4
  > [SIGNALING] 累計統計: 111 事件, 0 字節
FORWARDING STATE AT T = 144000000000ns (= 144.0 seconds)

BASIC INFORMATION
  > Epoch.................. 2000-01-01 00:00:00.000
  > Time since epoch....... 144000000000 ns
  > Absolute time.......... 2000-01-01 00:02:24.000
  > Satellites............. 1584
  > Ground stations........ 101
  > Max. range GSL......... 1089686.4181956202m
  > Max. range ISL......... 5016591.233098428m

ISL INFORMATION
  > Total ISLs............. 3168
  > Min. ISLs/satellite.... 4
  > Max. ISLs/satellite.... 4

GSL INTERFACE INFORMATION
  > Min. GSL IFs/satellite........ 1
  > Max. GSL IFs/satellite........ 1
  > Min. GSL IFs/ground station... 1
  > Max. GSL IFs/ground_station... 1

GSL IN-RANGE INFORMATION
  > Min. satellites in range... 3
  > Max. satellites in range... 21
[MODE] SP_OVER_PID_QUOTIENT=True
  > Calculating Floyd-Warshall for graph without ground-station relays
  > Writing forwarding state to: gen_data/starlink_550_isls_plus_grid_ground_stations_top_100_with_hsinchu_algorithm_hierarchical_virtual_gid_27deg_k4/dynamic_state_2000ms_for_200s/fstate_144000000000.txt
  > [SIGNALING] 累計統計: 114 事件, 0 字節
[STATS-DEBUG] 開始生成統計文件... PID=1716390, TID=133789419201600
[DEBUG] output_dynamic_state_dir: gen_data/starlink_550_isls_plus_grid_ground_stations_top_100_with_hsinchu_algorithm_hierarchical_virtual_gid_27deg_k4/dynamic_state_2000ms_for_200s
[DEBUG] k_best: 4
[DEBUG] scenario_info: ''
[DEBUG] temp_dir_name: temp_grhr_k4
  > [SIGNALING] 累計統計: 116 事件, 0 字節
FORWARDING STATE AT T = 146000000000ns (= 146.0 seconds)

BASIC INFORMATION
  > Epoch.................. 2000-01-01 00:00:00.000
  > Time since epoch....... 146000000000 ns
  > Absolute time.......... 2000-01-01 00:02:26.000
  > Satellites............. 1584
  > Ground stations........ 101
  > Max. range GSL......... 1089686.4181956202m
  > Max. range ISL......... 5016591.233098428m

ISL INFORMATION
  > Total ISLs............. 3168
  > Min. ISLs/satellite.... 4
  > Max. ISLs/satellite.... 4

GSL INTERFACE INFORMATION
  > Min. GSL IFs/satellite........ 1
  > Max. GSL IFs/satellite........ 1
  > Min. GSL IFs/ground station... 1
  > Max. GSL IFs/ground_station... 1

GSL IN-RANGE INFORMATION
  > Min. satellites in range... 3
  > Max. satellites in range... 20
[MODE] SP_OVER_PID_QUOTIENT=True
  > Calculating Floyd-Warshall for graph without ground-station relays
  > Writing forwarding state to: gen_data/starlink_550_isls_plus_grid_ground_stations_top_100_with_hsinchu_algorithm_hierarchical_virtual_gid_27deg_k4/dynamic_state_2000ms_for_200s/fstate_146000000000.txt
  > [SIGNALING] 累計統計: 119 事件, 0 字節
[STATS-DEBUG] 開始生成統計文件... PID=1716390, TID=133789419201600
[DEBUG] output_dynamic_state_dir: gen_data/starlink_550_isls_plus_grid_ground_stations_top_100_with_hsinchu_algorithm_hierarchical_virtual_gid_27deg_k4/dynamic_state_2000ms_for_200s
[DEBUG] k_best: 4
[DEBUG] scenario_info: ''
[DEBUG] temp_dir_name: temp_grhr_k4
  > [SIGNALING] 累計統計: 121 事件, 0 字節
FORWARDING STATE AT T = 148000000000ns (= 148.0 seconds)

BASIC INFORMATION
  > Epoch.................. 2000-01-01 00:00:00.000
  > Time since epoch....... 148000000000 ns
  > Absolute time.......... 2000-01-01 00:02:28.000
  > Satellites............. 1584
  > Ground stations........ 101
  > Max. range GSL......... 1089686.4181956202m
  > Max. range ISL......... 5016591.233098428m

ISL INFORMATION
  > Total ISLs............. 3168
  > Min. ISLs/satellite.... 4
  > Max. ISLs/satellite.... 4

GSL INTERFACE INFORMATION
  > Min. GSL IFs/satellite........ 1
  > Max. GSL IFs/satellite........ 1
  > Min. GSL IFs/ground station... 1
  > Max. GSL IFs/ground_station... 1

GSL IN-RANGE INFORMATION
  > Min. satellites in range... 3
  > Max. satellites in range... 21
[MODE] SP_OVER_PID_QUOTIENT=True
  > Calculating Floyd-Warshall for graph without ground-station relays
  > Writing forwarding state to: gen_data/starlink_550_isls_plus_grid_ground_stations_top_100_with_hsinchu_algorithm_hierarchical_virtual_gid_27deg_k4/dynamic_state_2000ms_for_200s/fstate_148000000000.txt
  > [SIGNALING] 累計統計: 124 事件, 0 字節
[STATS-DEBUG] 開始生成統計文件... PID=1716390, TID=133789419201600
[DEBUG] output_dynamic_state_dir: gen_data/starlink_550_isls_plus_grid_ground_stations_top_100_with_hsinchu_algorithm_hierarchical_virtual_gid_27deg_k4/dynamic_state_2000ms_for_200s
[DEBUG] k_best: 4
[DEBUG] scenario_info: ''
[DEBUG] temp_dir_name: temp_grhr_k4
  > [SIGNALING] 累計統計: 126 事件, 0 字節
FORWARDING STATE AT T = 150000000000ns (= 150.0 seconds)

BASIC INFORMATION
  > Epoch.................. 2000-01-01 00:00:00.000
  > Time since epoch....... 150000000000 ns
  > Absolute time.......... 2000-01-01 00:02:30.000
  > Satellites............. 1584
  > Ground stations........ 101
  > Max. range GSL......... 1089686.4181956202m
  > Max. range ISL......... 5016591.233098428m

ISL INFORMATION
  > Total ISLs............. 3168
  > Min. ISLs/satellite.... 4
  > Max. ISLs/satellite.... 4

GSL INTERFACE INFORMATION
  > Min. GSL IFs/satellite........ 1
  > Max. GSL IFs/satellite........ 1
  > Min. GSL IFs/ground station... 1
  > Max. GSL IFs/ground_station... 1

GSL IN-RANGE INFORMATION
  > Min. satellites in range... 3
  > Max. satellites in range... 21
[MODE] SP_OVER_PID_QUOTIENT=True
  > Calculating Floyd-Warshall for graph without ground-station relays
  > Writing forwarding state to: gen_data/starlink_550_isls_plus_grid_ground_stations_top_100_with_hsinchu_algorithm_hierarchical_virtual_gid_27deg_k4/dynamic_state_2000ms_for_200s/fstate_150000000000.txt
  > [SIGNALING] 累計統計: 129 事件, 0 字節
[STATS-DEBUG] 開始生成統計文件... PID=1716390, TID=133789419201600
[DEBUG] output_dynamic_state_dir: gen_data/starlink_550_isls_plus_grid_ground_stations_top_100_with_hsinchu_algorithm_hierarchical_virtual_gid_27deg_k4/dynamic_state_2000ms_for_200s
[DEBUG] k_best: 4
[DEBUG] scenario_info: ''
[DEBUG] temp_dir_name: temp_grhr_k4
  > [SIGNALING] 累計統計: 131 事件, 0 字節
  > Max. GSL IFs/ground_station... 1

GSL IN-RANGE INFORMATION
  > Min. satellites in range... 3
  > Max. satellites in range... 19
[MODE] SP_OVER_PID_QUOTIENT=True
  > Calculating Floyd-Warshall for graph without ground-station relays
  > Writing forwarding state to: gen_data/starlink_550_isls_plus_grid_ground_stations_top_100_with_hsinchu_algorithm_hierarchical_virtual_gid_27deg_k4/dynamic_state_2000ms_for_200s/fstate_42000000000.txt
  > [SIGNALING] 累計統計: 109 事件, 0 字節
[STATS-DEBUG] 開始生成統計文件... PID=1716388, TID=133789419201600
[DEBUG] output_dynamic_state_dir: gen_data/starlink_550_isls_plus_grid_ground_stations_top_100_with_hsinchu_algorithm_hierarchical_virtual_gid_27deg_k4/dynamic_state_2000ms_for_200s
[DEBUG] k_best: 4
[DEBUG] scenario_info: ''
[DEBUG] temp_dir_name: temp_grhr_k4
  > [SIGNALING] 累計統計: 111 事件, 0 字節
FORWARDING STATE AT T = 44000000000ns (= 44.0 seconds)

BASIC INFORMATION
  > Epoch.................. 2000-01-01 00:00:00.000
  > Time since epoch....... 44000000000 ns
  > Absolute time.......... 2000-01-01 00:00:44.000
  > Satellites............. 1584
  > Ground stations........ 101
  > Max. range GSL......... 1089686.4181956202m
  > Max. range ISL......... 5016591.233098428m

ISL INFORMATION
  > Total ISLs............. 3168
  > Min. ISLs/satellite.... 4
  > Max. ISLs/satellite.... 4

GSL INTERFACE INFORMATION
  > Min. GSL IFs/satellite........ 1
  > Max. GSL IFs/satellite........ 1
  > Min. GSL IFs/ground station... 1
  > Max. GSL IFs/ground_station... 1

GSL IN-RANGE INFORMATION
  > Min. satellites in range... 3
  > Max. satellites in range... 19
[MODE] SP_OVER_PID_QUOTIENT=True
  > Calculating Floyd-Warshall for graph without ground-station relays
  > Writing forwarding state to: gen_data/starlink_550_isls_plus_grid_ground_stations_top_100_with_hsinchu_algorithm_hierarchical_virtual_gid_27deg_k4/dynamic_state_2000ms_for_200s/fstate_44000000000.txt
  > [SIGNALING] 累計統計: 114 事件, 0 字節
[STATS-DEBUG] 開始生成統計文件... PID=1716388, TID=133789419201600
[DEBUG] output_dynamic_state_dir: gen_data/starlink_550_isls_plus_grid_ground_stations_top_100_with_hsinchu_algorithm_hierarchical_virtual_gid_27deg_k4/dynamic_state_2000ms_for_200s
[DEBUG] k_best: 4
[DEBUG] scenario_info: ''
[DEBUG] temp_dir_name: temp_grhr_k4
  > [SIGNALING] 累計統計: 116 事件, 0 字節
FORWARDING STATE AT T = 46000000000ns (= 46.0 seconds)

BASIC INFORMATION
  > Epoch.................. 2000-01-01 00:00:00.000
  > Time since epoch....... 46000000000 ns
  > Absolute time.......... 2000-01-01 00:00:46.000
  > Satellites............. 1584
  > Ground stations........ 101
  > Max. range GSL......... 1089686.4181956202m
  > Max. range ISL......... 5016591.233098428m

ISL INFORMATION
  > Total ISLs............. 3168
  > Min. ISLs/satellite.... 4
  > Max. ISLs/satellite.... 4

GSL INTERFACE INFORMATION
  > Min. GSL IFs/satellite........ 1
  > Max. GSL IFs/satellite........ 1
  > Min. GSL IFs/ground station... 1
  > Max. GSL IFs/ground_station... 1

GSL IN-RANGE INFORMATION
  > Min. satellites in range... 3
  > Max. satellites in range... 18
[MODE] SP_OVER_PID_QUOTIENT=True
  > Calculating Floyd-Warshall for graph without ground-station relays
  > Writing forwarding state to: gen_data/starlink_550_isls_plus_grid_ground_stations_top_100_with_hsinchu_algorithm_hierarchical_virtual_gid_27deg_k4/dynamic_state_2000ms_for_200s/fstate_46000000000.txt
  > [SIGNALING] 累計統計: 119 事件, 0 字節
[STATS-DEBUG] 開始生成統計文件... PID=1716388, TID=133789419201600
[DEBUG] output_dynamic_state_dir: gen_data/starlink_550_isls_plus_grid_ground_stations_top_100_with_hsinchu_algorithm_hierarchical_virtual_gid_27deg_k4/dynamic_state_2000ms_for_200s
[DEBUG] k_best: 4
[DEBUG] scenario_info: ''
[DEBUG] temp_dir_name: temp_grhr_k4
  > [SIGNALING] 累計統計: 121 事件, 0 字節
FORWARDING STATE AT T = 48000000000ns (= 48.0 seconds)

BASIC INFORMATION
  > Epoch.................. 2000-01-01 00:00:00.000
  > Time since epoch....... 48000000000 ns
  > Absolute time.......... 2000-01-01 00:00:48.000
  > Satellites............. 1584
  > Ground stations........ 101
  > Max. range GSL......... 1089686.4181956202m
  > Max. range ISL......... 5016591.233098428m

ISL INFORMATION
  > Total ISLs............. 3168
  > Min. ISLs/satellite.... 4
  > Max. ISLs/satellite.... 4

GSL INTERFACE INFORMATION
  > Min. GSL IFs/satellite........ 1
  > Max. GSL IFs/satellite........ 1
  > Min. GSL IFs/ground station... 1
  > Max. GSL IFs/ground_station... 1

GSL IN-RANGE INFORMATION
  > Min. satellites in range... 2
  > Max. satellites in range... 19
[MODE] SP_OVER_PID_QUOTIENT=True
  > Calculating Floyd-Warshall for graph without ground-station relays
  > Writing forwarding state to: gen_data/starlink_550_isls_plus_grid_ground_stations_top_100_with_hsinchu_algorithm_hierarchical_virtual_gid_27deg_k4/dynamic_state_2000ms_for_200s/fstate_48000000000.txt
  > [SIGNALING] 累計統計: 124 事件, 0 字節
[STATS-DEBUG] 開始生成統計文件... PID=1716388, TID=133789419201600
[DEBUG] output_dynamic_state_dir: gen_data/starlink_550_isls_plus_grid_ground_stations_top_100_with_hsinchu_algorithm_hierarchical_virtual_gid_27deg_k4/dynamic_state_2000ms_for_200s
[DEBUG] k_best: 4
[DEBUG] scenario_info: ''
[DEBUG] temp_dir_name: temp_grhr_k4
  > [SIGNALING] 累計統計: 126 事件, 0 字節
FORWARDING STATE AT T = 50000000000ns (= 50.0 seconds)

BASIC INFORMATION
  > Epoch.................. 2000-01-01 00:00:00.000
  > Time since epoch....... 50000000000 ns
  > Absolute time.......... 2000-01-01 00:00:50.000
  > Satellites............. 1584
  > Ground stations........ 101
  > Max. range GSL......... 1089686.4181956202m
  > Max. range ISL......... 5016591.233098428m

ISL INFORMATION
  > Total ISLs............. 3168
  > Min. ISLs/satellite.... 4
  > Max. ISLs/satellite.... 4

GSL INTERFACE INFORMATION
  > Min. GSL IFs/satellite........ 1
  > Max. GSL IFs/satellite........ 1
  > Min. GSL IFs/ground station... 1
  > Max. GSL IFs/ground_station... 1

GSL IN-RANGE INFORMATION
  > Min. satellites in range... 2
  > Max. satellites in range... 20
[MODE] SP_OVER_PID_QUOTIENT=True
  > Calculating Floyd-Warshall for graph without ground-station relays
  > Writing forwarding state to: gen_data/starlink_550_isls_plus_grid_ground_stations_top_100_with_hsinchu_algorithm_hierarchical_virtual_gid_27deg_k4/dynamic_state_2000ms_for_200s/fstate_50000000000.txt
  > [SIGNALING] 累計統計: 129 事件, 0 字節
[STATS-DEBUG] 開始生成統計文件... PID=1716388, TID=133789419201600
[DEBUG] output_dynamic_state_dir: gen_data/starlink_550_isls_plus_grid_ground_stations_top_100_with_hsinchu_algorithm_hierarchical_virtual_gid_27deg_k4/dynamic_state_2000ms_for_200s
[DEBUG] k_best: 4
[DEBUG] scenario_info: ''
[DEBUG] temp_dir_name: temp_grhr_k4
  > [SIGNALING] 累計統計: 131 事件, 0 字節
✅ Random P1 K4 完成

執行 Random P1 K6...
[GID] Setting grid degree to 27° and K-best to 6 for hierarchical GID algorithm
Generating ground stations...
Generating TLEs...
Generating ISLs...
Generating description...
Generating GSL interfaces info..
Generating forwarding state...
Thread 0 does interval [0.00 ms, 50000.00 ms]
Thread 1 does interval [50000.00 ms, 100000.00 ms]
Thread 2 does interval [100000.00 ms, 150000.00 ms]
Thread 3 does interval [150000.00 ms, 200000.00 ms]
FORWARDING STATE AT T = 100000000000ns (= 100.0 seconds)

BASIC INFORMATION
  > Epoch.................. 2000-01-01 00:00:00.000
  > Time since epoch....... 100000000000 ns
  > Absolute time.......... 2000-01-01 00:01:40.000
  > Satellites............. 1584
  > Ground stations........ 101
  > Max. range GSL......... 1089686.4181956202m
  > Max. range ISL......... 5016591.233098428m

ISL INFORMATION
  > Total ISLs............. 3168
  > Min. ISLs/satellite.... 4
  > Max. ISLs/satellite.... 4

GSL INTERFACE INFORMATION
  > Min. GSL IFs/satellite........ 1
  > Max. GSL IFs/satellite........ 1
  > Min. GSL IFs/ground station... 1
  > Max. GSL IFs/ground_station... 1

GSL IN-RANGE INFORMATION
  > Min. satellites in range... 5
  > Max. satellites in range... 19

============================================================
🐒 CHAOS MONKEY CONFIGURATION
============================================================
  ENABLE_CHAOS_MONKEY       = True
  CHAOS_FAILURE_RATE        = 0.01 (1.0%)
  CHAOS_INTERVAL_SNAPSHOTS  = 1 (every 0.1s)
  CHAOS_LOG_FILE            = ../../logs/chaos_p1_k6.log
============================================================

[MODE] SP_OVER_PID_QUOTIENT=True
  > Calculating Floyd-Warshall for graph without ground-station relays
  > Writing forwarding state to: gen_data/starlink_550_isls_plus_grid_ground_stations_top_100_with_hsinchu_algorithm_hierarchical_virtual_gid_27deg_k6/dynamic_state_2000ms_for_200s/fstate_100000000000.txt
  > [SIGNALING] 累計統計: 4 事件, 0 字節
[STATS-DEBUG] 開始生成統計文件... PID=1716793, TID=133824866501696
[DEBUG] output_dynamic_state_dir: gen_data/starlink_550_isls_plus_grid_ground_stations_top_100_with_hsinchu_algorithm_hierarchical_virtual_gid_27deg_k6/dynamic_state_2000ms_for_200s
[DEBUG] k_best: 6
[DEBUG] scenario_info: ''
[DEBUG] temp_dir_name: temp_grhr_k6
  > [SIGNALING] 累計統計: 6 事件, 0 字節
FORWARDING STATE AT T = 102000000000ns (= 102.0 seconds)

BASIC INFORMATION
  > Epoch.................. 2000-01-01 00:00:00.000
  > Time since epoch....... 102000000000 ns
  > Absolute time.......... 2000-01-01 00:01:42.000
  > Satellites............. 1584
  > Ground stations........ 101
  > Max. range GSL......... 1089686.4181956202m
  > Max. range ISL......... 5016591.233098428m

ISL INFORMATION
  > Total ISLs............. 3168
  > Min. ISLs/satellite.... 4
  > Max. ISLs/satellite.... 4

GSL INTERFACE INFORMATION
  > Min. GSL IFs/satellite........ 1
  > Max. GSL IFs/satellite........ 1
  > Min. GSL IFs/ground station... 1
  > Max. GSL IFs/ground_station... 1

GSL IN-RANGE INFORMATION
  > Min. satellites in range... 5
  > Max. satellites in range... 19
[MODE] SP_OVER_PID_QUOTIENT=True
  > Calculating Floyd-Warshall for graph without ground-station relays
  > Writing forwarding state to: gen_data/starlink_550_isls_plus_grid_ground_stations_top_100_with_hsinchu_algorithm_hierarchical_virtual_gid_27deg_k6/dynamic_state_2000ms_for_200s/fstate_102000000000.txt
  > [SIGNALING] 累計統計: 9 事件, 0 字節
[STATS-DEBUG] 開始生成統計文件... PID=1716793, TID=133824866501696
[DEBUG] output_dynamic_state_dir: gen_data/starlink_550_isls_plus_grid_ground_stations_top_100_with_hsinchu_algorithm_hierarchical_virtual_gid_27deg_k6/dynamic_state_2000ms_for_200s
[DEBUG] k_best: 6
[DEBUG] scenario_info: ''
[DEBUG] temp_dir_name: temp_grhr_k6
  > [SIGNALING] 累計統計: 11 事件, 0 字節
FORWARDING STATE AT T = 104000000000ns (= 104.0 seconds)

BASIC INFORMATION
  > Epoch.................. 2000-01-01 00:00:00.000
  > Time since epoch....... 104000000000 ns
  > Absolute time.......... 2000-01-01 00:01:44.000
  > Satellites............. 1584
  > Ground stations........ 101
  > Max. range GSL......... 1089686.4181956202m
  > Max. range ISL......... 5016591.233098428m

ISL INFORMATION
  > Total ISLs............. 3168
  > Min. ISLs/satellite.... 4
  > Max. ISLs/satellite.... 4

GSL INTERFACE INFORMATION
  > Min. GSL IFs/satellite........ 1
  > Max. GSL IFs/satellite........ 1
  > Min. GSL IFs/ground station... 1
  > Max. GSL IFs/ground_station... 1

GSL IN-RANGE INFORMATION
  > Min. satellites in range... 5
  > Max. satellites in range... 19
[MODE] SP_OVER_PID_QUOTIENT=True
  > Calculating Floyd-Warshall for graph without ground-station relays
  > Writing forwarding state to: gen_data/starlink_550_isls_plus_grid_ground_stations_top_100_with_hsinchu_algorithm_hierarchical_virtual_gid_27deg_k6/dynamic_state_2000ms_for_200s/fstate_104000000000.txt
  > [SIGNALING] 累計統計: 14 事件, 0 字節
[STATS-DEBUG] 開始生成統計文件... PID=1716793, TID=133824866501696
[DEBUG] output_dynamic_state_dir: gen_data/starlink_550_isls_plus_grid_ground_stations_top_100_with_hsinchu_algorithm_hierarchical_virtual_gid_27deg_k6/dynamic_state_2000ms_for_200s
[DEBUG] k_best: 6
[DEBUG] scenario_info: ''
[DEBUG] temp_dir_name: temp_grhr_k6
  > [SIGNALING] 累計統計: 16 事件, 0 字節
FORWARDING STATE AT T = 106000000000ns (= 106.0 seconds)

BASIC INFORMATION
  > Epoch.................. 2000-01-01 00:00:00.000
  > Time since epoch....... 106000000000 ns
  > Absolute time.......... 2000-01-01 00:01:46.000
  > Satellites............. 1584
  > Ground stations........ 101
  > Max. range GSL......... 1089686.4181956202m
  > Max. range ISL......... 5016591.233098428m

ISL INFORMATION
  > Total ISLs............. 3168
  > Min. ISLs/satellite.... 4
  > Max. ISLs/satellite.... 4

GSL INTERFACE INFORMATION
  > Min. GSL IFs/satellite........ 1
  > Max. GSL IFs/satellite........ 1
  > Min. GSL IFs/ground station... 1
  > Max. GSL IFs/ground_station... 1

GSL IN-RANGE INFORMATION
  > Min. satellites in range... 5
  > Max. satellites in range... 19
[MODE] SP_OVER_PID_QUOTIENT=True
  > Calculating Floyd-Warshall for graph without ground-station relays
  > Writing forwarding state to: gen_data/starlink_550_isls_plus_grid_ground_stations_top_100_with_hsinchu_algorithm_hierarchical_virtual_gid_27deg_k6/dynamic_state_2000ms_for_200s/fstate_106000000000.txt
  > [SIGNALING] 累計統計: 19 事件, 0 字節
[STATS-DEBUG] 開始生成統計文件... PID=1716793, TID=133824866501696
[DEBUG] output_dynamic_state_dir: gen_data/starlink_550_isls_plus_grid_ground_stations_top_100_with_hsinchu_algorithm_hierarchical_virtual_gid_27deg_k6/dynamic_state_2000ms_for_200s
[DEBUG] k_best: 6
[DEBUG] scenario_info: ''
[DEBUG] temp_dir_name: temp_grhr_k6
  > [SIGNALING] 累計統計: 21 事件, 0 字節
FORWARDING STATE AT T = 108000000000ns (= 108.0 seconds)

BASIC INFORMATION
  > Epoch.................. 2000-01-01 00:00:00.000
  > Time since epoch....... 108000000000 ns
  > Absolute time.......... 2000-01-01 00:01:48.000
  > Satellites............. 1584
  > Ground stations........ 101
  > Max. range GSL......... 1089686.4181956202m
  > Max. range ISL......... 5016591.233098428m

ISL INFORMATION
  > Total ISLs............. 3168
  > Min. ISLs/satellite.... 4
  > Max. ISLs/satellite.... 4

GSL INTERFACE INFORMATION
  > Min. GSL IFs/satellite........ 1
  > Max. GSL IFs/satellite........ 1
  > Min. GSL IFs/ground station... 1
  > Max. GSL IFs/ground_station... 1

GSL IN-RANGE INFORMATION
  > Min. satellites in range... 5
  > Max. satellites in range... 19
[MODE] SP_OVER_PID_QUOTIENT=True
  > Calculating Floyd-Warshall for graph without ground-station relays
  > Writing forwarding state to: gen_data/starlink_550_isls_plus_grid_ground_stations_top_100_with_hsinchu_algorithm_hierarchical_virtual_gid_27deg_k6/dynamic_state_2000ms_for_200s/fstate_108000000000.txt
  > [SIGNALING] 累計統計: 24 事件, 0 字節
[STATS-DEBUG] 開始生成統計文件... PID=1716793, TID=133824866501696
[DEBUG] output_dynamic_state_dir: gen_data/starlink_550_isls_plus_grid_ground_stations_top_100_with_hsinchu_algorithm_hierarchical_virtual_gid_27deg_k6/dynamic_state_2000ms_for_200s
[DEBUG] k_best: 6
[DEBUG] scenario_info: ''
[DEBUG] temp_dir_name: temp_grhr_k6
  > [SIGNALING] 累計統計: 26 事件, 0 字節
FORWARDING STATE AT T = 110000000000ns (= 110.0 seconds)

BASIC INFORMATION
  > Epoch.................. 2000-01-01 00:00:00.000
  > Time since epoch....... 110000000000 ns
  > Absolute time.......... 2000-01-01 00:01:50.000
FORWARDING STATE AT T = 0ns (= 0.0 seconds)

BASIC INFORMATION
  > Epoch.................. 2000-01-01 00:00:00.000
  > Time since epoch....... 0 ns
  > Absolute time.......... 2000-01-01 00:00:00.000
  > Satellites............. 1584
  > Ground stations........ 101
  > Max. range GSL......... 1089686.4181956202m
  > Max. range ISL......... 5016591.233098428m

ISL INFORMATION
  > Total ISLs............. 3168
  > Min. ISLs/satellite.... 4
  > Max. ISLs/satellite.... 4

GSL INTERFACE INFORMATION
  > Min. GSL IFs/satellite........ 1
  > Max. GSL IFs/satellite........ 1
  > Min. GSL IFs/ground station... 1
  > Max. GSL IFs/ground_station... 1

GSL IN-RANGE INFORMATION
  > Min. satellites in range... 4
  > Max. satellites in range... 20

============================================================
🐒 CHAOS MONKEY CONFIGURATION
============================================================
  ENABLE_CHAOS_MONKEY       = True
  CHAOS_FAILURE_RATE        = 0.01 (1.0%)
  CHAOS_INTERVAL_SNAPSHOTS  = 1 (every 0.1s)
  CHAOS_LOG_FILE            = ../../logs/chaos_p1_k6.log
============================================================

[MODE] SP_OVER_PID_QUOTIENT=True
  > Calculating Floyd-Warshall for graph without ground-station relays
  > Writing forwarding state to: gen_data/starlink_550_isls_plus_grid_ground_stations_top_100_with_hsinchu_algorithm_hierarchical_virtual_gid_27deg_k6/dynamic_state_2000ms_for_200s/fstate_0.txt
  > [SIGNALING] 累計統計: 4 事件, 0 字節
[STATS-DEBUG] 開始生成統計文件... PID=1716791, TID=133824866501696
[DEBUG] output_dynamic_state_dir: gen_data/starlink_550_isls_plus_grid_ground_stations_top_100_with_hsinchu_algorithm_hierarchical_virtual_gid_27deg_k6/dynamic_state_2000ms_for_200s
[DEBUG] k_best: 6
[DEBUG] scenario_info: ''
[DEBUG] temp_dir_name: temp_grhr_k6
  > [SIGNALING] 累計統計: 6 事件, 0 字節
FORWARDING STATE AT T = 2000000000ns (= 2.0 seconds)

BASIC INFORMATION
  > Epoch.................. 2000-01-01 00:00:00.000
  > Time since epoch....... 2000000000 ns
  > Absolute time.......... 2000-01-01 00:00:02.000
  > Satellites............. 1584
  > Ground stations........ 101
  > Max. range GSL......... 1089686.4181956202m
  > Max. range ISL......... 5016591.233098428m

ISL INFORMATION
  > Total ISLs............. 3168
  > Min. ISLs/satellite.... 4
  > Max. ISLs/satellite.... 4

GSL INTERFACE INFORMATION
  > Min. GSL IFs/satellite........ 1
  > Max. GSL IFs/satellite........ 1
  > Min. GSL IFs/ground station... 1
  > Max. GSL IFs/ground_station... 1

GSL IN-RANGE INFORMATION
  > Min. satellites in range... 4
  > Max. satellites in range... 20
[MODE] SP_OVER_PID_QUOTIENT=True
  > Calculating Floyd-Warshall for graph without ground-station relays
  > Writing forwarding state to: gen_data/starlink_550_isls_plus_grid_ground_stations_top_100_with_hsinchu_algorithm_hierarchical_virtual_gid_27deg_k6/dynamic_state_2000ms_for_200s/fstate_2000000000.txt
  > [SIGNALING] 累計統計: 9 事件, 0 字節
[STATS-DEBUG] 開始生成統計文件... PID=1716791, TID=133824866501696
[DEBUG] output_dynamic_state_dir: gen_data/starlink_550_isls_plus_grid_ground_stations_top_100_with_hsinchu_algorithm_hierarchical_virtual_gid_27deg_k6/dynamic_state_2000ms_for_200s
[DEBUG] k_best: 6
[DEBUG] scenario_info: ''
[DEBUG] temp_dir_name: temp_grhr_k6
  > [SIGNALING] 累計統計: 11 事件, 0 字節
FORWARDING STATE AT T = 4000000000ns (= 4.0 seconds)

BASIC INFORMATION
  > Epoch.................. 2000-01-01 00:00:00.000
  > Time since epoch....... 4000000000 ns
  > Absolute time.......... 2000-01-01 00:00:04.000
  > Satellites............. 1584
  > Ground stations........ 101
  > Max. range GSL......... 1089686.4181956202m
  > Max. range ISL......... 5016591.233098428m

ISL INFORMATION
  > Total ISLs............. 3168
  > Min. ISLs/satellite.... 4
  > Max. ISLs/satellite.... 4

GSL INTERFACE INFORMATION
  > Min. GSL IFs/satellite........ 1
  > Max. GSL IFs/satellite........ 1
  > Min. GSL IFs/ground station... 1
  > Max. GSL IFs/ground_station... 1

GSL IN-RANGE INFORMATION
  > Min. satellites in range... 4
  > Max. satellites in range... 20
[MODE] SP_OVER_PID_QUOTIENT=True
  > Calculating Floyd-Warshall for graph without ground-station relays
  > Writing forwarding state to: gen_data/starlink_550_isls_plus_grid_ground_stations_top_100_with_hsinchu_algorithm_hierarchical_virtual_gid_27deg_k6/dynamic_state_2000ms_for_200s/fstate_4000000000.txt
  > [SIGNALING] 累計統計: 14 事件, 0 字節
[STATS-DEBUG] 開始生成統計文件... PID=1716791, TID=133824866501696
[DEBUG] output_dynamic_state_dir: gen_data/starlink_550_isls_plus_grid_ground_stations_top_100_with_hsinchu_algorithm_hierarchical_virtual_gid_27deg_k6/dynamic_state_2000ms_for_200s
[DEBUG] k_best: 6
[DEBUG] scenario_info: ''
[DEBUG] temp_dir_name: temp_grhr_k6
  > [SIGNALING] 累計統計: 16 事件, 0 字節
FORWARDING STATE AT T = 6000000000ns (= 6.0 seconds)

BASIC INFORMATION
  > Epoch.................. 2000-01-01 00:00:00.000
  > Time since epoch....... 6000000000 ns
  > Absolute time.......... 2000-01-01 00:00:06.000
  > Satellites............. 1584
  > Ground stations........ 101
  > Max. range GSL......... 1089686.4181956202m
  > Max. range ISL......... 5016591.233098428m

ISL INFORMATION
  > Total ISLs............. 3168
  > Min. ISLs/satellite.... 4
  > Max. ISLs/satellite.... 4

GSL INTERFACE INFORMATION
  > Min. GSL IFs/satellite........ 1
  > Max. GSL IFs/satellite........ 1
  > Min. GSL IFs/ground station... 1
  > Max. GSL IFs/ground_station... 1

GSL IN-RANGE INFORMATION
  > Min. satellites in range... 4
  > Max. satellites in range... 20
[MODE] SP_OVER_PID_QUOTIENT=True
  > Calculating Floyd-Warshall for graph without ground-station relays
  > Writing forwarding state to: gen_data/starlink_550_isls_plus_grid_ground_stations_top_100_with_hsinchu_algorithm_hierarchical_virtual_gid_27deg_k6/dynamic_state_2000ms_for_200s/fstate_6000000000.txt
  > [SIGNALING] 累計統計: 19 事件, 0 字節
[STATS-DEBUG] 開始生成統計文件... PID=1716791, TID=133824866501696
[DEBUG] output_dynamic_state_dir: gen_data/starlink_550_isls_plus_grid_ground_stations_top_100_with_hsinchu_algorithm_hierarchical_virtual_gid_27deg_k6/dynamic_state_2000ms_for_200s
[DEBUG] k_best: 6
[DEBUG] scenario_info: ''
[DEBUG] temp_dir_name: temp_grhr_k6
  > [SIGNALING] 累計統計: 21 事件, 0 字節
FORWARDING STATE AT T = 8000000000ns (= 8.0 seconds)

BASIC INFORMATION
  > Epoch.................. 2000-01-01 00:00:00.000
  > Time since epoch....... 8000000000 ns
  > Absolute time.......... 2000-01-01 00:00:08.000
  > Satellites............. 1584
  > Ground stations........ 101
  > Max. range GSL......... 1089686.4181956202m
  > Max. range ISL......... 5016591.233098428m

ISL INFORMATION
  > Total ISLs............. 3168
  > Min. ISLs/satellite.... 4
  > Max. ISLs/satellite.... 4

GSL INTERFACE INFORMATION
  > Min. GSL IFs/satellite........ 1
  > Max. GSL IFs/satellite........ 1
  > Min. GSL IFs/ground station... 1
  > Max. GSL IFs/ground_station... 1

GSL IN-RANGE INFORMATION
  > Min. satellites in range... 4
  > Max. satellites in range... 19
[MODE] SP_OVER_PID_QUOTIENT=True
  > Calculating Floyd-Warshall for graph without ground-station relays
  > Writing forwarding state to: gen_data/starlink_550_isls_plus_grid_ground_stations_top_100_with_hsinchu_algorithm_hierarchical_virtual_gid_27deg_k6/dynamic_state_2000ms_for_200s/fstate_8000000000.txt
  > [SIGNALING] 累計統計: 24 事件, 0 字節
[STATS-DEBUG] 開始生成統計文件... PID=1716791, TID=133824866501696
[DEBUG] output_dynamic_state_dir: gen_data/starlink_550_isls_plus_grid_ground_stations_top_100_with_hsinchu_algorithm_hierarchical_virtual_gid_27deg_k6/dynamic_state_2000ms_for_200s
[DEBUG] k_best: 6
[DEBUG] scenario_info: ''
[DEBUG] temp_dir_name: temp_grhr_k6
  > [SIGNALING] 累計統計: 26 事件, 0 字節
FORWARDING STATE AT T = 10000000000ns (= 10.0 seconds)

BASIC INFORMATION
  > Epoch.................. 2000-01-01 00:00:00.000
  > Time since epoch....... 10000000000 ns
  > Absolute time.......... 2000-01-01 00:00:10.000
  > Satellites............. 1584
  > Ground stations........ 101
FORWARDING STATE AT T = 50000000000ns (= 50.0 seconds)

BASIC INFORMATION
  > Epoch.................. 2000-01-01 00:00:00.000
  > Time since epoch....... 50000000000 ns
  > Absolute time.......... 2000-01-01 00:00:50.000
  > Satellites............. 1584
  > Ground stations........ 101
  > Max. range GSL......... 1089686.4181956202m
  > Max. range ISL......... 5016591.233098428m

ISL INFORMATION
  > Total ISLs............. 3168
  > Min. ISLs/satellite.... 4
  > Max. ISLs/satellite.... 4

GSL INTERFACE INFORMATION
  > Min. GSL IFs/satellite........ 1
  > Max. GSL IFs/satellite........ 1
  > Min. GSL IFs/ground station... 1
  > Max. GSL IFs/ground_station... 1

GSL IN-RANGE INFORMATION
  > Min. satellites in range... 2
  > Max. satellites in range... 20

============================================================
🐒 CHAOS MONKEY CONFIGURATION
============================================================
  ENABLE_CHAOS_MONKEY       = True
  CHAOS_FAILURE_RATE        = 0.01 (1.0%)
  CHAOS_INTERVAL_SNAPSHOTS  = 1 (every 0.1s)
  CHAOS_LOG_FILE            = ../../logs/chaos_p1_k6.log
============================================================

[MODE] SP_OVER_PID_QUOTIENT=True
  > Calculating Floyd-Warshall for graph without ground-station relays
  > Writing forwarding state to: gen_data/starlink_550_isls_plus_grid_ground_stations_top_100_with_hsinchu_algorithm_hierarchical_virtual_gid_27deg_k6/dynamic_state_2000ms_for_200s/fstate_50000000000.txt
  > [SIGNALING] 累計統計: 4 事件, 0 字節
[STATS-DEBUG] 開始生成統計文件... PID=1716792, TID=133824866501696
[DEBUG] output_dynamic_state_dir: gen_data/starlink_550_isls_plus_grid_ground_stations_top_100_with_hsinchu_algorithm_hierarchical_virtual_gid_27deg_k6/dynamic_state_2000ms_for_200s
[DEBUG] k_best: 6
[DEBUG] scenario_info: ''
[DEBUG] temp_dir_name: temp_grhr_k6
  > [SIGNALING] 累計統計: 6 事件, 0 字節
FORWARDING STATE AT T = 52000000000ns (= 52.0 seconds)

BASIC INFORMATION
  > Epoch.................. 2000-01-01 00:00:00.000
  > Time since epoch....... 52000000000 ns
  > Absolute time.......... 2000-01-01 00:00:52.000
  > Satellites............. 1584
  > Ground stations........ 101
  > Max. range GSL......... 1089686.4181956202m
  > Max. range ISL......... 5016591.233098428m

ISL INFORMATION
  > Total ISLs............. 3168
  > Min. ISLs/satellite.... 4
  > Max. ISLs/satellite.... 4

GSL INTERFACE INFORMATION
  > Min. GSL IFs/satellite........ 1
  > Max. GSL IFs/satellite........ 1
  > Min. GSL IFs/ground station... 1
  > Max. GSL IFs/ground_station... 1

GSL IN-RANGE INFORMATION
  > Min. satellites in range... 2
  > Max. satellites in range... 20
[MODE] SP_OVER_PID_QUOTIENT=True
  > Calculating Floyd-Warshall for graph without ground-station relays
  > Writing forwarding state to: gen_data/starlink_550_isls_plus_grid_ground_stations_top_100_with_hsinchu_algorithm_hierarchical_virtual_gid_27deg_k6/dynamic_state_2000ms_for_200s/fstate_52000000000.txt
  > [SIGNALING] 累計統計: 9 事件, 0 字節
[STATS-DEBUG] 開始生成統計文件... PID=1716792, TID=133824866501696
[DEBUG] output_dynamic_state_dir: gen_data/starlink_550_isls_plus_grid_ground_stations_top_100_with_hsinchu_algorithm_hierarchical_virtual_gid_27deg_k6/dynamic_state_2000ms_for_200s
[DEBUG] k_best: 6
[DEBUG] scenario_info: ''
[DEBUG] temp_dir_name: temp_grhr_k6
  > [SIGNALING] 累計統計: 11 事件, 0 字節
FORWARDING STATE AT T = 54000000000ns (= 54.0 seconds)

BASIC INFORMATION
  > Epoch.................. 2000-01-01 00:00:00.000
  > Time since epoch....... 54000000000 ns
  > Absolute time.......... 2000-01-01 00:00:54.000
  > Satellites............. 1584
  > Ground stations........ 101
  > Max. range GSL......... 1089686.4181956202m
  > Max. range ISL......... 5016591.233098428m

ISL INFORMATION
  > Total ISLs............. 3168
  > Min. ISLs/satellite.... 4
  > Max. ISLs/satellite.... 4

GSL INTERFACE INFORMATION
  > Min. GSL IFs/satellite........ 1
  > Max. GSL IFs/satellite........ 1
  > Min. GSL IFs/ground station... 1
  > Max. GSL IFs/ground_station... 1

GSL IN-RANGE INFORMATION
  > Min. satellites in range... 2
  > Max. satellites in range... 20
[MODE] SP_OVER_PID_QUOTIENT=True
  > Calculating Floyd-Warshall for graph without ground-station relays
  > Writing forwarding state to: gen_data/starlink_550_isls_plus_grid_ground_stations_top_100_with_hsinchu_algorithm_hierarchical_virtual_gid_27deg_k6/dynamic_state_2000ms_for_200s/fstate_54000000000.txt
  > [SIGNALING] 累計統計: 14 事件, 0 字節
[STATS-DEBUG] 開始生成統計文件... PID=1716792, TID=133824866501696
[DEBUG] output_dynamic_state_dir: gen_data/starlink_550_isls_plus_grid_ground_stations_top_100_with_hsinchu_algorithm_hierarchical_virtual_gid_27deg_k6/dynamic_state_2000ms_for_200s
[DEBUG] k_best: 6
[DEBUG] scenario_info: ''
[DEBUG] temp_dir_name: temp_grhr_k6
  > [SIGNALING] 累計統計: 16 事件, 0 字節
FORWARDING STATE AT T = 56000000000ns (= 56.0 seconds)

BASIC INFORMATION
  > Epoch.................. 2000-01-01 00:00:00.000
  > Time since epoch....... 56000000000 ns
  > Absolute time.......... 2000-01-01 00:00:56.000
  > Satellites............. 1584
  > Ground stations........ 101
  > Max. range GSL......... 1089686.4181956202m
  > Max. range ISL......... 5016591.233098428m

ISL INFORMATION
  > Total ISLs............. 3168
  > Min. ISLs/satellite.... 4
  > Max. ISLs/satellite.... 4

GSL INTERFACE INFORMATION
  > Min. GSL IFs/satellite........ 1
  > Max. GSL IFs/satellite........ 1
  > Min. GSL IFs/ground station... 1
  > Max. GSL IFs/ground_station... 1

GSL IN-RANGE INFORMATION
  > Min. satellites in range... 2
  > Max. satellites in range... 20
[MODE] SP_OVER_PID_QUOTIENT=True
  > Calculating Floyd-Warshall for graph without ground-station relays
  > Writing forwarding state to: gen_data/starlink_550_isls_plus_grid_ground_stations_top_100_with_hsinchu_algorithm_hierarchical_virtual_gid_27deg_k6/dynamic_state_2000ms_for_200s/fstate_56000000000.txt
  > [SIGNALING] 累計統計: 19 事件, 0 字節
[STATS-DEBUG] 開始生成統計文件... PID=1716792, TID=133824866501696
[DEBUG] output_dynamic_state_dir: gen_data/starlink_550_isls_plus_grid_ground_stations_top_100_with_hsinchu_algorithm_hierarchical_virtual_gid_27deg_k6/dynamic_state_2000ms_for_200s
[DEBUG] k_best: 6
[DEBUG] scenario_info: ''
[DEBUG] temp_dir_name: temp_grhr_k6
  > [SIGNALING] 累計統計: 21 事件, 0 字節
FORWARDING STATE AT T = 58000000000ns (= 58.0 seconds)

BASIC INFORMATION
  > Epoch.................. 2000-01-01 00:00:00.000
  > Time since epoch....... 58000000000 ns
  > Absolute time.......... 2000-01-01 00:00:58.000
  > Satellites............. 1584
  > Ground stations........ 101
  > Max. range GSL......... 1089686.4181956202m
  > Max. range ISL......... 5016591.233098428m

ISL INFORMATION
  > Total ISLs............. 3168
  > Min. ISLs/satellite.... 4
  > Max. ISLs/satellite.... 4

GSL INTERFACE INFORMATION
  > Min. GSL IFs/satellite........ 1
  > Max. GSL IFs/satellite........ 1
  > Min. GSL IFs/ground station... 1
  > Max. GSL IFs/ground_station... 1

GSL IN-RANGE INFORMATION
  > Min. satellites in range... 3
  > Max. satellites in range... 20
[MODE] SP_OVER_PID_QUOTIENT=True
  > Calculating Floyd-Warshall for graph without ground-station relays
  > Writing forwarding state to: gen_data/starlink_550_isls_plus_grid_ground_stations_top_100_with_hsinchu_algorithm_hierarchical_virtual_gid_27deg_k6/dynamic_state_2000ms_for_200s/fstate_58000000000.txt
  > [SIGNALING] 累計統計: 24 事件, 0 字節
[STATS-DEBUG] 開始生成統計文件... PID=1716792, TID=133824866501696
[DEBUG] output_dynamic_state_dir: gen_data/starlink_550_isls_plus_grid_ground_stations_top_100_with_hsinchu_algorithm_hierarchical_virtual_gid_27deg_k6/dynamic_state_2000ms_for_200s
[DEBUG] k_best: 6
[DEBUG] scenario_info: ''
[DEBUG] temp_dir_name: temp_grhr_k6
  > [SIGNALING] 累計統計: 26 事件, 0 字節
FORWARDING STATE AT T = 60000000000ns (= 60.0 seconds)

BASIC INFORMATION
  > Epoch.................. 2000-01-01 00:00:00.000
  > Time since epoch....... 60000000000 ns
  > Absolute time.......... 2000-01-01 00:01:00.000
  > Satellites............. 1584
FORWARDING STATE AT T = 150000000000ns (= 150.0 seconds)

BASIC INFORMATION
  > Epoch.................. 2000-01-01 00:00:00.000
  > Time since epoch....... 150000000000 ns
  > Absolute time.......... 2000-01-01 00:02:30.000
  > Satellites............. 1584
  > Ground stations........ 101
  > Max. range GSL......... 1089686.4181956202m
  > Max. range ISL......... 5016591.233098428m

ISL INFORMATION
  > Total ISLs............. 3168
  > Min. ISLs/satellite.... 4
  > Max. ISLs/satellite.... 4

GSL INTERFACE INFORMATION
  > Min. GSL IFs/satellite........ 1
  > Max. GSL IFs/satellite........ 1
  > Min. GSL IFs/ground station... 1
  > Max. GSL IFs/ground_station... 1

GSL IN-RANGE INFORMATION
  > Min. satellites in range... 3
  > Max. satellites in range... 21

============================================================
🐒 CHAOS MONKEY CONFIGURATION
============================================================
  ENABLE_CHAOS_MONKEY       = True
  CHAOS_FAILURE_RATE        = 0.01 (1.0%)
  CHAOS_INTERVAL_SNAPSHOTS  = 1 (every 0.1s)
  CHAOS_LOG_FILE            = ../../logs/chaos_p1_k6.log
============================================================

[MODE] SP_OVER_PID_QUOTIENT=True
  > Calculating Floyd-Warshall for graph without ground-station relays
  > Writing forwarding state to: gen_data/starlink_550_isls_plus_grid_ground_stations_top_100_with_hsinchu_algorithm_hierarchical_virtual_gid_27deg_k6/dynamic_state_2000ms_for_200s/fstate_150000000000.txt
  > [SIGNALING] 累計統計: 4 事件, 0 字節
[STATS-DEBUG] 開始生成統計文件... PID=1716794, TID=133824866501696
[DEBUG] output_dynamic_state_dir: gen_data/starlink_550_isls_plus_grid_ground_stations_top_100_with_hsinchu_algorithm_hierarchical_virtual_gid_27deg_k6/dynamic_state_2000ms_for_200s
[DEBUG] k_best: 6
[DEBUG] scenario_info: ''
[DEBUG] temp_dir_name: temp_grhr_k6
  > [SIGNALING] 累計統計: 6 事件, 0 字節
FORWARDING STATE AT T = 152000000000ns (= 152.0 seconds)

BASIC INFORMATION
  > Epoch.................. 2000-01-01 00:00:00.000
  > Time since epoch....... 152000000000 ns
  > Absolute time.......... 2000-01-01 00:02:32.000
  > Satellites............. 1584
  > Ground stations........ 101
  > Max. range GSL......... 1089686.4181956202m
  > Max. range ISL......... 5016591.233098428m

ISL INFORMATION
  > Total ISLs............. 3168
  > Min. ISLs/satellite.... 4
  > Max. ISLs/satellite.... 4

GSL INTERFACE INFORMATION
  > Min. GSL IFs/satellite........ 1
  > Max. GSL IFs/satellite........ 1
  > Min. GSL IFs/ground station... 1
  > Max. GSL IFs/ground_station... 1

GSL IN-RANGE INFORMATION
  > Min. satellites in range... 5
  > Max. satellites in range... 20
[MODE] SP_OVER_PID_QUOTIENT=True
  > Calculating Floyd-Warshall for graph without ground-station relays
  > Writing forwarding state to: gen_data/starlink_550_isls_plus_grid_ground_stations_top_100_with_hsinchu_algorithm_hierarchical_virtual_gid_27deg_k6/dynamic_state_2000ms_for_200s/fstate_152000000000.txt
  > [SIGNALING] 累計統計: 9 事件, 0 字節
[STATS-DEBUG] 開始生成統計文件... PID=1716794, TID=133824866501696
[DEBUG] output_dynamic_state_dir: gen_data/starlink_550_isls_plus_grid_ground_stations_top_100_with_hsinchu_algorithm_hierarchical_virtual_gid_27deg_k6/dynamic_state_2000ms_for_200s
[DEBUG] k_best: 6
[DEBUG] scenario_info: ''
[DEBUG] temp_dir_name: temp_grhr_k6
  > [SIGNALING] 累計統計: 11 事件, 0 字節
FORWARDING STATE AT T = 154000000000ns (= 154.0 seconds)

BASIC INFORMATION
  > Epoch.................. 2000-01-01 00:00:00.000
  > Time since epoch....... 154000000000 ns
  > Absolute time.......... 2000-01-01 00:02:34.000
  > Satellites............. 1584
  > Ground stations........ 101
  > Max. range GSL......... 1089686.4181956202m
  > Max. range ISL......... 5016591.233098428m

ISL INFORMATION
  > Total ISLs............. 3168
  > Min. ISLs/satellite.... 4
  > Max. ISLs/satellite.... 4

GSL INTERFACE INFORMATION
  > Min. GSL IFs/satellite........ 1
  > Max. GSL IFs/satellite........ 1
  > Min. GSL IFs/ground station... 1
  > Max. GSL IFs/ground_station... 1

GSL IN-RANGE INFORMATION
  > Min. satellites in range... 5
  > Max. satellites in range... 21
[MODE] SP_OVER_PID_QUOTIENT=True
  > Calculating Floyd-Warshall for graph without ground-station relays
  > Writing forwarding state to: gen_data/starlink_550_isls_plus_grid_ground_stations_top_100_with_hsinchu_algorithm_hierarchical_virtual_gid_27deg_k6/dynamic_state_2000ms_for_200s/fstate_154000000000.txt
  > [SIGNALING] 累計統計: 14 事件, 0 字節
[STATS-DEBUG] 開始生成統計文件... PID=1716794, TID=133824866501696
[DEBUG] output_dynamic_state_dir: gen_data/starlink_550_isls_plus_grid_ground_stations_top_100_with_hsinchu_algorithm_hierarchical_virtual_gid_27deg_k6/dynamic_state_2000ms_for_200s
[DEBUG] k_best: 6
[DEBUG] scenario_info: ''
[DEBUG] temp_dir_name: temp_grhr_k6
  > [SIGNALING] 累計統計: 16 事件, 0 字節
FORWARDING STATE AT T = 156000000000ns (= 156.0 seconds)

BASIC INFORMATION
  > Epoch.................. 2000-01-01 00:00:00.000
  > Time since epoch....... 156000000000 ns
  > Absolute time.......... 2000-01-01 00:02:36.000
  > Satellites............. 1584
  > Ground stations........ 101
  > Max. range GSL......... 1089686.4181956202m
  > Max. range ISL......... 5016591.233098428m

ISL INFORMATION
  > Total ISLs............. 3168
  > Min. ISLs/satellite.... 4
  > Max. ISLs/satellite.... 4

GSL INTERFACE INFORMATION
  > Min. GSL IFs/satellite........ 1
  > Max. GSL IFs/satellite........ 1
  > Min. GSL IFs/ground station... 1
  > Max. GSL IFs/ground_station... 1

GSL IN-RANGE INFORMATION
  > Min. satellites in range... 5
  > Max. satellites in range... 21
[MODE] SP_OVER_PID_QUOTIENT=True
  > Calculating Floyd-Warshall for graph without ground-station relays
  > Writing forwarding state to: gen_data/starlink_550_isls_plus_grid_ground_stations_top_100_with_hsinchu_algorithm_hierarchical_virtual_gid_27deg_k6/dynamic_state_2000ms_for_200s/fstate_156000000000.txt
  > [SIGNALING] 累計統計: 19 事件, 0 字節
[STATS-DEBUG] 開始生成統計文件... PID=1716794, TID=133824866501696
[DEBUG] output_dynamic_state_dir: gen_data/starlink_550_isls_plus_grid_ground_stations_top_100_with_hsinchu_algorithm_hierarchical_virtual_gid_27deg_k6/dynamic_state_2000ms_for_200s
[DEBUG] k_best: 6
[DEBUG] scenario_info: ''
[DEBUG] temp_dir_name: temp_grhr_k6
  > [SIGNALING] 累計統計: 21 事件, 0 字節
FORWARDING STATE AT T = 158000000000ns (= 158.0 seconds)

BASIC INFORMATION
  > Epoch.................. 2000-01-01 00:00:00.000
  > Time since epoch....... 158000000000 ns
  > Absolute time.......... 2000-01-01 00:02:38.000
  > Satellites............. 1584
  > Ground stations........ 101
  > Max. range GSL......... 1089686.4181956202m
  > Max. range ISL......... 5016591.233098428m

ISL INFORMATION
  > Total ISLs............. 3168
  > Min. ISLs/satellite.... 4
  > Max. ISLs/satellite.... 4

GSL INTERFACE INFORMATION
  > Min. GSL IFs/satellite........ 1
  > Max. GSL IFs/satellite........ 1
  > Min. GSL IFs/ground station... 1
  > Max. GSL IFs/ground_station... 1

GSL IN-RANGE INFORMATION
  > Min. satellites in range... 5
  > Max. satellites in range... 20
[MODE] SP_OVER_PID_QUOTIENT=True
  > Calculating Floyd-Warshall for graph without ground-station relays
  > Writing forwarding state to: gen_data/starlink_550_isls_plus_grid_ground_stations_top_100_with_hsinchu_algorithm_hierarchical_virtual_gid_27deg_k6/dynamic_state_2000ms_for_200s/fstate_158000000000.txt
  > [SIGNALING] 累計統計: 24 事件, 0 字節
[STATS-DEBUG] 開始生成統計文件... PID=1716794, TID=133824866501696
[DEBUG] output_dynamic_state_dir: gen_data/starlink_550_isls_plus_grid_ground_stations_top_100_with_hsinchu_algorithm_hierarchical_virtual_gid_27deg_k6/dynamic_state_2000ms_for_200s
[DEBUG] k_best: 6
[DEBUG] scenario_info: ''
[DEBUG] temp_dir_name: temp_grhr_k6
  > [SIGNALING] 累計統計: 26 事件, 0 字節
FORWARDING STATE AT T = 160000000000ns (= 160.0 seconds)

BASIC INFORMATION
  > Epoch.................. 2000-01-01 00:00:00.000
  > Time since epoch....... 160000000000 ns
  > Absolute time.......... 2000-01-01 00:02:40.000
  > Satellites............. 1584
  > Ground stations........ 101
  > Max. range GSL......... 1089686.4181956202m
  > Max. range ISL......... 5016591.233098428m

ISL INFORMATION
  > Total ISLs............. 3168
  > Min. ISLs/satellite.... 4
  > Max. ISLs/satellite.... 4

GSL INTERFACE INFORMATION
  > Min. GSL IFs/satellite........ 1
  > Max. GSL IFs/satellite........ 1
  > Min. GSL IFs/ground station... 1
  > Max. GSL IFs/ground_station... 1

GSL IN-RANGE INFORMATION
  > Min. satellites in range... 4
  > Max. satellites in range... 20
[MODE] SP_OVER_PID_QUOTIENT=True
  > Calculating Floyd-Warshall for graph without ground-station relays
  > Writing forwarding state to: gen_data/starlink_550_isls_plus_grid_ground_stations_top_100_with_hsinchu_algorithm_hierarchical_virtual_gid_27deg_k6/dynamic_state_2000ms_for_200s/fstate_110000000000.txt
  > [SIGNALING] 累計統計: 29 事件, 0 字節
[STATS-DEBUG] 開始生成統計文件... PID=1716793, TID=133824866501696
[DEBUG] output_dynamic_state_dir: gen_data/starlink_550_isls_plus_grid_ground_stations_top_100_with_hsinchu_algorithm_hierarchical_virtual_gid_27deg_k6/dynamic_state_2000ms_for_200s
[DEBUG] k_best: 6
[DEBUG] scenario_info: ''
[DEBUG] temp_dir_name: temp_grhr_k6
  > [SIGNALING] 累計統計: 31 事件, 0 字節
FORWARDING STATE AT T = 112000000000ns (= 112.0 seconds)

BASIC INFORMATION
  > Epoch.................. 2000-01-01 00:00:00.000
  > Time since epoch....... 112000000000 ns
  > Absolute time.......... 2000-01-01 00:01:52.000
  > Satellites............. 1584
  > Ground stations........ 101
  > Max. range GSL......... 1089686.4181956202m
  > Max. range ISL......... 5016591.233098428m

ISL INFORMATION
  > Total ISLs............. 3168
  > Min. ISLs/satellite.... 4
  > Max. ISLs/satellite.... 4

GSL INTERFACE INFORMATION
  > Min. GSL IFs/satellite........ 1
  > Max. GSL IFs/satellite........ 1
  > Min. GSL IFs/ground station... 1
  > Max. GSL IFs/ground_station... 1

GSL IN-RANGE INFORMATION
  > Min. satellites in range... 4
  > Max. satellites in range... 20
[MODE] SP_OVER_PID_QUOTIENT=True
  > Calculating Floyd-Warshall for graph without ground-station relays
  > Writing forwarding state to: gen_data/starlink_550_isls_plus_grid_ground_stations_top_100_with_hsinchu_algorithm_hierarchical_virtual_gid_27deg_k6/dynamic_state_2000ms_for_200s/fstate_112000000000.txt
  > [SIGNALING] 累計統計: 34 事件, 0 字節
[STATS-DEBUG] 開始生成統計文件... PID=1716793, TID=133824866501696
[DEBUG] output_dynamic_state_dir: gen_data/starlink_550_isls_plus_grid_ground_stations_top_100_with_hsinchu_algorithm_hierarchical_virtual_gid_27deg_k6/dynamic_state_2000ms_for_200s
[DEBUG] k_best: 6
[DEBUG] scenario_info: ''
[DEBUG] temp_dir_name: temp_grhr_k6
  > [SIGNALING] 累計統計: 36 事件, 0 字節
FORWARDING STATE AT T = 114000000000ns (= 114.0 seconds)

BASIC INFORMATION
  > Epoch.................. 2000-01-01 00:00:00.000
  > Time since epoch....... 114000000000 ns
  > Absolute time.......... 2000-01-01 00:01:54.000
  > Satellites............. 1584
  > Ground stations........ 101
  > Max. range GSL......... 1089686.4181956202m
  > Max. range ISL......... 5016591.233098428m

ISL INFORMATION
  > Total ISLs............. 3168
  > Min. ISLs/satellite.... 4
  > Max. ISLs/satellite.... 4

GSL INTERFACE INFORMATION
  > Min. GSL IFs/satellite........ 1
  > Max. GSL IFs/satellite........ 1
  > Min. GSL IFs/ground station... 1
  > Max. GSL IFs/ground_station... 1

GSL IN-RANGE INFORMATION
  > Min. satellites in range... 4
  > Max. satellites in range... 20
[MODE] SP_OVER_PID_QUOTIENT=True
  > Calculating Floyd-Warshall for graph without ground-station relays
  > Writing forwarding state to: gen_data/starlink_550_isls_plus_grid_ground_stations_top_100_with_hsinchu_algorithm_hierarchical_virtual_gid_27deg_k6/dynamic_state_2000ms_for_200s/fstate_114000000000.txt
  > [SIGNALING] 累計統計: 39 事件, 0 字節
[STATS-DEBUG] 開始生成統計文件... PID=1716793, TID=133824866501696
[DEBUG] output_dynamic_state_dir: gen_data/starlink_550_isls_plus_grid_ground_stations_top_100_with_hsinchu_algorithm_hierarchical_virtual_gid_27deg_k6/dynamic_state_2000ms_for_200s
[DEBUG] k_best: 6
[DEBUG] scenario_info: ''
[DEBUG] temp_dir_name: temp_grhr_k6
  > [SIGNALING] 累計統計: 41 事件, 0 字節
FORWARDING STATE AT T = 116000000000ns (= 116.0 seconds)

BASIC INFORMATION
  > Epoch.................. 2000-01-01 00:00:00.000
  > Time since epoch....... 116000000000 ns
  > Absolute time.......... 2000-01-01 00:01:56.000
  > Satellites............. 1584
  > Ground stations........ 101
  > Max. range GSL......... 1089686.4181956202m
  > Max. range ISL......... 5016591.233098428m

ISL INFORMATION
  > Total ISLs............. 3168
  > Min. ISLs/satellite.... 4
  > Max. ISLs/satellite.... 4

GSL INTERFACE INFORMATION
  > Min. GSL IFs/satellite........ 1
  > Max. GSL IFs/satellite........ 1
  > Min. GSL IFs/ground station... 1
  > Max. GSL IFs/ground_station... 1

GSL IN-RANGE INFORMATION
  > Min. satellites in range... 4
  > Max. satellites in range... 20
[MODE] SP_OVER_PID_QUOTIENT=True
  > Calculating Floyd-Warshall for graph without ground-station relays
  > Writing forwarding state to: gen_data/starlink_550_isls_plus_grid_ground_stations_top_100_with_hsinchu_algorithm_hierarchical_virtual_gid_27deg_k6/dynamic_state_2000ms_for_200s/fstate_116000000000.txt
  > [SIGNALING] 累計統計: 44 事件, 0 字節
[STATS-DEBUG] 開始生成統計文件... PID=1716793, TID=133824866501696
[DEBUG] output_dynamic_state_dir: gen_data/starlink_550_isls_plus_grid_ground_stations_top_100_with_hsinchu_algorithm_hierarchical_virtual_gid_27deg_k6/dynamic_state_2000ms_for_200s
[DEBUG] k_best: 6
[DEBUG] scenario_info: ''
[DEBUG] temp_dir_name: temp_grhr_k6
  > [SIGNALING] 累計統計: 46 事件, 0 字節
FORWARDING STATE AT T = 118000000000ns (= 118.0 seconds)

BASIC INFORMATION
  > Epoch.................. 2000-01-01 00:00:00.000
  > Time since epoch....... 118000000000 ns
  > Absolute time.......... 2000-01-01 00:01:58.000
  > Satellites............. 1584
  > Ground stations........ 101
  > Max. range GSL......... 1089686.4181956202m
  > Max. range ISL......... 5016591.233098428m

ISL INFORMATION
  > Total ISLs............. 3168
  > Min. ISLs/satellite.... 4
  > Max. ISLs/satellite.... 4

GSL INTERFACE INFORMATION
  > Min. GSL IFs/satellite........ 1
  > Max. GSL IFs/satellite........ 1
  > Min. GSL IFs/ground station... 1
  > Max. GSL IFs/ground_station... 1

GSL IN-RANGE INFORMATION
  > Min. satellites in range... 4
  > Max. satellites in range... 20
[MODE] SP_OVER_PID_QUOTIENT=True
  > Calculating Floyd-Warshall for graph without ground-station relays
  > Writing forwarding state to: gen_data/starlink_550_isls_plus_grid_ground_stations_top_100_with_hsinchu_algorithm_hierarchical_virtual_gid_27deg_k6/dynamic_state_2000ms_for_200s/fstate_118000000000.txt
  > [SIGNALING] 累計統計: 49 事件, 0 字節
[STATS-DEBUG] 開始生成統計文件... PID=1716793, TID=133824866501696
[DEBUG] output_dynamic_state_dir: gen_data/starlink_550_isls_plus_grid_ground_stations_top_100_with_hsinchu_algorithm_hierarchical_virtual_gid_27deg_k6/dynamic_state_2000ms_for_200s
[DEBUG] k_best: 6
[DEBUG] scenario_info: ''
[DEBUG] temp_dir_name: temp_grhr_k6
  > [SIGNALING] 累計統計: 51 事件, 0 字節
FORWARDING STATE AT T = 120000000000ns (= 120.0 seconds)

BASIC INFORMATION
  > Epoch.................. 2000-01-01 00:00:00.000
  > Time since epoch....... 120000000000 ns
  > Absolute time.......... 2000-01-01 00:02:00.000
  > Satellites............. 1584
  > Ground stations........ 101
  > Max. range GSL......... 1089686.4181956202m
  > Max. range ISL......... 5016591.233098428m

ISL INFORMATION
  > Total ISLs............. 3168
  > Min. ISLs/satellite.... 4
  > Max. ISLs/satellite.... 4

GSL INTERFACE INFORMATION
  > Min. GSL IFs/satellite........ 1
  > Max. GSL IFs/satellite........ 1
  > Min. GSL IFs/ground station... 1
  > Max. GSL IFs/ground_station... 1

GSL IN-RANGE INFORMATION
  > Min. satellites in range... 4
  > Max. satellites in range... 20
[MODE] SP_OVER_PID_QUOTIENT=True
  > Satellites............. 1584
  > Ground stations........ 101
  > Max. range GSL......... 1089686.4181956202m
  > Max. range ISL......... 5016591.233098428m

ISL INFORMATION
  > Total ISLs............. 3168
  > Min. ISLs/satellite.... 4
  > Max. ISLs/satellite.... 4

GSL INTERFACE INFORMATION
  > Min. GSL IFs/satellite........ 1
  > Max. GSL IFs/satellite........ 1
  > Min. GSL IFs/ground station... 1
  > Max. GSL IFs/ground_station... 1

GSL IN-RANGE INFORMATION
  > Min. satellites in range... 5
  > Max. satellites in range... 19
[MODE] SP_OVER_PID_QUOTIENT=True
  > Calculating Floyd-Warshall for graph without ground-station relays
  > Writing forwarding state to: gen_data/starlink_550_isls_plus_grid_ground_stations_top_100_with_hsinchu_algorithm_hierarchical_virtual_gid_27deg_k6/dynamic_state_2000ms_for_200s/fstate_160000000000.txt
  > [SIGNALING] 累計統計: 29 事件, 0 字節
[STATS-DEBUG] 開始生成統計文件... PID=1716794, TID=133824866501696
[DEBUG] output_dynamic_state_dir: gen_data/starlink_550_isls_plus_grid_ground_stations_top_100_with_hsinchu_algorithm_hierarchical_virtual_gid_27deg_k6/dynamic_state_2000ms_for_200s
[DEBUG] k_best: 6
[DEBUG] scenario_info: ''
[DEBUG] temp_dir_name: temp_grhr_k6
  > [SIGNALING] 累計統計: 31 事件, 0 字節
FORWARDING STATE AT T = 162000000000ns (= 162.0 seconds)

BASIC INFORMATION
  > Epoch.................. 2000-01-01 00:00:00.000
  > Time since epoch....... 162000000000 ns
  > Absolute time.......... 2000-01-01 00:02:42.000
  > Satellites............. 1584
  > Ground stations........ 101
  > Max. range GSL......... 1089686.4181956202m
  > Max. range ISL......... 5016591.233098428m

ISL INFORMATION
  > Total ISLs............. 3168
  > Min. ISLs/satellite.... 4
  > Max. ISLs/satellite.... 4

GSL INTERFACE INFORMATION
  > Min. GSL IFs/satellite........ 1
  > Max. GSL IFs/satellite........ 1
  > Min. GSL IFs/ground station... 1
  > Max. GSL IFs/ground_station... 1

GSL IN-RANGE INFORMATION
  > Min. satellites in range... 5
  > Max. satellites in range... 19
[MODE] SP_OVER_PID_QUOTIENT=True
  > Calculating Floyd-Warshall for graph without ground-station relays
  > Writing forwarding state to: gen_data/starlink_550_isls_plus_grid_ground_stations_top_100_with_hsinchu_algorithm_hierarchical_virtual_gid_27deg_k6/dynamic_state_2000ms_for_200s/fstate_162000000000.txt
  > [SIGNALING] 累計統計: 34 事件, 0 字節
[STATS-DEBUG] 開始生成統計文件... PID=1716794, TID=133824866501696
[DEBUG] output_dynamic_state_dir: gen_data/starlink_550_isls_plus_grid_ground_stations_top_100_with_hsinchu_algorithm_hierarchical_virtual_gid_27deg_k6/dynamic_state_2000ms_for_200s
[DEBUG] k_best: 6
[DEBUG] scenario_info: ''
[DEBUG] temp_dir_name: temp_grhr_k6
  > [SIGNALING] 累計統計: 36 事件, 0 字節
FORWARDING STATE AT T = 164000000000ns (= 164.0 seconds)

BASIC INFORMATION
  > Epoch.................. 2000-01-01 00:00:00.000
  > Time since epoch....... 164000000000 ns
  > Absolute time.......... 2000-01-01 00:02:44.000
  > Satellites............. 1584
  > Ground stations........ 101
  > Max. range GSL......... 1089686.4181956202m
  > Max. range ISL......... 5016591.233098428m

ISL INFORMATION
  > Total ISLs............. 3168
  > Min. ISLs/satellite.... 4
  > Max. ISLs/satellite.... 4

GSL INTERFACE INFORMATION
  > Min. GSL IFs/satellite........ 1
  > Max. GSL IFs/satellite........ 1
  > Min. GSL IFs/ground station... 1
  > Max. GSL IFs/ground_station... 1

GSL IN-RANGE INFORMATION
  > Min. satellites in range... 5
  > Max. satellites in range... 20
[MODE] SP_OVER_PID_QUOTIENT=True
  > Calculating Floyd-Warshall for graph without ground-station relays
  > Writing forwarding state to: gen_data/starlink_550_isls_plus_grid_ground_stations_top_100_with_hsinchu_algorithm_hierarchical_virtual_gid_27deg_k6/dynamic_state_2000ms_for_200s/fstate_164000000000.txt
  > [SIGNALING] 累計統計: 39 事件, 0 字節
[STATS-DEBUG] 開始生成統計文件... PID=1716794, TID=133824866501696
[DEBUG] output_dynamic_state_dir: gen_data/starlink_550_isls_plus_grid_ground_stations_top_100_with_hsinchu_algorithm_hierarchical_virtual_gid_27deg_k6/dynamic_state_2000ms_for_200s
[DEBUG] k_best: 6
[DEBUG] scenario_info: ''
[DEBUG] temp_dir_name: temp_grhr_k6
  > [SIGNALING] 累計統計: 41 事件, 0 字節
FORWARDING STATE AT T = 166000000000ns (= 166.0 seconds)

BASIC INFORMATION
  > Epoch.................. 2000-01-01 00:00:00.000
  > Time since epoch....... 166000000000 ns
  > Absolute time.......... 2000-01-01 00:02:46.000
  > Satellites............. 1584
  > Ground stations........ 101
  > Max. range GSL......... 1089686.4181956202m
  > Max. range ISL......... 5016591.233098428m

ISL INFORMATION
  > Total ISLs............. 3168
  > Min. ISLs/satellite.... 4
  > Max. ISLs/satellite.... 4

GSL INTERFACE INFORMATION
  > Min. GSL IFs/satellite........ 1
  > Max. GSL IFs/satellite........ 1
  > Min. GSL IFs/ground station... 1
  > Max. GSL IFs/ground_station... 1

GSL IN-RANGE INFORMATION
  > Min. satellites in range... 5
  > Max. satellites in range... 20
[MODE] SP_OVER_PID_QUOTIENT=True
  > Calculating Floyd-Warshall for graph without ground-station relays
  > Writing forwarding state to: gen_data/starlink_550_isls_plus_grid_ground_stations_top_100_with_hsinchu_algorithm_hierarchical_virtual_gid_27deg_k6/dynamic_state_2000ms_for_200s/fstate_166000000000.txt
  > [SIGNALING] 累計統計: 44 事件, 0 字節
[STATS-DEBUG] 開始生成統計文件... PID=1716794, TID=133824866501696
[DEBUG] output_dynamic_state_dir: gen_data/starlink_550_isls_plus_grid_ground_stations_top_100_with_hsinchu_algorithm_hierarchical_virtual_gid_27deg_k6/dynamic_state_2000ms_for_200s
[DEBUG] k_best: 6
[DEBUG] scenario_info: ''
[DEBUG] temp_dir_name: temp_grhr_k6
  > [SIGNALING] 累計統計: 46 事件, 0 字節
FORWARDING STATE AT T = 168000000000ns (= 168.0 seconds)

BASIC INFORMATION
  > Epoch.................. 2000-01-01 00:00:00.000
  > Time since epoch....... 168000000000 ns
  > Absolute time.......... 2000-01-01 00:02:48.000
  > Satellites............. 1584
  > Ground stations........ 101
  > Max. range GSL......... 1089686.4181956202m
  > Max. range ISL......... 5016591.233098428m

ISL INFORMATION
  > Total ISLs............. 3168
  > Min. ISLs/satellite.... 4
  > Max. ISLs/satellite.... 4

GSL INTERFACE INFORMATION
  > Min. GSL IFs/satellite........ 1
  > Max. GSL IFs/satellite........ 1
  > Min. GSL IFs/ground station... 1
  > Max. GSL IFs/ground_station... 1

GSL IN-RANGE INFORMATION
  > Min. satellites in range... 4
  > Max. satellites in range... 19
[MODE] SP_OVER_PID_QUOTIENT=True
  > Calculating Floyd-Warshall for graph without ground-station relays
  > Writing forwarding state to: gen_data/starlink_550_isls_plus_grid_ground_stations_top_100_with_hsinchu_algorithm_hierarchical_virtual_gid_27deg_k6/dynamic_state_2000ms_for_200s/fstate_168000000000.txt
  > [SIGNALING] 累計統計: 49 事件, 0 字節
[STATS-DEBUG] 開始生成統計文件... PID=1716794, TID=133824866501696
[DEBUG] output_dynamic_state_dir: gen_data/starlink_550_isls_plus_grid_ground_stations_top_100_with_hsinchu_algorithm_hierarchical_virtual_gid_27deg_k6/dynamic_state_2000ms_for_200s
[DEBUG] k_best: 6
[DEBUG] scenario_info: ''
[DEBUG] temp_dir_name: temp_grhr_k6
  > [SIGNALING] 累計統計: 51 事件, 0 字節
FORWARDING STATE AT T = 170000000000ns (= 170.0 seconds)

BASIC INFORMATION
  > Epoch.................. 2000-01-01 00:00:00.000
  > Time since epoch....... 170000000000 ns
  > Absolute time.......... 2000-01-01 00:02:50.000
  > Satellites............. 1584
  > Ground stations........ 101
  > Max. range GSL......... 1089686.4181956202m
  > Max. range ISL......... 5016591.233098428m

ISL INFORMATION
  > Total ISLs............. 3168
  > Min. ISLs/satellite.... 4
  > Max. ISLs/satellite.... 4

GSL INTERFACE INFORMATION
  > Min. GSL IFs/satellite........ 1
  > Max. GSL IFs/satellite........ 1
  > Min. GSL IFs/ground station... 1
  > Max. GSL IFs/ground_station... 1

GSL IN-RANGE INFORMATION
  > Min. satellites in range... 4
  > Max. satellites in range... 20
[MODE] SP_OVER_PID_QUOTIENT=True
  > Max. range GSL......... 1089686.4181956202m
  > Max. range ISL......... 5016591.233098428m

ISL INFORMATION
  > Total ISLs............. 3168
  > Min. ISLs/satellite.... 4
  > Max. ISLs/satellite.... 4

GSL INTERFACE INFORMATION
  > Min. GSL IFs/satellite........ 1
  > Max. GSL IFs/satellite........ 1
  > Min. GSL IFs/ground station... 1
  > Max. GSL IFs/ground_station... 1

GSL IN-RANGE INFORMATION
  > Min. satellites in range... 4
  > Max. satellites in range... 20
[MODE] SP_OVER_PID_QUOTIENT=True
  > Calculating Floyd-Warshall for graph without ground-station relays
  > Writing forwarding state to: gen_data/starlink_550_isls_plus_grid_ground_stations_top_100_with_hsinchu_algorithm_hierarchical_virtual_gid_27deg_k6/dynamic_state_2000ms_for_200s/fstate_10000000000.txt
  > [SIGNALING] 累計統計: 29 事件, 0 字節
[STATS-DEBUG] 開始生成統計文件... PID=1716791, TID=133824866501696
[DEBUG] output_dynamic_state_dir: gen_data/starlink_550_isls_plus_grid_ground_stations_top_100_with_hsinchu_algorithm_hierarchical_virtual_gid_27deg_k6/dynamic_state_2000ms_for_200s
[DEBUG] k_best: 6
[DEBUG] scenario_info: ''
[DEBUG] temp_dir_name: temp_grhr_k6
  > [SIGNALING] 累計統計: 31 事件, 0 字節
FORWARDING STATE AT T = 12000000000ns (= 12.0 seconds)

BASIC INFORMATION
  > Epoch.................. 2000-01-01 00:00:00.000
  > Time since epoch....... 12000000000 ns
  > Absolute time.......... 2000-01-01 00:00:12.000
  > Satellites............. 1584
  > Ground stations........ 101
  > Max. range GSL......... 1089686.4181956202m
  > Max. range ISL......... 5016591.233098428m

ISL INFORMATION
  > Total ISLs............. 3168
  > Min. ISLs/satellite.... 4
  > Max. ISLs/satellite.... 4

GSL INTERFACE INFORMATION
  > Min. GSL IFs/satellite........ 1
  > Max. GSL IFs/satellite........ 1
  > Min. GSL IFs/ground station... 1
  > Max. GSL IFs/ground_station... 1

GSL IN-RANGE INFORMATION
  > Min. satellites in range... 4
  > Max. satellites in range... 20
[MODE] SP_OVER_PID_QUOTIENT=True
  > Calculating Floyd-Warshall for graph without ground-station relays
  > Writing forwarding state to: gen_data/starlink_550_isls_plus_grid_ground_stations_top_100_with_hsinchu_algorithm_hierarchical_virtual_gid_27deg_k6/dynamic_state_2000ms_for_200s/fstate_12000000000.txt
  > [SIGNALING] 累計統計: 34 事件, 0 字節
[STATS-DEBUG] 開始生成統計文件... PID=1716791, TID=133824866501696
[DEBUG] output_dynamic_state_dir: gen_data/starlink_550_isls_plus_grid_ground_stations_top_100_with_hsinchu_algorithm_hierarchical_virtual_gid_27deg_k6/dynamic_state_2000ms_for_200s
[DEBUG] k_best: 6
[DEBUG] scenario_info: ''
[DEBUG] temp_dir_name: temp_grhr_k6
  > [SIGNALING] 累計統計: 36 事件, 0 字節
FORWARDING STATE AT T = 14000000000ns (= 14.0 seconds)

BASIC INFORMATION
  > Epoch.................. 2000-01-01 00:00:00.000
  > Time since epoch....... 14000000000 ns
  > Absolute time.......... 2000-01-01 00:00:14.000
  > Satellites............. 1584
  > Ground stations........ 101
  > Max. range GSL......... 1089686.4181956202m
  > Max. range ISL......... 5016591.233098428m

ISL INFORMATION
  > Total ISLs............. 3168
  > Min. ISLs/satellite.... 4
  > Max. ISLs/satellite.... 4

GSL INTERFACE INFORMATION
  > Min. GSL IFs/satellite........ 1
  > Max. GSL IFs/satellite........ 1
  > Min. GSL IFs/ground station... 1
  > Max. GSL IFs/ground_station... 1

GSL IN-RANGE INFORMATION
  > Min. satellites in range... 4
  > Max. satellites in range... 20
[MODE] SP_OVER_PID_QUOTIENT=True
  > Calculating Floyd-Warshall for graph without ground-station relays
  > Writing forwarding state to: gen_data/starlink_550_isls_plus_grid_ground_stations_top_100_with_hsinchu_algorithm_hierarchical_virtual_gid_27deg_k6/dynamic_state_2000ms_for_200s/fstate_14000000000.txt
  > [SIGNALING] 累計統計: 39 事件, 0 字節
[STATS-DEBUG] 開始生成統計文件... PID=1716791, TID=133824866501696
[DEBUG] output_dynamic_state_dir: gen_data/starlink_550_isls_plus_grid_ground_stations_top_100_with_hsinchu_algorithm_hierarchical_virtual_gid_27deg_k6/dynamic_state_2000ms_for_200s
[DEBUG] k_best: 6
[DEBUG] scenario_info: ''
[DEBUG] temp_dir_name: temp_grhr_k6
  > [SIGNALING] 累計統計: 41 事件, 0 字節
FORWARDING STATE AT T = 16000000000ns (= 16.0 seconds)

BASIC INFORMATION
  > Epoch.................. 2000-01-01 00:00:00.000
  > Time since epoch....... 16000000000 ns
  > Absolute time.......... 2000-01-01 00:00:16.000
  > Satellites............. 1584
  > Ground stations........ 101
  > Max. range GSL......... 1089686.4181956202m
  > Max. range ISL......... 5016591.233098428m

ISL INFORMATION
  > Total ISLs............. 3168
  > Min. ISLs/satellite.... 4
  > Max. ISLs/satellite.... 4

GSL INTERFACE INFORMATION
  > Min. GSL IFs/satellite........ 1
  > Max. GSL IFs/satellite........ 1
  > Min. GSL IFs/ground station... 1
  > Max. GSL IFs/ground_station... 1

GSL IN-RANGE INFORMATION
  > Min. satellites in range... 4
  > Max. satellites in range... 20
[MODE] SP_OVER_PID_QUOTIENT=True
  > Calculating Floyd-Warshall for graph without ground-station relays
  > Writing forwarding state to: gen_data/starlink_550_isls_plus_grid_ground_stations_top_100_with_hsinchu_algorithm_hierarchical_virtual_gid_27deg_k6/dynamic_state_2000ms_for_200s/fstate_16000000000.txt
  > [SIGNALING] 累計統計: 44 事件, 0 字節
[STATS-DEBUG] 開始生成統計文件... PID=1716791, TID=133824866501696
[DEBUG] output_dynamic_state_dir: gen_data/starlink_550_isls_plus_grid_ground_stations_top_100_with_hsinchu_algorithm_hierarchical_virtual_gid_27deg_k6/dynamic_state_2000ms_for_200s
[DEBUG] k_best: 6
[DEBUG] scenario_info: ''
[DEBUG] temp_dir_name: temp_grhr_k6
  > [SIGNALING] 累計統計: 46 事件, 0 字節
FORWARDING STATE AT T = 18000000000ns (= 18.0 seconds)

BASIC INFORMATION
  > Epoch.................. 2000-01-01 00:00:00.000
  > Time since epoch....... 18000000000 ns
  > Absolute time.......... 2000-01-01 00:00:18.000
  > Satellites............. 1584
  > Ground stations........ 101
  > Max. range GSL......... 1089686.4181956202m
  > Max. range ISL......... 5016591.233098428m

ISL INFORMATION
  > Total ISLs............. 3168
  > Min. ISLs/satellite.... 4
  > Max. ISLs/satellite.... 4

GSL INTERFACE INFORMATION
  > Min. GSL IFs/satellite........ 1
  > Max. GSL IFs/satellite........ 1
  > Min. GSL IFs/ground station... 1
  > Max. GSL IFs/ground_station... 1

GSL IN-RANGE INFORMATION
  > Min. satellites in range... 4
  > Max. satellites in range... 20
[MODE] SP_OVER_PID_QUOTIENT=True
  > Calculating Floyd-Warshall for graph without ground-station relays
  > Writing forwarding state to: gen_data/starlink_550_isls_plus_grid_ground_stations_top_100_with_hsinchu_algorithm_hierarchical_virtual_gid_27deg_k6/dynamic_state_2000ms_for_200s/fstate_18000000000.txt
  > [SIGNALING] 累計統計: 49 事件, 0 字節
[STATS-DEBUG] 開始生成統計文件... PID=1716791, TID=133824866501696
[DEBUG] output_dynamic_state_dir: gen_data/starlink_550_isls_plus_grid_ground_stations_top_100_with_hsinchu_algorithm_hierarchical_virtual_gid_27deg_k6/dynamic_state_2000ms_for_200s
[DEBUG] k_best: 6
[DEBUG] scenario_info: ''
[DEBUG] temp_dir_name: temp_grhr_k6
  > [SIGNALING] 累計統計: 51 事件, 0 字節
FORWARDING STATE AT T = 20000000000ns (= 20.0 seconds)

BASIC INFORMATION
  > Epoch.................. 2000-01-01 00:00:00.000
  > Time since epoch....... 20000000000 ns
  > Absolute time.......... 2000-01-01 00:00:20.000
  > Satellites............. 1584
  > Ground stations........ 101
  > Max. range GSL......... 1089686.4181956202m
  > Max. range ISL......... 5016591.233098428m

ISL INFORMATION
  > Total ISLs............. 3168
  > Min. ISLs/satellite.... 4
  > Max. ISLs/satellite.... 4

GSL INTERFACE INFORMATION
  > Min. GSL IFs/satellite........ 1
  > Max. GSL IFs/satellite........ 1
  > Min. GSL IFs/ground station... 1
  > Max. GSL IFs/ground_station... 1

GSL IN-RANGE INFORMATION
  > Min. satellites in range... 4
  > Max. satellites in range... 20
[MODE] SP_OVER_PID_QUOTIENT=True
  > Calculating Floyd-Warshall for graph without ground-station relays
  > Ground stations........ 101
  > Max. range GSL......... 1089686.4181956202m
  > Max. range ISL......... 5016591.233098428m

ISL INFORMATION
  > Total ISLs............. 3168
  > Min. ISLs/satellite.... 4
  > Max. ISLs/satellite.... 4

GSL INTERFACE INFORMATION
  > Min. GSL IFs/satellite........ 1
  > Max. GSL IFs/satellite........ 1
  > Min. GSL IFs/ground station... 1
  > Max. GSL IFs/ground_station... 1

GSL IN-RANGE INFORMATION
  > Min. satellites in range... 3
  > Max. satellites in range... 20
[MODE] SP_OVER_PID_QUOTIENT=True
  > Calculating Floyd-Warshall for graph without ground-station relays
  > Writing forwarding state to: gen_data/starlink_550_isls_plus_grid_ground_stations_top_100_with_hsinchu_algorithm_hierarchical_virtual_gid_27deg_k6/dynamic_state_2000ms_for_200s/fstate_60000000000.txt
  > [SIGNALING] 累計統計: 29 事件, 0 字節
[STATS-DEBUG] 開始生成統計文件... PID=1716792, TID=133824866501696
[DEBUG] output_dynamic_state_dir: gen_data/starlink_550_isls_plus_grid_ground_stations_top_100_with_hsinchu_algorithm_hierarchical_virtual_gid_27deg_k6/dynamic_state_2000ms_for_200s
[DEBUG] k_best: 6
[DEBUG] scenario_info: ''
[DEBUG] temp_dir_name: temp_grhr_k6
  > [SIGNALING] 累計統計: 31 事件, 0 字節
FORWARDING STATE AT T = 62000000000ns (= 62.0 seconds)

BASIC INFORMATION
  > Epoch.................. 2000-01-01 00:00:00.000
  > Time since epoch....... 62000000000 ns
  > Absolute time.......... 2000-01-01 00:01:02.000
  > Satellites............. 1584
  > Ground stations........ 101
  > Max. range GSL......... 1089686.4181956202m
  > Max. range ISL......... 5016591.233098428m

ISL INFORMATION
  > Total ISLs............. 3168
  > Min. ISLs/satellite.... 4
  > Max. ISLs/satellite.... 4

GSL INTERFACE INFORMATION
  > Min. GSL IFs/satellite........ 1
  > Max. GSL IFs/satellite........ 1
  > Min. GSL IFs/ground station... 1
  > Max. GSL IFs/ground_station... 1

GSL IN-RANGE INFORMATION
  > Min. satellites in range... 3
  > Max. satellites in range... 21
[MODE] SP_OVER_PID_QUOTIENT=True
  > Calculating Floyd-Warshall for graph without ground-station relays
  > Writing forwarding state to: gen_data/starlink_550_isls_plus_grid_ground_stations_top_100_with_hsinchu_algorithm_hierarchical_virtual_gid_27deg_k6/dynamic_state_2000ms_for_200s/fstate_62000000000.txt
  > [SIGNALING] 累計統計: 34 事件, 0 字節
[STATS-DEBUG] 開始生成統計文件... PID=1716792, TID=133824866501696
[DEBUG] output_dynamic_state_dir: gen_data/starlink_550_isls_plus_grid_ground_stations_top_100_with_hsinchu_algorithm_hierarchical_virtual_gid_27deg_k6/dynamic_state_2000ms_for_200s
[DEBUG] k_best: 6
[DEBUG] scenario_info: ''
[DEBUG] temp_dir_name: temp_grhr_k6
  > [SIGNALING] 累計統計: 36 事件, 0 字節
FORWARDING STATE AT T = 64000000000ns (= 64.0 seconds)

BASIC INFORMATION
  > Epoch.................. 2000-01-01 00:00:00.000
  > Time since epoch....... 64000000000 ns
  > Absolute time.......... 2000-01-01 00:01:04.000
  > Satellites............. 1584
  > Ground stations........ 101
  > Max. range GSL......... 1089686.4181956202m
  > Max. range ISL......... 5016591.233098428m

ISL INFORMATION
  > Total ISLs............. 3168
  > Min. ISLs/satellite.... 4
  > Max. ISLs/satellite.... 4

GSL INTERFACE INFORMATION
  > Min. GSL IFs/satellite........ 1
  > Max. GSL IFs/satellite........ 1
  > Min. GSL IFs/ground station... 1
  > Max. GSL IFs/ground_station... 1

GSL IN-RANGE INFORMATION
  > Min. satellites in range... 3
  > Max. satellites in range... 20
[MODE] SP_OVER_PID_QUOTIENT=True
  > Calculating Floyd-Warshall for graph without ground-station relays
  > Writing forwarding state to: gen_data/starlink_550_isls_plus_grid_ground_stations_top_100_with_hsinchu_algorithm_hierarchical_virtual_gid_27deg_k6/dynamic_state_2000ms_for_200s/fstate_64000000000.txt
  > [SIGNALING] 累計統計: 39 事件, 0 字節
[STATS-DEBUG] 開始生成統計文件... PID=1716792, TID=133824866501696
[DEBUG] output_dynamic_state_dir: gen_data/starlink_550_isls_plus_grid_ground_stations_top_100_with_hsinchu_algorithm_hierarchical_virtual_gid_27deg_k6/dynamic_state_2000ms_for_200s
[DEBUG] k_best: 6
[DEBUG] scenario_info: ''
[DEBUG] temp_dir_name: temp_grhr_k6
  > [SIGNALING] 累計統計: 41 事件, 0 字節
FORWARDING STATE AT T = 66000000000ns (= 66.0 seconds)

BASIC INFORMATION
  > Epoch.................. 2000-01-01 00:00:00.000
  > Time since epoch....... 66000000000 ns
  > Absolute time.......... 2000-01-01 00:01:06.000
  > Satellites............. 1584
  > Ground stations........ 101
  > Max. range GSL......... 1089686.4181956202m
  > Max. range ISL......... 5016591.233098428m

ISL INFORMATION
  > Total ISLs............. 3168
  > Min. ISLs/satellite.... 4
  > Max. ISLs/satellite.... 4

GSL INTERFACE INFORMATION
  > Min. GSL IFs/satellite........ 1
  > Max. GSL IFs/satellite........ 1
  > Min. GSL IFs/ground station... 1
  > Max. GSL IFs/ground_station... 1

GSL IN-RANGE INFORMATION
  > Min. satellites in range... 3
  > Max. satellites in range... 20
[MODE] SP_OVER_PID_QUOTIENT=True
  > Calculating Floyd-Warshall for graph without ground-station relays
  > Writing forwarding state to: gen_data/starlink_550_isls_plus_grid_ground_stations_top_100_with_hsinchu_algorithm_hierarchical_virtual_gid_27deg_k6/dynamic_state_2000ms_for_200s/fstate_66000000000.txt
  > [SIGNALING] 累計統計: 44 事件, 0 字節
[STATS-DEBUG] 開始生成統計文件... PID=1716792, TID=133824866501696
[DEBUG] output_dynamic_state_dir: gen_data/starlink_550_isls_plus_grid_ground_stations_top_100_with_hsinchu_algorithm_hierarchical_virtual_gid_27deg_k6/dynamic_state_2000ms_for_200s
[DEBUG] k_best: 6
[DEBUG] scenario_info: ''
[DEBUG] temp_dir_name: temp_grhr_k6
  > [SIGNALING] 累計統計: 46 事件, 0 字節
FORWARDING STATE AT T = 68000000000ns (= 68.0 seconds)

BASIC INFORMATION
  > Epoch.................. 2000-01-01 00:00:00.000
  > Time since epoch....... 68000000000 ns
  > Absolute time.......... 2000-01-01 00:01:08.000
  > Satellites............. 1584
  > Ground stations........ 101
  > Max. range GSL......... 1089686.4181956202m
  > Max. range ISL......... 5016591.233098428m

ISL INFORMATION
  > Total ISLs............. 3168
  > Min. ISLs/satellite.... 4
  > Max. ISLs/satellite.... 4

GSL INTERFACE INFORMATION
  > Min. GSL IFs/satellite........ 1
  > Max. GSL IFs/satellite........ 1
  > Min. GSL IFs/ground station... 1
  > Max. GSL IFs/ground_station... 1

GSL IN-RANGE INFORMATION
  > Min. satellites in range... 3
  > Max. satellites in range... 20
[MODE] SP_OVER_PID_QUOTIENT=True
  > Calculating Floyd-Warshall for graph without ground-station relays
  > Writing forwarding state to: gen_data/starlink_550_isls_plus_grid_ground_stations_top_100_with_hsinchu_algorithm_hierarchical_virtual_gid_27deg_k6/dynamic_state_2000ms_for_200s/fstate_68000000000.txt
  > [SIGNALING] 累計統計: 49 事件, 0 字節
[STATS-DEBUG] 開始生成統計文件... PID=1716792, TID=133824866501696
[DEBUG] output_dynamic_state_dir: gen_data/starlink_550_isls_plus_grid_ground_stations_top_100_with_hsinchu_algorithm_hierarchical_virtual_gid_27deg_k6/dynamic_state_2000ms_for_200s
[DEBUG] k_best: 6
[DEBUG] scenario_info: ''
[DEBUG] temp_dir_name: temp_grhr_k6
  > [SIGNALING] 累計統計: 51 事件, 0 字節
FORWARDING STATE AT T = 70000000000ns (= 70.0 seconds)

BASIC INFORMATION
  > Epoch.................. 2000-01-01 00:00:00.000
  > Time since epoch....... 70000000000 ns
  > Absolute time.......... 2000-01-01 00:01:10.000
  > Satellites............. 1584
  > Ground stations........ 101
  > Max. range GSL......... 1089686.4181956202m
  > Max. range ISL......... 5016591.233098428m

ISL INFORMATION
  > Total ISLs............. 3168
  > Min. ISLs/satellite.... 4
  > Max. ISLs/satellite.... 4

GSL INTERFACE INFORMATION
  > Min. GSL IFs/satellite........ 1
  > Max. GSL IFs/satellite........ 1
  > Min. GSL IFs/ground station... 1
  > Max. GSL IFs/ground_station... 1

GSL IN-RANGE INFORMATION
  > Min. satellites in range... 3
  > Max. satellites in range... 21
[MODE] SP_OVER_PID_QUOTIENT=True
  > Calculating Floyd-Warshall for graph without ground-station relays
  > Writing forwarding state to: gen_data/starlink_550_isls_plus_grid_ground_stations_top_100_with_hsinchu_algorithm_hierarchical_virtual_gid_27deg_k6/dynamic_state_2000ms_for_200s/fstate_20000000000.txt
  > [SIGNALING] 累計統計: 54 事件, 0 字節
[STATS-DEBUG] 開始生成統計文件... PID=1716791, TID=133824866501696
[DEBUG] output_dynamic_state_dir: gen_data/starlink_550_isls_plus_grid_ground_stations_top_100_with_hsinchu_algorithm_hierarchical_virtual_gid_27deg_k6/dynamic_state_2000ms_for_200s
[DEBUG] k_best: 6
[DEBUG] scenario_info: ''
[DEBUG] temp_dir_name: temp_grhr_k6
  > [SIGNALING] 累計統計: 56 事件, 0 字節
FORWARDING STATE AT T = 22000000000ns (= 22.0 seconds)

BASIC INFORMATION
  > Epoch.................. 2000-01-01 00:00:00.000
  > Time since epoch....... 22000000000 ns
  > Absolute time.......... 2000-01-01 00:00:22.000
  > Satellites............. 1584
  > Ground stations........ 101
  > Max. range GSL......... 1089686.4181956202m
  > Max. range ISL......... 5016591.233098428m

ISL INFORMATION
  > Total ISLs............. 3168
  > Min. ISLs/satellite.... 4
  > Max. ISLs/satellite.... 4

GSL INTERFACE INFORMATION
  > Min. GSL IFs/satellite........ 1
  > Max. GSL IFs/satellite........ 1
  > Min. GSL IFs/ground station... 1
  > Max. GSL IFs/ground_station... 1

GSL IN-RANGE INFORMATION
  > Min. satellites in range... 4
  > Max. satellites in range... 20
[MODE] SP_OVER_PID_QUOTIENT=True
  > Calculating Floyd-Warshall for graph without ground-station relays
  > Writing forwarding state to: gen_data/starlink_550_isls_plus_grid_ground_stations_top_100_with_hsinchu_algorithm_hierarchical_virtual_gid_27deg_k6/dynamic_state_2000ms_for_200s/fstate_22000000000.txt
  > [SIGNALING] 累計統計: 59 事件, 0 字節
[STATS-DEBUG] 開始生成統計文件... PID=1716791, TID=133824866501696
[DEBUG] output_dynamic_state_dir: gen_data/starlink_550_isls_plus_grid_ground_stations_top_100_with_hsinchu_algorithm_hierarchical_virtual_gid_27deg_k6/dynamic_state_2000ms_for_200s
[DEBUG] k_best: 6
[DEBUG] scenario_info: ''
[DEBUG] temp_dir_name: temp_grhr_k6
  > [SIGNALING] 累計統計: 61 事件, 0 字節
FORWARDING STATE AT T = 24000000000ns (= 24.0 seconds)

BASIC INFORMATION
  > Epoch.................. 2000-01-01 00:00:00.000
  > Time since epoch....... 24000000000 ns
  > Absolute time.......... 2000-01-01 00:00:24.000
  > Satellites............. 1584
  > Ground stations........ 101
  > Max. range GSL......... 1089686.4181956202m
  > Max. range ISL......... 5016591.233098428m

ISL INFORMATION
  > Total ISLs............. 3168
  > Min. ISLs/satellite.... 4
  > Max. ISLs/satellite.... 4

GSL INTERFACE INFORMATION
  > Min. GSL IFs/satellite........ 1
  > Max. GSL IFs/satellite........ 1
  > Min. GSL IFs/ground station... 1
  > Max. GSL IFs/ground_station... 1

GSL IN-RANGE INFORMATION
  > Min. satellites in range... 4
  > Max. satellites in range... 19
[MODE] SP_OVER_PID_QUOTIENT=True
  > Calculating Floyd-Warshall for graph without ground-station relays
  > Writing forwarding state to: gen_data/starlink_550_isls_plus_grid_ground_stations_top_100_with_hsinchu_algorithm_hierarchical_virtual_gid_27deg_k6/dynamic_state_2000ms_for_200s/fstate_24000000000.txt
  > [SIGNALING] 累計統計: 64 事件, 0 字節
[STATS-DEBUG] 開始生成統計文件... PID=1716791, TID=133824866501696
[DEBUG] output_dynamic_state_dir: gen_data/starlink_550_isls_plus_grid_ground_stations_top_100_with_hsinchu_algorithm_hierarchical_virtual_gid_27deg_k6/dynamic_state_2000ms_for_200s
[DEBUG] k_best: 6
[DEBUG] scenario_info: ''
[DEBUG] temp_dir_name: temp_grhr_k6
  > [SIGNALING] 累計統計: 66 事件, 0 字節
FORWARDING STATE AT T = 26000000000ns (= 26.0 seconds)

BASIC INFORMATION
  > Epoch.................. 2000-01-01 00:00:00.000
  > Time since epoch....... 26000000000 ns
  > Absolute time.......... 2000-01-01 00:00:26.000
  > Satellites............. 1584
  > Ground stations........ 101
  > Max. range GSL......... 1089686.4181956202m
  > Max. range ISL......... 5016591.233098428m

ISL INFORMATION
  > Total ISLs............. 3168
  > Min. ISLs/satellite.... 4
  > Max. ISLs/satellite.... 4

GSL INTERFACE INFORMATION
  > Min. GSL IFs/satellite........ 1
  > Max. GSL IFs/satellite........ 1
  > Min. GSL IFs/ground station... 1
  > Max. GSL IFs/ground_station... 1

GSL IN-RANGE INFORMATION
  > Min. satellites in range... 4
  > Max. satellites in range... 19
[MODE] SP_OVER_PID_QUOTIENT=True
  > Calculating Floyd-Warshall for graph without ground-station relays
  > Writing forwarding state to: gen_data/starlink_550_isls_plus_grid_ground_stations_top_100_with_hsinchu_algorithm_hierarchical_virtual_gid_27deg_k6/dynamic_state_2000ms_for_200s/fstate_26000000000.txt
  > [SIGNALING] 累計統計: 69 事件, 0 字節
[STATS-DEBUG] 開始生成統計文件... PID=1716791, TID=133824866501696
[DEBUG] output_dynamic_state_dir: gen_data/starlink_550_isls_plus_grid_ground_stations_top_100_with_hsinchu_algorithm_hierarchical_virtual_gid_27deg_k6/dynamic_state_2000ms_for_200s
[DEBUG] k_best: 6
[DEBUG] scenario_info: ''
[DEBUG] temp_dir_name: temp_grhr_k6
  > [SIGNALING] 累計統計: 71 事件, 0 字節
FORWARDING STATE AT T = 28000000000ns (= 28.0 seconds)

BASIC INFORMATION
  > Epoch.................. 2000-01-01 00:00:00.000
  > Time since epoch....... 28000000000 ns
  > Absolute time.......... 2000-01-01 00:00:28.000
  > Satellites............. 1584
  > Ground stations........ 101
  > Max. range GSL......... 1089686.4181956202m
  > Max. range ISL......... 5016591.233098428m

ISL INFORMATION
  > Total ISLs............. 3168
  > Min. ISLs/satellite.... 4
  > Max. ISLs/satellite.... 4

GSL INTERFACE INFORMATION
  > Min. GSL IFs/satellite........ 1
  > Max. GSL IFs/satellite........ 1
  > Min. GSL IFs/ground station... 1
  > Max. GSL IFs/ground_station... 1

GSL IN-RANGE INFORMATION
  > Min. satellites in range... 4
  > Max. satellites in range... 19
[MODE] SP_OVER_PID_QUOTIENT=True
  > Calculating Floyd-Warshall for graph without ground-station relays
  > Writing forwarding state to: gen_data/starlink_550_isls_plus_grid_ground_stations_top_100_with_hsinchu_algorithm_hierarchical_virtual_gid_27deg_k6/dynamic_state_2000ms_for_200s/fstate_28000000000.txt
  > [SIGNALING] 累計統計: 74 事件, 0 字節
[STATS-DEBUG] 開始生成統計文件... PID=1716791, TID=133824866501696
[DEBUG] output_dynamic_state_dir: gen_data/starlink_550_isls_plus_grid_ground_stations_top_100_with_hsinchu_algorithm_hierarchical_virtual_gid_27deg_k6/dynamic_state_2000ms_for_200s
[DEBUG] k_best: 6
[DEBUG] scenario_info: ''
[DEBUG] temp_dir_name: temp_grhr_k6
  > [SIGNALING] 累計統計: 76 事件, 0 字節
FORWARDING STATE AT T = 30000000000ns (= 30.0 seconds)

BASIC INFORMATION
  > Epoch.................. 2000-01-01 00:00:00.000
  > Time since epoch....... 30000000000 ns
  > Absolute time.......... 2000-01-01 00:00:30.000
  > Satellites............. 1584
  > Ground stations........ 101
  > Max. range GSL......... 1089686.4181956202m
  > Max. range ISL......... 5016591.233098428m

ISL INFORMATION
  > Total ISLs............. 3168
  > Min. ISLs/satellite.... 4
  > Max. ISLs/satellite.... 4

GSL INTERFACE INFORMATION
  > Min. GSL IFs/satellite........ 1
  > Max. GSL IFs/satellite........ 1
  > Min. GSL IFs/ground station... 1
  > Max. GSL IFs/ground_station... 1

GSL IN-RANGE INFORMATION
  > Min. satellites in range... 4
  > Max. satellites in range... 19
[MODE] SP_OVER_PID_QUOTIENT=True
  > Calculating Floyd-Warshall for graph without ground-station relays
  > Writing forwarding state to: gen_data/starlink_550_isls_plus_grid_ground_stations_top_100_with_hsinchu_algorithm_hierarchical_virtual_gid_27deg_k6/dynamic_state_2000ms_for_200s/fstate_30000000000.txt
  > [SIGNALING] 累計統計: 79 事件, 0 字節
[STATS-DEBUG] 開始生成統計文件... PID=1716791, TID=133824866501696
[DEBUG] output_dynamic_state_dir: gen_data/starlink_550_isls_plus_grid_ground_stations_top_100_with_hsinchu_algorithm_hierarchical_virtual_gid_27deg_k6/dynamic_state_2000ms_for_200s
[DEBUG] k_best: 6
[DEBUG] scenario_info: ''
[DEBUG] temp_dir_name: temp_grhr_k6
  > [SIGNALING] 累計統計: 81 事件, 0 字節
  > Calculating Floyd-Warshall for graph without ground-station relays
  > Writing forwarding state to: gen_data/starlink_550_isls_plus_grid_ground_stations_top_100_with_hsinchu_algorithm_hierarchical_virtual_gid_27deg_k6/dynamic_state_2000ms_for_200s/fstate_170000000000.txt
  > [SIGNALING] 累計統計: 54 事件, 0 字節
[STATS-DEBUG] 開始生成統計文件... PID=1716794, TID=133824866501696
[DEBUG] output_dynamic_state_dir: gen_data/starlink_550_isls_plus_grid_ground_stations_top_100_with_hsinchu_algorithm_hierarchical_virtual_gid_27deg_k6/dynamic_state_2000ms_for_200s
[DEBUG] k_best: 6
[DEBUG] scenario_info: ''
[DEBUG] temp_dir_name: temp_grhr_k6
  > [SIGNALING] 累計統計: 56 事件, 0 字節
FORWARDING STATE AT T = 172000000000ns (= 172.0 seconds)

BASIC INFORMATION
  > Epoch.................. 2000-01-01 00:00:00.000
  > Time since epoch....... 172000000000 ns
  > Absolute time.......... 2000-01-01 00:02:52.000
  > Satellites............. 1584
  > Ground stations........ 101
  > Max. range GSL......... 1089686.4181956202m
  > Max. range ISL......... 5016591.233098428m

ISL INFORMATION
  > Total ISLs............. 3168
  > Min. ISLs/satellite.... 4
  > Max. ISLs/satellite.... 4

GSL INTERFACE INFORMATION
  > Min. GSL IFs/satellite........ 1
  > Max. GSL IFs/satellite........ 1
  > Min. GSL IFs/ground station... 1
  > Max. GSL IFs/ground_station... 1

GSL IN-RANGE INFORMATION
  > Min. satellites in range... 4
  > Max. satellites in range... 20
[MODE] SP_OVER_PID_QUOTIENT=True
  > Calculating Floyd-Warshall for graph without ground-station relays
  > Writing forwarding state to: gen_data/starlink_550_isls_plus_grid_ground_stations_top_100_with_hsinchu_algorithm_hierarchical_virtual_gid_27deg_k6/dynamic_state_2000ms_for_200s/fstate_172000000000.txt
  > [SIGNALING] 累計統計: 59 事件, 0 字節
[STATS-DEBUG] 開始生成統計文件... PID=1716794, TID=133824866501696
[DEBUG] output_dynamic_state_dir: gen_data/starlink_550_isls_plus_grid_ground_stations_top_100_with_hsinchu_algorithm_hierarchical_virtual_gid_27deg_k6/dynamic_state_2000ms_for_200s
[DEBUG] k_best: 6
[DEBUG] scenario_info: ''
[DEBUG] temp_dir_name: temp_grhr_k6
  > [SIGNALING] 累計統計: 61 事件, 0 字節
FORWARDING STATE AT T = 174000000000ns (= 174.0 seconds)

BASIC INFORMATION
  > Epoch.................. 2000-01-01 00:00:00.000
  > Time since epoch....... 174000000000 ns
  > Absolute time.......... 2000-01-01 00:02:54.000
  > Satellites............. 1584
  > Ground stations........ 101
  > Max. range GSL......... 1089686.4181956202m
  > Max. range ISL......... 5016591.233098428m

ISL INFORMATION
  > Total ISLs............. 3168
  > Min. ISLs/satellite.... 4
  > Max. ISLs/satellite.... 4

GSL INTERFACE INFORMATION
  > Min. GSL IFs/satellite........ 1
  > Max. GSL IFs/satellite........ 1
  > Min. GSL IFs/ground station... 1
  > Max. GSL IFs/ground_station... 1

GSL IN-RANGE INFORMATION
  > Min. satellites in range... 4
  > Max. satellites in range... 20
[MODE] SP_OVER_PID_QUOTIENT=True
  > Calculating Floyd-Warshall for graph without ground-station relays
  > Writing forwarding state to: gen_data/starlink_550_isls_plus_grid_ground_stations_top_100_with_hsinchu_algorithm_hierarchical_virtual_gid_27deg_k6/dynamic_state_2000ms_for_200s/fstate_174000000000.txt
  > [SIGNALING] 累計統計: 64 事件, 0 字節
[STATS-DEBUG] 開始生成統計文件... PID=1716794, TID=133824866501696
[DEBUG] output_dynamic_state_dir: gen_data/starlink_550_isls_plus_grid_ground_stations_top_100_with_hsinchu_algorithm_hierarchical_virtual_gid_27deg_k6/dynamic_state_2000ms_for_200s
[DEBUG] k_best: 6
[DEBUG] scenario_info: ''
[DEBUG] temp_dir_name: temp_grhr_k6
  > [SIGNALING] 累計統計: 66 事件, 0 字節
FORWARDING STATE AT T = 176000000000ns (= 176.0 seconds)

BASIC INFORMATION
  > Epoch.................. 2000-01-01 00:00:00.000
  > Time since epoch....... 176000000000 ns
  > Absolute time.......... 2000-01-01 00:02:56.000
  > Satellites............. 1584
  > Ground stations........ 101
  > Max. range GSL......... 1089686.4181956202m
  > Max. range ISL......... 5016591.233098428m

ISL INFORMATION
  > Total ISLs............. 3168
  > Min. ISLs/satellite.... 4
  > Max. ISLs/satellite.... 4

GSL INTERFACE INFORMATION
  > Min. GSL IFs/satellite........ 1
  > Max. GSL IFs/satellite........ 1
  > Min. GSL IFs/ground station... 1
  > Max. GSL IFs/ground_station... 1

GSL IN-RANGE INFORMATION
  > Min. satellites in range... 4
  > Max. satellites in range... 20
[MODE] SP_OVER_PID_QUOTIENT=True
  > Calculating Floyd-Warshall for graph without ground-station relays
  > Writing forwarding state to: gen_data/starlink_550_isls_plus_grid_ground_stations_top_100_with_hsinchu_algorithm_hierarchical_virtual_gid_27deg_k6/dynamic_state_2000ms_for_200s/fstate_176000000000.txt
  > [SIGNALING] 累計統計: 69 事件, 0 字節
[STATS-DEBUG] 開始生成統計文件... PID=1716794, TID=133824866501696
[DEBUG] output_dynamic_state_dir: gen_data/starlink_550_isls_plus_grid_ground_stations_top_100_with_hsinchu_algorithm_hierarchical_virtual_gid_27deg_k6/dynamic_state_2000ms_for_200s
[DEBUG] k_best: 6
[DEBUG] scenario_info: ''
[DEBUG] temp_dir_name: temp_grhr_k6
  > [SIGNALING] 累計統計: 71 事件, 0 字節
FORWARDING STATE AT T = 178000000000ns (= 178.0 seconds)

BASIC INFORMATION
  > Epoch.................. 2000-01-01 00:00:00.000
  > Time since epoch....... 178000000000 ns
  > Absolute time.......... 2000-01-01 00:02:58.000
  > Satellites............. 1584
  > Ground stations........ 101
  > Max. range GSL......... 1089686.4181956202m
  > Max. range ISL......... 5016591.233098428m

ISL INFORMATION
  > Total ISLs............. 3168
  > Min. ISLs/satellite.... 4
  > Max. ISLs/satellite.... 4

GSL INTERFACE INFORMATION
  > Min. GSL IFs/satellite........ 1
  > Max. GSL IFs/satellite........ 1
  > Min. GSL IFs/ground station... 1
  > Max. GSL IFs/ground_station... 1

GSL IN-RANGE INFORMATION
  > Min. satellites in range... 4
  > Max. satellites in range... 20
[MODE] SP_OVER_PID_QUOTIENT=True
  > Calculating Floyd-Warshall for graph without ground-station relays
  > Writing forwarding state to: gen_data/starlink_550_isls_plus_grid_ground_stations_top_100_with_hsinchu_algorithm_hierarchical_virtual_gid_27deg_k6/dynamic_state_2000ms_for_200s/fstate_178000000000.txt
  > [SIGNALING] 累計統計: 74 事件, 0 字節
[STATS-DEBUG] 開始生成統計文件... PID=1716794, TID=133824866501696
[DEBUG] output_dynamic_state_dir: gen_data/starlink_550_isls_plus_grid_ground_stations_top_100_with_hsinchu_algorithm_hierarchical_virtual_gid_27deg_k6/dynamic_state_2000ms_for_200s
[DEBUG] k_best: 6
[DEBUG] scenario_info: ''
[DEBUG] temp_dir_name: temp_grhr_k6
  > [SIGNALING] 累計統計: 76 事件, 0 字節
FORWARDING STATE AT T = 180000000000ns (= 180.0 seconds)

BASIC INFORMATION
  > Epoch.................. 2000-01-01 00:00:00.000
  > Time since epoch....... 180000000000 ns
  > Absolute time.......... 2000-01-01 00:03:00.000
  > Satellites............. 1584
  > Ground stations........ 101
  > Max. range GSL......... 1089686.4181956202m
  > Max. range ISL......... 5016591.233098428m

ISL INFORMATION
  > Total ISLs............. 3168
  > Min. ISLs/satellite.... 4
  > Max. ISLs/satellite.... 4

GSL INTERFACE INFORMATION
  > Min. GSL IFs/satellite........ 1
  > Max. GSL IFs/satellite........ 1
  > Min. GSL IFs/ground station... 1
  > Max. GSL IFs/ground_station... 1

GSL IN-RANGE INFORMATION
  > Min. satellites in range... 4
  > Max. satellites in range... 20
[MODE] SP_OVER_PID_QUOTIENT=True
  > Calculating Floyd-Warshall for graph without ground-station relays
  > Writing forwarding state to: gen_data/starlink_550_isls_plus_grid_ground_stations_top_100_with_hsinchu_algorithm_hierarchical_virtual_gid_27deg_k6/dynamic_state_2000ms_for_200s/fstate_180000000000.txt
  > [SIGNALING] 累計統計: 79 事件, 0 字節
[STATS-DEBUG] 開始生成統計文件... PID=1716794, TID=133824866501696
[DEBUG] output_dynamic_state_dir: gen_data/starlink_550_isls_plus_grid_ground_stations_top_100_with_hsinchu_algorithm_hierarchical_virtual_gid_27deg_k6/dynamic_state_2000ms_for_200s
[DEBUG] k_best: 6
[DEBUG] scenario_info: ''
  > Writing forwarding state to: gen_data/starlink_550_isls_plus_grid_ground_stations_top_100_with_hsinchu_algorithm_hierarchical_virtual_gid_27deg_k6/dynamic_state_2000ms_for_200s/fstate_70000000000.txt
  > [SIGNALING] 累計統計: 54 事件, 0 字節
[STATS-DEBUG] 開始生成統計文件... PID=1716792, TID=133824866501696
[DEBUG] output_dynamic_state_dir: gen_data/starlink_550_isls_plus_grid_ground_stations_top_100_with_hsinchu_algorithm_hierarchical_virtual_gid_27deg_k6/dynamic_state_2000ms_for_200s
[DEBUG] k_best: 6
[DEBUG] scenario_info: ''
[DEBUG] temp_dir_name: temp_grhr_k6
  > [SIGNALING] 累計統計: 56 事件, 0 字節
FORWARDING STATE AT T = 72000000000ns (= 72.0 seconds)

BASIC INFORMATION
  > Epoch.................. 2000-01-01 00:00:00.000
  > Time since epoch....... 72000000000 ns
  > Absolute time.......... 2000-01-01 00:01:12.000
  > Satellites............. 1584
  > Ground stations........ 101
  > Max. range GSL......... 1089686.4181956202m
  > Max. range ISL......... 5016591.233098428m

ISL INFORMATION
  > Total ISLs............. 3168
  > Min. ISLs/satellite.... 4
  > Max. ISLs/satellite.... 4

GSL INTERFACE INFORMATION
  > Min. GSL IFs/satellite........ 1
  > Max. GSL IFs/satellite........ 1
  > Min. GSL IFs/ground station... 1
  > Max. GSL IFs/ground_station... 1

GSL IN-RANGE INFORMATION
  > Min. satellites in range... 4
  > Max. satellites in range... 21
[MODE] SP_OVER_PID_QUOTIENT=True
  > Calculating Floyd-Warshall for graph without ground-station relays
  > Writing forwarding state to: gen_data/starlink_550_isls_plus_grid_ground_stations_top_100_with_hsinchu_algorithm_hierarchical_virtual_gid_27deg_k6/dynamic_state_2000ms_for_200s/fstate_72000000000.txt
  > [SIGNALING] 累計統計: 59 事件, 0 字節
[STATS-DEBUG] 開始生成統計文件... PID=1716792, TID=133824866501696
[DEBUG] output_dynamic_state_dir: gen_data/starlink_550_isls_plus_grid_ground_stations_top_100_with_hsinchu_algorithm_hierarchical_virtual_gid_27deg_k6/dynamic_state_2000ms_for_200s
[DEBUG] k_best: 6
[DEBUG] scenario_info: ''
[DEBUG] temp_dir_name: temp_grhr_k6
  > [SIGNALING] 累計統計: 61 事件, 0 字節
FORWARDING STATE AT T = 74000000000ns (= 74.0 seconds)

BASIC INFORMATION
  > Epoch.................. 2000-01-01 00:00:00.000
  > Time since epoch....... 74000000000 ns
  > Absolute time.......... 2000-01-01 00:01:14.000
  > Satellites............. 1584
  > Ground stations........ 101
  > Max. range GSL......... 1089686.4181956202m
  > Max. range ISL......... 5016591.233098428m

ISL INFORMATION
  > Total ISLs............. 3168
  > Min. ISLs/satellite.... 4
  > Max. ISLs/satellite.... 4

GSL INTERFACE INFORMATION
  > Min. GSL IFs/satellite........ 1
  > Max. GSL IFs/satellite........ 1
  > Min. GSL IFs/ground station... 1
  > Max. GSL IFs/ground_station... 1

GSL IN-RANGE INFORMATION
  > Min. satellites in range... 4
  > Max. satellites in range... 18
[MODE] SP_OVER_PID_QUOTIENT=True
  > Calculating Floyd-Warshall for graph without ground-station relays
  > Writing forwarding state to: gen_data/starlink_550_isls_plus_grid_ground_stations_top_100_with_hsinchu_algorithm_hierarchical_virtual_gid_27deg_k6/dynamic_state_2000ms_for_200s/fstate_74000000000.txt
  > [SIGNALING] 累計統計: 64 事件, 0 字節
[STATS-DEBUG] 開始生成統計文件... PID=1716792, TID=133824866501696
[DEBUG] output_dynamic_state_dir: gen_data/starlink_550_isls_plus_grid_ground_stations_top_100_with_hsinchu_algorithm_hierarchical_virtual_gid_27deg_k6/dynamic_state_2000ms_for_200s
[DEBUG] k_best: 6
[DEBUG] scenario_info: ''
[DEBUG] temp_dir_name: temp_grhr_k6
  > [SIGNALING] 累計統計: 66 事件, 0 字節
FORWARDING STATE AT T = 76000000000ns (= 76.0 seconds)

BASIC INFORMATION
  > Epoch.................. 2000-01-01 00:00:00.000
  > Time since epoch....... 76000000000 ns
  > Absolute time.......... 2000-01-01 00:01:16.000
  > Satellites............. 1584
  > Ground stations........ 101
  > Max. range GSL......... 1089686.4181956202m
  > Max. range ISL......... 5016591.233098428m

ISL INFORMATION
  > Total ISLs............. 3168
  > Min. ISLs/satellite.... 4
  > Max. ISLs/satellite.... 4

GSL INTERFACE INFORMATION
  > Min. GSL IFs/satellite........ 1
  > Max. GSL IFs/satellite........ 1
  > Min. GSL IFs/ground station... 1
  > Max. GSL IFs/ground_station... 1

GSL IN-RANGE INFORMATION
  > Min. satellites in range... 4
  > Max. satellites in range... 18
[MODE] SP_OVER_PID_QUOTIENT=True
  > Calculating Floyd-Warshall for graph without ground-station relays
  > Writing forwarding state to: gen_data/starlink_550_isls_plus_grid_ground_stations_top_100_with_hsinchu_algorithm_hierarchical_virtual_gid_27deg_k6/dynamic_state_2000ms_for_200s/fstate_76000000000.txt
  > [SIGNALING] 累計統計: 69 事件, 0 字節
[STATS-DEBUG] 開始生成統計文件... PID=1716792, TID=133824866501696
[DEBUG] output_dynamic_state_dir: gen_data/starlink_550_isls_plus_grid_ground_stations_top_100_with_hsinchu_algorithm_hierarchical_virtual_gid_27deg_k6/dynamic_state_2000ms_for_200s
[DEBUG] k_best: 6
[DEBUG] scenario_info: ''
[DEBUG] temp_dir_name: temp_grhr_k6
  > [SIGNALING] 累計統計: 71 事件, 0 字節
FORWARDING STATE AT T = 78000000000ns (= 78.0 seconds)

BASIC INFORMATION
  > Epoch.................. 2000-01-01 00:00:00.000
  > Time since epoch....... 78000000000 ns
  > Absolute time.......... 2000-01-01 00:01:18.000
  > Satellites............. 1584
  > Ground stations........ 101
  > Max. range GSL......... 1089686.4181956202m
  > Max. range ISL......... 5016591.233098428m

ISL INFORMATION
  > Total ISLs............. 3168
  > Min. ISLs/satellite.... 4
  > Max. ISLs/satellite.... 4

GSL INTERFACE INFORMATION
  > Min. GSL IFs/satellite........ 1
  > Max. GSL IFs/satellite........ 1
  > Min. GSL IFs/ground station... 1
  > Max. GSL IFs/ground_station... 1

GSL IN-RANGE INFORMATION
  > Min. satellites in range... 4
  > Max. satellites in range... 18
[MODE] SP_OVER_PID_QUOTIENT=True
  > Calculating Floyd-Warshall for graph without ground-station relays
  > Writing forwarding state to: gen_data/starlink_550_isls_plus_grid_ground_stations_top_100_with_hsinchu_algorithm_hierarchical_virtual_gid_27deg_k6/dynamic_state_2000ms_for_200s/fstate_78000000000.txt
  > [SIGNALING] 累計統計: 74 事件, 0 字節
[STATS-DEBUG] 開始生成統計文件... PID=1716792, TID=133824866501696
[DEBUG] output_dynamic_state_dir: gen_data/starlink_550_isls_plus_grid_ground_stations_top_100_with_hsinchu_algorithm_hierarchical_virtual_gid_27deg_k6/dynamic_state_2000ms_for_200s
[DEBUG] k_best: 6
[DEBUG] scenario_info: ''
[DEBUG] temp_dir_name: temp_grhr_k6
  > [SIGNALING] 累計統計: 76 事件, 0 字節
FORWARDING STATE AT T = 80000000000ns (= 80.0 seconds)

BASIC INFORMATION
  > Epoch.................. 2000-01-01 00:00:00.000
  > Time since epoch....... 80000000000 ns
  > Absolute time.......... 2000-01-01 00:01:20.000
  > Satellites............. 1584
  > Ground stations........ 101
  > Max. range GSL......... 1089686.4181956202m
  > Max. range ISL......... 5016591.233098428m

ISL INFORMATION
  > Total ISLs............. 3168
  > Min. ISLs/satellite.... 4
  > Max. ISLs/satellite.... 4

GSL INTERFACE INFORMATION
  > Min. GSL IFs/satellite........ 1
  > Max. GSL IFs/satellite........ 1
  > Min. GSL IFs/ground station... 1
  > Max. GSL IFs/ground_station... 1

GSL IN-RANGE INFORMATION
  > Min. satellites in range... 4
  > Max. satellites in range... 18
[MODE] SP_OVER_PID_QUOTIENT=True
  > Calculating Floyd-Warshall for graph without ground-station relays
  > Writing forwarding state to: gen_data/starlink_550_isls_plus_grid_ground_stations_top_100_with_hsinchu_algorithm_hierarchical_virtual_gid_27deg_k6/dynamic_state_2000ms_for_200s/fstate_80000000000.txt
  > [SIGNALING] 累計統計: 79 事件, 0 字節
[STATS-DEBUG] 開始生成統計文件... PID=1716792, TID=133824866501696
[DEBUG] output_dynamic_state_dir: gen_data/starlink_550_isls_plus_grid_ground_stations_top_100_with_hsinchu_algorithm_hierarchical_virtual_gid_27deg_k6/dynamic_state_2000ms_for_200s
[DEBUG] k_best: 6
[DEBUG] scenario_info: ''
[DEBUG] temp_dir_name: temp_grhr_k6
  > [SIGNALING] 累計統計: 81 事件, 0 字節
  > Calculating Floyd-Warshall for graph without ground-station relays
  > Writing forwarding state to: gen_data/starlink_550_isls_plus_grid_ground_stations_top_100_with_hsinchu_algorithm_hierarchical_virtual_gid_27deg_k6/dynamic_state_2000ms_for_200s/fstate_120000000000.txt
  > [SIGNALING] 累計統計: 54 事件, 0 字節
[STATS-DEBUG] 開始生成統計文件... PID=1716793, TID=133824866501696
[DEBUG] output_dynamic_state_dir: gen_data/starlink_550_isls_plus_grid_ground_stations_top_100_with_hsinchu_algorithm_hierarchical_virtual_gid_27deg_k6/dynamic_state_2000ms_for_200s
[DEBUG] k_best: 6
[DEBUG] scenario_info: ''
[DEBUG] temp_dir_name: temp_grhr_k6
  > [SIGNALING] 累計統計: 56 事件, 0 字節
FORWARDING STATE AT T = 122000000000ns (= 122.0 seconds)

BASIC INFORMATION
  > Epoch.................. 2000-01-01 00:00:00.000
  > Time since epoch....... 122000000000 ns
  > Absolute time.......... 2000-01-01 00:02:02.000
  > Satellites............. 1584
  > Ground stations........ 101
  > Max. range GSL......... 1089686.4181956202m
  > Max. range ISL......... 5016591.233098428m

ISL INFORMATION
  > Total ISLs............. 3168
  > Min. ISLs/satellite.... 4
  > Max. ISLs/satellite.... 4

GSL INTERFACE INFORMATION
  > Min. GSL IFs/satellite........ 1
  > Max. GSL IFs/satellite........ 1
  > Min. GSL IFs/ground station... 1
  > Max. GSL IFs/ground_station... 1

GSL IN-RANGE INFORMATION
  > Min. satellites in range... 4
  > Max. satellites in range... 20
[MODE] SP_OVER_PID_QUOTIENT=True
  > Calculating Floyd-Warshall for graph without ground-station relays
  > Writing forwarding state to: gen_data/starlink_550_isls_plus_grid_ground_stations_top_100_with_hsinchu_algorithm_hierarchical_virtual_gid_27deg_k6/dynamic_state_2000ms_for_200s/fstate_122000000000.txt
  > [SIGNALING] 累計統計: 59 事件, 0 字節
[STATS-DEBUG] 開始生成統計文件... PID=1716793, TID=133824866501696
[DEBUG] output_dynamic_state_dir: gen_data/starlink_550_isls_plus_grid_ground_stations_top_100_with_hsinchu_algorithm_hierarchical_virtual_gid_27deg_k6/dynamic_state_2000ms_for_200s
[DEBUG] k_best: 6
[DEBUG] scenario_info: ''
[DEBUG] temp_dir_name: temp_grhr_k6
  > [SIGNALING] 累計統計: 61 事件, 0 字節
FORWARDING STATE AT T = 124000000000ns (= 124.0 seconds)

BASIC INFORMATION
  > Epoch.................. 2000-01-01 00:00:00.000
  > Time since epoch....... 124000000000 ns
  > Absolute time.......... 2000-01-01 00:02:04.000
  > Satellites............. 1584
  > Ground stations........ 101
  > Max. range GSL......... 1089686.4181956202m
  > Max. range ISL......... 5016591.233098428m

ISL INFORMATION
  > Total ISLs............. 3168
  > Min. ISLs/satellite.... 4
  > Max. ISLs/satellite.... 4

GSL INTERFACE INFORMATION
  > Min. GSL IFs/satellite........ 1
  > Max. GSL IFs/satellite........ 1
  > Min. GSL IFs/ground station... 1
  > Max. GSL IFs/ground_station... 1

GSL IN-RANGE INFORMATION
  > Min. satellites in range... 4
  > Max. satellites in range... 20
[MODE] SP_OVER_PID_QUOTIENT=True
  > Calculating Floyd-Warshall for graph without ground-station relays
  > Writing forwarding state to: gen_data/starlink_550_isls_plus_grid_ground_stations_top_100_with_hsinchu_algorithm_hierarchical_virtual_gid_27deg_k6/dynamic_state_2000ms_for_200s/fstate_124000000000.txt
  > [SIGNALING] 累計統計: 64 事件, 0 字節
[STATS-DEBUG] 開始生成統計文件... PID=1716793, TID=133824866501696
[DEBUG] output_dynamic_state_dir: gen_data/starlink_550_isls_plus_grid_ground_stations_top_100_with_hsinchu_algorithm_hierarchical_virtual_gid_27deg_k6/dynamic_state_2000ms_for_200s
[DEBUG] k_best: 6
[DEBUG] scenario_info: ''
[DEBUG] temp_dir_name: temp_grhr_k6
  > [SIGNALING] 累計統計: 66 事件, 0 字節
FORWARDING STATE AT T = 126000000000ns (= 126.0 seconds)

BASIC INFORMATION
  > Epoch.................. 2000-01-01 00:00:00.000
  > Time since epoch....... 126000000000 ns
  > Absolute time.......... 2000-01-01 00:02:06.000
  > Satellites............. 1584
  > Ground stations........ 101
  > Max. range GSL......... 1089686.4181956202m
  > Max. range ISL......... 5016591.233098428m

ISL INFORMATION
  > Total ISLs............. 3168
  > Min. ISLs/satellite.... 4
  > Max. ISLs/satellite.... 4

GSL INTERFACE INFORMATION
  > Min. GSL IFs/satellite........ 1
  > Max. GSL IFs/satellite........ 1
  > Min. GSL IFs/ground station... 1
  > Max. GSL IFs/ground_station... 1

GSL IN-RANGE INFORMATION
  > Min. satellites in range... 3
  > Max. satellites in range... 20
[MODE] SP_OVER_PID_QUOTIENT=True
  > Calculating Floyd-Warshall for graph without ground-station relays
  > Writing forwarding state to: gen_data/starlink_550_isls_plus_grid_ground_stations_top_100_with_hsinchu_algorithm_hierarchical_virtual_gid_27deg_k6/dynamic_state_2000ms_for_200s/fstate_126000000000.txt
  > [SIGNALING] 累計統計: 69 事件, 0 字節
[STATS-DEBUG] 開始生成統計文件... PID=1716793, TID=133824866501696
[DEBUG] output_dynamic_state_dir: gen_data/starlink_550_isls_plus_grid_ground_stations_top_100_with_hsinchu_algorithm_hierarchical_virtual_gid_27deg_k6/dynamic_state_2000ms_for_200s
[DEBUG] k_best: 6
[DEBUG] scenario_info: ''
[DEBUG] temp_dir_name: temp_grhr_k6
  > [SIGNALING] 累計統計: 71 事件, 0 字節
FORWARDING STATE AT T = 128000000000ns (= 128.0 seconds)

BASIC INFORMATION
  > Epoch.................. 2000-01-01 00:00:00.000
  > Time since epoch....... 128000000000 ns
  > Absolute time.......... 2000-01-01 00:02:08.000
  > Satellites............. 1584
  > Ground stations........ 101
  > Max. range GSL......... 1089686.4181956202m
  > Max. range ISL......... 5016591.233098428m

ISL INFORMATION
  > Total ISLs............. 3168
  > Min. ISLs/satellite.... 4
  > Max. ISLs/satellite.... 4

GSL INTERFACE INFORMATION
  > Min. GSL IFs/satellite........ 1
  > Max. GSL IFs/satellite........ 1
  > Min. GSL IFs/ground station... 1
  > Max. GSL IFs/ground_station... 1

GSL IN-RANGE INFORMATION
  > Min. satellites in range... 3
  > Max. satellites in range... 20
[MODE] SP_OVER_PID_QUOTIENT=True
  > Calculating Floyd-Warshall for graph without ground-station relays
  > Writing forwarding state to: gen_data/starlink_550_isls_plus_grid_ground_stations_top_100_with_hsinchu_algorithm_hierarchical_virtual_gid_27deg_k6/dynamic_state_2000ms_for_200s/fstate_128000000000.txt
  > [SIGNALING] 累計統計: 74 事件, 0 字節
[STATS-DEBUG] 開始生成統計文件... PID=1716793, TID=133824866501696
[DEBUG] output_dynamic_state_dir: gen_data/starlink_550_isls_plus_grid_ground_stations_top_100_with_hsinchu_algorithm_hierarchical_virtual_gid_27deg_k6/dynamic_state_2000ms_for_200s
[DEBUG] k_best: 6
[DEBUG] scenario_info: ''
[DEBUG] temp_dir_name: temp_grhr_k6
  > [SIGNALING] 累計統計: 76 事件, 0 字節
FORWARDING STATE AT T = 130000000000ns (= 130.0 seconds)

BASIC INFORMATION
  > Epoch.................. 2000-01-01 00:00:00.000
  > Time since epoch....... 130000000000 ns
  > Absolute time.......... 2000-01-01 00:02:10.000
  > Satellites............. 1584
  > Ground stations........ 101
  > Max. range GSL......... 1089686.4181956202m
  > Max. range ISL......... 5016591.233098428m

ISL INFORMATION
  > Total ISLs............. 3168
  > Min. ISLs/satellite.... 4
  > Max. ISLs/satellite.... 4

GSL INTERFACE INFORMATION
  > Min. GSL IFs/satellite........ 1
  > Max. GSL IFs/satellite........ 1
  > Min. GSL IFs/ground station... 1
  > Max. GSL IFs/ground_station... 1

GSL IN-RANGE INFORMATION
  > Min. satellites in range... 3
  > Max. satellites in range... 20
[MODE] SP_OVER_PID_QUOTIENT=True
  > Calculating Floyd-Warshall for graph without ground-station relays
  > Writing forwarding state to: gen_data/starlink_550_isls_plus_grid_ground_stations_top_100_with_hsinchu_algorithm_hierarchical_virtual_gid_27deg_k6/dynamic_state_2000ms_for_200s/fstate_130000000000.txt
  > [SIGNALING] 累計統計: 79 事件, 0 字節
[STATS-DEBUG] 開始生成統計文件... PID=1716793, TID=133824866501696
[DEBUG] output_dynamic_state_dir: gen_data/starlink_550_isls_plus_grid_ground_stations_top_100_with_hsinchu_algorithm_hierarchical_virtual_gid_27deg_k6/dynamic_state_2000ms_for_200s
[DEBUG] k_best: 6
[DEBUG] scenario_info: ''
FORWARDING STATE AT T = 32000000000ns (= 32.0 seconds)

BASIC INFORMATION
  > Epoch.................. 2000-01-01 00:00:00.000
  > Time since epoch....... 32000000000 ns
  > Absolute time.......... 2000-01-01 00:00:32.000
  > Satellites............. 1584
  > Ground stations........ 101
  > Max. range GSL......... 1089686.4181956202m
  > Max. range ISL......... 5016591.233098428m

ISL INFORMATION
  > Total ISLs............. 3168
  > Min. ISLs/satellite.... 4
  > Max. ISLs/satellite.... 4

GSL INTERFACE INFORMATION
  > Min. GSL IFs/satellite........ 1
  > Max. GSL IFs/satellite........ 1
  > Min. GSL IFs/ground station... 1
  > Max. GSL IFs/ground_station... 1

GSL IN-RANGE INFORMATION
  > Min. satellites in range... 4
  > Max. satellites in range... 19
[MODE] SP_OVER_PID_QUOTIENT=True
  > Calculating Floyd-Warshall for graph without ground-station relays
  > Writing forwarding state to: gen_data/starlink_550_isls_plus_grid_ground_stations_top_100_with_hsinchu_algorithm_hierarchical_virtual_gid_27deg_k6/dynamic_state_2000ms_for_200s/fstate_32000000000.txt
  > [SIGNALING] 累計統計: 84 事件, 0 字節
[STATS-DEBUG] 開始生成統計文件... PID=1716791, TID=133824866501696
[DEBUG] output_dynamic_state_dir: gen_data/starlink_550_isls_plus_grid_ground_stations_top_100_with_hsinchu_algorithm_hierarchical_virtual_gid_27deg_k6/dynamic_state_2000ms_for_200s
[DEBUG] k_best: 6
[DEBUG] scenario_info: ''
[DEBUG] temp_dir_name: temp_grhr_k6
  > [SIGNALING] 累計統計: 86 事件, 0 字節
FORWARDING STATE AT T = 34000000000ns (= 34.0 seconds)

BASIC INFORMATION
  > Epoch.................. 2000-01-01 00:00:00.000
  > Time since epoch....... 34000000000 ns
  > Absolute time.......... 2000-01-01 00:00:34.000
  > Satellites............. 1584
  > Ground stations........ 101
  > Max. range GSL......... 1089686.4181956202m
  > Max. range ISL......... 5016591.233098428m

ISL INFORMATION
  > Total ISLs............. 3168
  > Min. ISLs/satellite.... 4
  > Max. ISLs/satellite.... 4

GSL INTERFACE INFORMATION
  > Min. GSL IFs/satellite........ 1
  > Max. GSL IFs/satellite........ 1
  > Min. GSL IFs/ground station... 1
  > Max. GSL IFs/ground_station... 1

GSL IN-RANGE INFORMATION
  > Min. satellites in range... 4
  > Max. satellites in range... 19
[MODE] SP_OVER_PID_QUOTIENT=True
  > Calculating Floyd-Warshall for graph without ground-station relays
  > Writing forwarding state to: gen_data/starlink_550_isls_plus_grid_ground_stations_top_100_with_hsinchu_algorithm_hierarchical_virtual_gid_27deg_k6/dynamic_state_2000ms_for_200s/fstate_34000000000.txt
  > [SIGNALING] 累計統計: 89 事件, 0 字節
[STATS-DEBUG] 開始生成統計文件... PID=1716791, TID=133824866501696
[DEBUG] output_dynamic_state_dir: gen_data/starlink_550_isls_plus_grid_ground_stations_top_100_with_hsinchu_algorithm_hierarchical_virtual_gid_27deg_k6/dynamic_state_2000ms_for_200s
[DEBUG] k_best: 6
[DEBUG] scenario_info: ''
[DEBUG] temp_dir_name: temp_grhr_k6
  > [SIGNALING] 累計統計: 91 事件, 0 字節
FORWARDING STATE AT T = 36000000000ns (= 36.0 seconds)

BASIC INFORMATION
  > Epoch.................. 2000-01-01 00:00:00.000
  > Time since epoch....... 36000000000 ns
  > Absolute time.......... 2000-01-01 00:00:36.000
  > Satellites............. 1584
  > Ground stations........ 101
  > Max. range GSL......... 1089686.4181956202m
  > Max. range ISL......... 5016591.233098428m

ISL INFORMATION
  > Total ISLs............. 3168
  > Min. ISLs/satellite.... 4
  > Max. ISLs/satellite.... 4

GSL INTERFACE INFORMATION
  > Min. GSL IFs/satellite........ 1
  > Max. GSL IFs/satellite........ 1
  > Min. GSL IFs/ground station... 1
  > Max. GSL IFs/ground_station... 1

GSL IN-RANGE INFORMATION
  > Min. satellites in range... 4
  > Max. satellites in range... 19
[MODE] SP_OVER_PID_QUOTIENT=True
  > Calculating Floyd-Warshall for graph without ground-station relays
  > Writing forwarding state to: gen_data/starlink_550_isls_plus_grid_ground_stations_top_100_with_hsinchu_algorithm_hierarchical_virtual_gid_27deg_k6/dynamic_state_2000ms_for_200s/fstate_36000000000.txt
  > [SIGNALING] 累計統計: 94 事件, 0 字節
[STATS-DEBUG] 開始生成統計文件... PID=1716791, TID=133824866501696
[DEBUG] output_dynamic_state_dir: gen_data/starlink_550_isls_plus_grid_ground_stations_top_100_with_hsinchu_algorithm_hierarchical_virtual_gid_27deg_k6/dynamic_state_2000ms_for_200s
[DEBUG] k_best: 6
[DEBUG] scenario_info: ''
[DEBUG] temp_dir_name: temp_grhr_k6
  > [SIGNALING] 累計統計: 96 事件, 0 字節
FORWARDING STATE AT T = 38000000000ns (= 38.0 seconds)

BASIC INFORMATION
  > Epoch.................. 2000-01-01 00:00:00.000
  > Time since epoch....... 38000000000 ns
  > Absolute time.......... 2000-01-01 00:00:38.000
  > Satellites............. 1584
  > Ground stations........ 101
  > Max. range GSL......... 1089686.4181956202m
  > Max. range ISL......... 5016591.233098428m

ISL INFORMATION
  > Total ISLs............. 3168
  > Min. ISLs/satellite.... 4
  > Max. ISLs/satellite.... 4

GSL INTERFACE INFORMATION
  > Min. GSL IFs/satellite........ 1
  > Max. GSL IFs/satellite........ 1
  > Min. GSL IFs/ground station... 1
  > Max. GSL IFs/ground_station... 1

GSL IN-RANGE INFORMATION
  > Min. satellites in range... 3
  > Max. satellites in range... 19
[MODE] SP_OVER_PID_QUOTIENT=True
  > Calculating Floyd-Warshall for graph without ground-station relays
  > Writing forwarding state to: gen_data/starlink_550_isls_plus_grid_ground_stations_top_100_with_hsinchu_algorithm_hierarchical_virtual_gid_27deg_k6/dynamic_state_2000ms_for_200s/fstate_38000000000.txt
  > [SIGNALING] 累計統計: 99 事件, 0 字節
[STATS-DEBUG] 開始生成統計文件... PID=1716791, TID=133824866501696
[DEBUG] output_dynamic_state_dir: gen_data/starlink_550_isls_plus_grid_ground_stations_top_100_with_hsinchu_algorithm_hierarchical_virtual_gid_27deg_k6/dynamic_state_2000ms_for_200s
[DEBUG] k_best: 6
[DEBUG] scenario_info: ''
[DEBUG] temp_dir_name: temp_grhr_k6
  > [SIGNALING] 累計統計: 101 事件, 0 字節
FORWARDING STATE AT T = 40000000000ns (= 40.0 seconds)

BASIC INFORMATION
  > Epoch.................. 2000-01-01 00:00:00.000
  > Time since epoch....... 40000000000 ns
  > Absolute time.......... 2000-01-01 00:00:40.000
  > Satellites............. 1584
  > Ground stations........ 101
  > Max. range GSL......... 1089686.4181956202m
  > Max. range ISL......... 5016591.233098428m

ISL INFORMATION
  > Total ISLs............. 3168
  > Min. ISLs/satellite.... 4
  > Max. ISLs/satellite.... 4

GSL INTERFACE INFORMATION
  > Min. GSL IFs/satellite........ 1
  > Max. GSL IFs/satellite........ 1
  > Min. GSL IFs/ground station... 1
  > Max. GSL IFs/ground_station... 1

GSL IN-RANGE INFORMATION
  > Min. satellites in range... 3
  > Max. satellites in range... 19
[MODE] SP_OVER_PID_QUOTIENT=True
  > Calculating Floyd-Warshall for graph without ground-station relays
  > Writing forwarding state to: gen_data/starlink_550_isls_plus_grid_ground_stations_top_100_with_hsinchu_algorithm_hierarchical_virtual_gid_27deg_k6/dynamic_state_2000ms_for_200s/fstate_40000000000.txt
  > [SIGNALING] 累計統計: 104 事件, 0 字節
[STATS-DEBUG] 開始生成統計文件... PID=1716791, TID=133824866501696
[DEBUG] output_dynamic_state_dir: gen_data/starlink_550_isls_plus_grid_ground_stations_top_100_with_hsinchu_algorithm_hierarchical_virtual_gid_27deg_k6/dynamic_state_2000ms_for_200s
[DEBUG] k_best: 6
[DEBUG] scenario_info: ''
[DEBUG] temp_dir_name: temp_grhr_k6
  > [SIGNALING] 累計統計: 106 事件, 0 字節
FORWARDING STATE AT T = 42000000000ns (= 42.0 seconds)

BASIC INFORMATION
  > Epoch.................. 2000-01-01 00:00:00.000
  > Time since epoch....... 42000000000 ns
  > Absolute time.......... 2000-01-01 00:00:42.000
  > Satellites............. 1584
  > Ground stations........ 101
  > Max. range GSL......... 1089686.4181956202m
  > Max. range ISL......... 5016591.233098428m

ISL INFORMATION
  > Total ISLs............. 3168
  > Min. ISLs/satellite.... 4
  > Max. ISLs/satellite.... 4

GSL INTERFACE INFORMATION
  > Min. GSL IFs/satellite........ 1
  > Max. GSL IFs/satellite........ 1
  > Min. GSL IFs/ground station... 1
[DEBUG] temp_dir_name: temp_grhr_k6
  > [SIGNALING] 累計統計: 81 事件, 0 字節
FORWARDING STATE AT T = 182000000000ns (= 182.0 seconds)

BASIC INFORMATION
  > Epoch.................. 2000-01-01 00:00:00.000
  > Time since epoch....... 182000000000 ns
  > Absolute time.......... 2000-01-01 00:03:02.000
  > Satellites............. 1584
  > Ground stations........ 101
  > Max. range GSL......... 1089686.4181956202m
  > Max. range ISL......... 5016591.233098428m

ISL INFORMATION
  > Total ISLs............. 3168
  > Min. ISLs/satellite.... 4
  > Max. ISLs/satellite.... 4

GSL INTERFACE INFORMATION
  > Min. GSL IFs/satellite........ 1
  > Max. GSL IFs/satellite........ 1
  > Min. GSL IFs/ground station... 1
  > Max. GSL IFs/ground_station... 1

GSL IN-RANGE INFORMATION
  > Min. satellites in range... 4
  > Max. satellites in range... 20
[MODE] SP_OVER_PID_QUOTIENT=True
  > Calculating Floyd-Warshall for graph without ground-station relays
  > Writing forwarding state to: gen_data/starlink_550_isls_plus_grid_ground_stations_top_100_with_hsinchu_algorithm_hierarchical_virtual_gid_27deg_k6/dynamic_state_2000ms_for_200s/fstate_182000000000.txt
  > [SIGNALING] 累計統計: 84 事件, 0 字節
[STATS-DEBUG] 開始生成統計文件... PID=1716794, TID=133824866501696
[DEBUG] output_dynamic_state_dir: gen_data/starlink_550_isls_plus_grid_ground_stations_top_100_with_hsinchu_algorithm_hierarchical_virtual_gid_27deg_k6/dynamic_state_2000ms_for_200s
[DEBUG] k_best: 6
[DEBUG] scenario_info: ''
[DEBUG] temp_dir_name: temp_grhr_k6
  > [SIGNALING] 累計統計: 86 事件, 0 字節
FORWARDING STATE AT T = 184000000000ns (= 184.0 seconds)

BASIC INFORMATION
  > Epoch.................. 2000-01-01 00:00:00.000
  > Time since epoch....... 184000000000 ns
  > Absolute time.......... 2000-01-01 00:03:04.000
  > Satellites............. 1584
  > Ground stations........ 101
  > Max. range GSL......... 1089686.4181956202m
  > Max. range ISL......... 5016591.233098428m

ISL INFORMATION
  > Total ISLs............. 3168
  > Min. ISLs/satellite.... 4
  > Max. ISLs/satellite.... 4

GSL INTERFACE INFORMATION
  > Min. GSL IFs/satellite........ 1
  > Max. GSL IFs/satellite........ 1
  > Min. GSL IFs/ground station... 1
  > Max. GSL IFs/ground_station... 1

GSL IN-RANGE INFORMATION
  > Min. satellites in range... 4
  > Max. satellites in range... 20
[MODE] SP_OVER_PID_QUOTIENT=True
  > Calculating Floyd-Warshall for graph without ground-station relays
  > Writing forwarding state to: gen_data/starlink_550_isls_plus_grid_ground_stations_top_100_with_hsinchu_algorithm_hierarchical_virtual_gid_27deg_k6/dynamic_state_2000ms_for_200s/fstate_184000000000.txt
  > [SIGNALING] 累計統計: 89 事件, 0 字節
[STATS-DEBUG] 開始生成統計文件... PID=1716794, TID=133824866501696
[DEBUG] output_dynamic_state_dir: gen_data/starlink_550_isls_plus_grid_ground_stations_top_100_with_hsinchu_algorithm_hierarchical_virtual_gid_27deg_k6/dynamic_state_2000ms_for_200s
[DEBUG] k_best: 6
[DEBUG] scenario_info: ''
[DEBUG] temp_dir_name: temp_grhr_k6
  > [SIGNALING] 累計統計: 91 事件, 0 字節
FORWARDING STATE AT T = 186000000000ns (= 186.0 seconds)

BASIC INFORMATION
  > Epoch.................. 2000-01-01 00:00:00.000
  > Time since epoch....... 186000000000 ns
  > Absolute time.......... 2000-01-01 00:03:06.000
  > Satellites............. 1584
  > Ground stations........ 101
  > Max. range GSL......... 1089686.4181956202m
  > Max. range ISL......... 5016591.233098428m

ISL INFORMATION
  > Total ISLs............. 3168
  > Min. ISLs/satellite.... 4
  > Max. ISLs/satellite.... 4

GSL INTERFACE INFORMATION
  > Min. GSL IFs/satellite........ 1
  > Max. GSL IFs/satellite........ 1
  > Min. GSL IFs/ground station... 1
  > Max. GSL IFs/ground_station... 1

GSL IN-RANGE INFORMATION
  > Min. satellites in range... 4
  > Max. satellites in range... 20
[MODE] SP_OVER_PID_QUOTIENT=True
  > Calculating Floyd-Warshall for graph without ground-station relays
  > Writing forwarding state to: gen_data/starlink_550_isls_plus_grid_ground_stations_top_100_with_hsinchu_algorithm_hierarchical_virtual_gid_27deg_k6/dynamic_state_2000ms_for_200s/fstate_186000000000.txt
  > [SIGNALING] 累計統計: 94 事件, 0 字節
[STATS-DEBUG] 開始生成統計文件... PID=1716794, TID=133824866501696
[DEBUG] output_dynamic_state_dir: gen_data/starlink_550_isls_plus_grid_ground_stations_top_100_with_hsinchu_algorithm_hierarchical_virtual_gid_27deg_k6/dynamic_state_2000ms_for_200s
[DEBUG] k_best: 6
[DEBUG] scenario_info: ''
[DEBUG] temp_dir_name: temp_grhr_k6
  > [SIGNALING] 累計統計: 96 事件, 0 字節
FORWARDING STATE AT T = 188000000000ns (= 188.0 seconds)

BASIC INFORMATION
  > Epoch.................. 2000-01-01 00:00:00.000
  > Time since epoch....... 188000000000 ns
  > Absolute time.......... 2000-01-01 00:03:08.000
  > Satellites............. 1584
  > Ground stations........ 101
  > Max. range GSL......... 1089686.4181956202m
  > Max. range ISL......... 5016591.233098428m

ISL INFORMATION
  > Total ISLs............. 3168
  > Min. ISLs/satellite.... 4
  > Max. ISLs/satellite.... 4

GSL INTERFACE INFORMATION
  > Min. GSL IFs/satellite........ 1
  > Max. GSL IFs/satellite........ 1
  > Min. GSL IFs/ground station... 1
  > Max. GSL IFs/ground_station... 1

GSL IN-RANGE INFORMATION
  > Min. satellites in range... 4
  > Max. satellites in range... 20
[MODE] SP_OVER_PID_QUOTIENT=True
  > Calculating Floyd-Warshall for graph without ground-station relays
  > Writing forwarding state to: gen_data/starlink_550_isls_plus_grid_ground_stations_top_100_with_hsinchu_algorithm_hierarchical_virtual_gid_27deg_k6/dynamic_state_2000ms_for_200s/fstate_188000000000.txt
  > [SIGNALING] 累計統計: 99 事件, 0 字節
[STATS-DEBUG] 開始生成統計文件... PID=1716794, TID=133824866501696
[DEBUG] output_dynamic_state_dir: gen_data/starlink_550_isls_plus_grid_ground_stations_top_100_with_hsinchu_algorithm_hierarchical_virtual_gid_27deg_k6/dynamic_state_2000ms_for_200s
[DEBUG] k_best: 6
[DEBUG] scenario_info: ''
[DEBUG] temp_dir_name: temp_grhr_k6
  > [SIGNALING] 累計統計: 101 事件, 0 字節
FORWARDING STATE AT T = 190000000000ns (= 190.0 seconds)

BASIC INFORMATION
  > Epoch.................. 2000-01-01 00:00:00.000
  > Time since epoch....... 190000000000 ns
  > Absolute time.......... 2000-01-01 00:03:10.000
  > Satellites............. 1584
  > Ground stations........ 101
  > Max. range GSL......... 1089686.4181956202m
  > Max. range ISL......... 5016591.233098428m

ISL INFORMATION
  > Total ISLs............. 3168
  > Min. ISLs/satellite.... 4
  > Max. ISLs/satellite.... 4

GSL INTERFACE INFORMATION
  > Min. GSL IFs/satellite........ 1
  > Max. GSL IFs/satellite........ 1
  > Min. GSL IFs/ground station... 1
  > Max. GSL IFs/ground_station... 1

GSL IN-RANGE INFORMATION
  > Min. satellites in range... 4
  > Max. satellites in range... 20
[MODE] SP_OVER_PID_QUOTIENT=True
  > Calculating Floyd-Warshall for graph without ground-station relays
  > Writing forwarding state to: gen_data/starlink_550_isls_plus_grid_ground_stations_top_100_with_hsinchu_algorithm_hierarchical_virtual_gid_27deg_k6/dynamic_state_2000ms_for_200s/fstate_190000000000.txt
  > [SIGNALING] 累計統計: 104 事件, 0 字節
[STATS-DEBUG] 開始生成統計文件... PID=1716794, TID=133824866501696
[DEBUG] output_dynamic_state_dir: gen_data/starlink_550_isls_plus_grid_ground_stations_top_100_with_hsinchu_algorithm_hierarchical_virtual_gid_27deg_k6/dynamic_state_2000ms_for_200s
[DEBUG] k_best: 6
[DEBUG] scenario_info: ''
[DEBUG] temp_dir_name: temp_grhr_k6
  > [SIGNALING] 累計統計: 106 事件, 0 字節
FORWARDING STATE AT T = 192000000000ns (= 192.0 seconds)

BASIC INFORMATION
  > Epoch.................. 2000-01-01 00:00:00.000
  > Time since epoch....... 192000000000 ns
  > Absolute time.......... 2000-01-01 00:03:12.000
  > Satellites............. 1584
  > Ground stations........ 101
  > Max. range GSL......... 1089686.4181956202m
  > Max. range ISL......... 5016591.233098428m

ISL INFORMATION
  > Total ISLs............. 3168
  > Min. ISLs/satellite.... 4
  > Max. ISLs/satellite.... 4

GSL INTERFACE INFORMATION
[DEBUG] temp_dir_name: temp_grhr_k6
  > [SIGNALING] 累計統計: 81 事件, 0 字節
FORWARDING STATE AT T = 132000000000ns (= 132.0 seconds)

BASIC INFORMATION
  > Epoch.................. 2000-01-01 00:00:00.000
  > Time since epoch....... 132000000000 ns
  > Absolute time.......... 2000-01-01 00:02:12.000
  > Satellites............. 1584
  > Ground stations........ 101
  > Max. range GSL......... 1089686.4181956202m
  > Max. range ISL......... 5016591.233098428m

ISL INFORMATION
  > Total ISLs............. 3168
  > Min. ISLs/satellite.... 4
  > Max. ISLs/satellite.... 4

GSL INTERFACE INFORMATION
  > Min. GSL IFs/satellite........ 1
  > Max. GSL IFs/satellite........ 1
  > Min. GSL IFs/ground station... 1
  > Max. GSL IFs/ground_station... 1

GSL IN-RANGE INFORMATION
  > Min. satellites in range... 3
  > Max. satellites in range... 20
[MODE] SP_OVER_PID_QUOTIENT=True
  > Calculating Floyd-Warshall for graph without ground-station relays
  > Writing forwarding state to: gen_data/starlink_550_isls_plus_grid_ground_stations_top_100_with_hsinchu_algorithm_hierarchical_virtual_gid_27deg_k6/dynamic_state_2000ms_for_200s/fstate_132000000000.txt
  > [SIGNALING] 累計統計: 84 事件, 0 字節
[STATS-DEBUG] 開始生成統計文件... PID=1716793, TID=133824866501696
[DEBUG] output_dynamic_state_dir: gen_data/starlink_550_isls_plus_grid_ground_stations_top_100_with_hsinchu_algorithm_hierarchical_virtual_gid_27deg_k6/dynamic_state_2000ms_for_200s
[DEBUG] k_best: 6
[DEBUG] scenario_info: ''
[DEBUG] temp_dir_name: temp_grhr_k6
  > [SIGNALING] 累計統計: 86 事件, 0 字節
FORWARDING STATE AT T = 134000000000ns (= 134.0 seconds)

BASIC INFORMATION
  > Epoch.................. 2000-01-01 00:00:00.000
  > Time since epoch....... 134000000000 ns
  > Absolute time.......... 2000-01-01 00:02:14.000
  > Satellites............. 1584
  > Ground stations........ 101
  > Max. range GSL......... 1089686.4181956202m
  > Max. range ISL......... 5016591.233098428m

ISL INFORMATION
  > Total ISLs............. 3168
  > Min. ISLs/satellite.... 4
  > Max. ISLs/satellite.... 4

GSL INTERFACE INFORMATION
  > Min. GSL IFs/satellite........ 1
  > Max. GSL IFs/satellite........ 1
  > Min. GSL IFs/ground station... 1
  > Max. GSL IFs/ground_station... 1

GSL IN-RANGE INFORMATION
  > Min. satellites in range... 3
  > Max. satellites in range... 20
[MODE] SP_OVER_PID_QUOTIENT=True
  > Calculating Floyd-Warshall for graph without ground-station relays
  > Writing forwarding state to: gen_data/starlink_550_isls_plus_grid_ground_stations_top_100_with_hsinchu_algorithm_hierarchical_virtual_gid_27deg_k6/dynamic_state_2000ms_for_200s/fstate_134000000000.txt
  > [SIGNALING] 累計統計: 89 事件, 0 字節
[STATS-DEBUG] 開始生成統計文件... PID=1716793, TID=133824866501696
[DEBUG] output_dynamic_state_dir: gen_data/starlink_550_isls_plus_grid_ground_stations_top_100_with_hsinchu_algorithm_hierarchical_virtual_gid_27deg_k6/dynamic_state_2000ms_for_200s
[DEBUG] k_best: 6
[DEBUG] scenario_info: ''
[DEBUG] temp_dir_name: temp_grhr_k6
  > [SIGNALING] 累計統計: 91 事件, 0 字節
FORWARDING STATE AT T = 136000000000ns (= 136.0 seconds)

BASIC INFORMATION
  > Epoch.................. 2000-01-01 00:00:00.000
  > Time since epoch....... 136000000000 ns
  > Absolute time.......... 2000-01-01 00:02:16.000
  > Satellites............. 1584
  > Ground stations........ 101
  > Max. range GSL......... 1089686.4181956202m
  > Max. range ISL......... 5016591.233098428m

ISL INFORMATION
  > Total ISLs............. 3168
  > Min. ISLs/satellite.... 4
  > Max. ISLs/satellite.... 4

GSL INTERFACE INFORMATION
  > Min. GSL IFs/satellite........ 1
  > Max. GSL IFs/satellite........ 1
  > Min. GSL IFs/ground station... 1
  > Max. GSL IFs/ground_station... 1

GSL IN-RANGE INFORMATION
  > Min. satellites in range... 3
  > Max. satellites in range... 20
[MODE] SP_OVER_PID_QUOTIENT=True
  > Calculating Floyd-Warshall for graph without ground-station relays
  > Writing forwarding state to: gen_data/starlink_550_isls_plus_grid_ground_stations_top_100_with_hsinchu_algorithm_hierarchical_virtual_gid_27deg_k6/dynamic_state_2000ms_for_200s/fstate_136000000000.txt
  > [SIGNALING] 累計統計: 94 事件, 0 字節
[STATS-DEBUG] 開始生成統計文件... PID=1716793, TID=133824866501696
[DEBUG] output_dynamic_state_dir: gen_data/starlink_550_isls_plus_grid_ground_stations_top_100_with_hsinchu_algorithm_hierarchical_virtual_gid_27deg_k6/dynamic_state_2000ms_for_200s
[DEBUG] k_best: 6
[DEBUG] scenario_info: ''
[DEBUG] temp_dir_name: temp_grhr_k6
  > [SIGNALING] 累計統計: 96 事件, 0 字節
FORWARDING STATE AT T = 138000000000ns (= 138.0 seconds)

BASIC INFORMATION
  > Epoch.................. 2000-01-01 00:00:00.000
  > Time since epoch....... 138000000000 ns
  > Absolute time.......... 2000-01-01 00:02:18.000
  > Satellites............. 1584
  > Ground stations........ 101
  > Max. range GSL......... 1089686.4181956202m
  > Max. range ISL......... 5016591.233098428m

ISL INFORMATION
  > Total ISLs............. 3168
  > Min. ISLs/satellite.... 4
  > Max. ISLs/satellite.... 4

GSL INTERFACE INFORMATION
  > Min. GSL IFs/satellite........ 1
  > Max. GSL IFs/satellite........ 1
  > Min. GSL IFs/ground station... 1
  > Max. GSL IFs/ground_station... 1

GSL IN-RANGE INFORMATION
  > Min. satellites in range... 3
  > Max. satellites in range... 20
[MODE] SP_OVER_PID_QUOTIENT=True
  > Calculating Floyd-Warshall for graph without ground-station relays
  > Writing forwarding state to: gen_data/starlink_550_isls_plus_grid_ground_stations_top_100_with_hsinchu_algorithm_hierarchical_virtual_gid_27deg_k6/dynamic_state_2000ms_for_200s/fstate_138000000000.txt
  > [SIGNALING] 累計統計: 99 事件, 0 字節
[STATS-DEBUG] 開始生成統計文件... PID=1716793, TID=133824866501696
[DEBUG] output_dynamic_state_dir: gen_data/starlink_550_isls_plus_grid_ground_stations_top_100_with_hsinchu_algorithm_hierarchical_virtual_gid_27deg_k6/dynamic_state_2000ms_for_200s
[DEBUG] k_best: 6
[DEBUG] scenario_info: ''
[DEBUG] temp_dir_name: temp_grhr_k6
  > [SIGNALING] 累計統計: 101 事件, 0 字節
FORWARDING STATE AT T = 140000000000ns (= 140.0 seconds)

BASIC INFORMATION
  > Epoch.................. 2000-01-01 00:00:00.000
  > Time since epoch....... 140000000000 ns
  > Absolute time.......... 2000-01-01 00:02:20.000
  > Satellites............. 1584
  > Ground stations........ 101
  > Max. range GSL......... 1089686.4181956202m
  > Max. range ISL......... 5016591.233098428m

ISL INFORMATION
  > Total ISLs............. 3168
  > Min. ISLs/satellite.... 4
  > Max. ISLs/satellite.... 4

GSL INTERFACE INFORMATION
  > Min. GSL IFs/satellite........ 1
  > Max. GSL IFs/satellite........ 1
  > Min. GSL IFs/ground station... 1
  > Max. GSL IFs/ground_station... 1

GSL IN-RANGE INFORMATION
  > Min. satellites in range... 3
  > Max. satellites in range... 20
[MODE] SP_OVER_PID_QUOTIENT=True
  > Calculating Floyd-Warshall for graph without ground-station relays
  > Writing forwarding state to: gen_data/starlink_550_isls_plus_grid_ground_stations_top_100_with_hsinchu_algorithm_hierarchical_virtual_gid_27deg_k6/dynamic_state_2000ms_for_200s/fstate_140000000000.txt
  > [SIGNALING] 累計統計: 104 事件, 0 字節
[STATS-DEBUG] 開始生成統計文件... PID=1716793, TID=133824866501696
[DEBUG] output_dynamic_state_dir: gen_data/starlink_550_isls_plus_grid_ground_stations_top_100_with_hsinchu_algorithm_hierarchical_virtual_gid_27deg_k6/dynamic_state_2000ms_for_200s
[DEBUG] k_best: 6
[DEBUG] scenario_info: ''
[DEBUG] temp_dir_name: temp_grhr_k6
  > [SIGNALING] 累計統計: 106 事件, 0 字節
FORWARDING STATE AT T = 142000000000ns (= 142.0 seconds)

BASIC INFORMATION
  > Epoch.................. 2000-01-01 00:00:00.000
  > Time since epoch....... 142000000000 ns
  > Absolute time.......... 2000-01-01 00:02:22.000
  > Satellites............. 1584
  > Ground stations........ 101
  > Max. range GSL......... 1089686.4181956202m
  > Max. range ISL......... 5016591.233098428m

ISL INFORMATION
  > Total ISLs............. 3168
  > Min. ISLs/satellite.... 4
  > Max. ISLs/satellite.... 4

GSL INTERFACE INFORMATION
FORWARDING STATE AT T = 82000000000ns (= 82.0 seconds)

BASIC INFORMATION
  > Epoch.................. 2000-01-01 00:00:00.000
  > Time since epoch....... 82000000000 ns
  > Absolute time.......... 2000-01-01 00:01:22.000
  > Satellites............. 1584
  > Ground stations........ 101
  > Max. range GSL......... 1089686.4181956202m
  > Max. range ISL......... 5016591.233098428m

ISL INFORMATION
  > Total ISLs............. 3168
  > Min. ISLs/satellite.... 4
  > Max. ISLs/satellite.... 4

GSL INTERFACE INFORMATION
  > Min. GSL IFs/satellite........ 1
  > Max. GSL IFs/satellite........ 1
  > Min. GSL IFs/ground station... 1
  > Max. GSL IFs/ground_station... 1

GSL IN-RANGE INFORMATION
  > Min. satellites in range... 4
  > Max. satellites in range... 18
[MODE] SP_OVER_PID_QUOTIENT=True
  > Calculating Floyd-Warshall for graph without ground-station relays
  > Writing forwarding state to: gen_data/starlink_550_isls_plus_grid_ground_stations_top_100_with_hsinchu_algorithm_hierarchical_virtual_gid_27deg_k6/dynamic_state_2000ms_for_200s/fstate_82000000000.txt
  > [SIGNALING] 累計統計: 84 事件, 0 字節
[STATS-DEBUG] 開始生成統計文件... PID=1716792, TID=133824866501696
[DEBUG] output_dynamic_state_dir: gen_data/starlink_550_isls_plus_grid_ground_stations_top_100_with_hsinchu_algorithm_hierarchical_virtual_gid_27deg_k6/dynamic_state_2000ms_for_200s
[DEBUG] k_best: 6
[DEBUG] scenario_info: ''
[DEBUG] temp_dir_name: temp_grhr_k6
  > [SIGNALING] 累計統計: 86 事件, 0 字節
FORWARDING STATE AT T = 84000000000ns (= 84.0 seconds)

BASIC INFORMATION
  > Epoch.................. 2000-01-01 00:00:00.000
  > Time since epoch....... 84000000000 ns
  > Absolute time.......... 2000-01-01 00:01:24.000
  > Satellites............. 1584
  > Ground stations........ 101
  > Max. range GSL......... 1089686.4181956202m
  > Max. range ISL......... 5016591.233098428m

ISL INFORMATION
  > Total ISLs............. 3168
  > Min. ISLs/satellite.... 4
  > Max. ISLs/satellite.... 4

GSL INTERFACE INFORMATION
  > Min. GSL IFs/satellite........ 1
  > Max. GSL IFs/satellite........ 1
  > Min. GSL IFs/ground station... 1
  > Max. GSL IFs/ground_station... 1

GSL IN-RANGE INFORMATION
  > Min. satellites in range... 4
  > Max. satellites in range... 18
[MODE] SP_OVER_PID_QUOTIENT=True
  > Calculating Floyd-Warshall for graph without ground-station relays
  > Writing forwarding state to: gen_data/starlink_550_isls_plus_grid_ground_stations_top_100_with_hsinchu_algorithm_hierarchical_virtual_gid_27deg_k6/dynamic_state_2000ms_for_200s/fstate_84000000000.txt
  > [SIGNALING] 累計統計: 89 事件, 0 字節
[STATS-DEBUG] 開始生成統計文件... PID=1716792, TID=133824866501696
[DEBUG] output_dynamic_state_dir: gen_data/starlink_550_isls_plus_grid_ground_stations_top_100_with_hsinchu_algorithm_hierarchical_virtual_gid_27deg_k6/dynamic_state_2000ms_for_200s
[DEBUG] k_best: 6
[DEBUG] scenario_info: ''
[DEBUG] temp_dir_name: temp_grhr_k6
  > [SIGNALING] 累計統計: 91 事件, 0 字節
FORWARDING STATE AT T = 86000000000ns (= 86.0 seconds)

BASIC INFORMATION
  > Epoch.................. 2000-01-01 00:00:00.000
  > Time since epoch....... 86000000000 ns
  > Absolute time.......... 2000-01-01 00:01:26.000
  > Satellites............. 1584
  > Ground stations........ 101
  > Max. range GSL......... 1089686.4181956202m
  > Max. range ISL......... 5016591.233098428m

ISL INFORMATION
  > Total ISLs............. 3168
  > Min. ISLs/satellite.... 4
  > Max. ISLs/satellite.... 4

GSL INTERFACE INFORMATION
  > Min. GSL IFs/satellite........ 1
  > Max. GSL IFs/satellite........ 1
  > Min. GSL IFs/ground station... 1
  > Max. GSL IFs/ground_station... 1

GSL IN-RANGE INFORMATION
  > Min. satellites in range... 4
  > Max. satellites in range... 19
[MODE] SP_OVER_PID_QUOTIENT=True
  > Calculating Floyd-Warshall for graph without ground-station relays
  > Writing forwarding state to: gen_data/starlink_550_isls_plus_grid_ground_stations_top_100_with_hsinchu_algorithm_hierarchical_virtual_gid_27deg_k6/dynamic_state_2000ms_for_200s/fstate_86000000000.txt
  > [SIGNALING] 累計統計: 94 事件, 0 字節
[STATS-DEBUG] 開始生成統計文件... PID=1716792, TID=133824866501696
[DEBUG] output_dynamic_state_dir: gen_data/starlink_550_isls_plus_grid_ground_stations_top_100_with_hsinchu_algorithm_hierarchical_virtual_gid_27deg_k6/dynamic_state_2000ms_for_200s
[DEBUG] k_best: 6
[DEBUG] scenario_info: ''
[DEBUG] temp_dir_name: temp_grhr_k6
  > [SIGNALING] 累計統計: 96 事件, 0 字節
FORWARDING STATE AT T = 88000000000ns (= 88.0 seconds)

BASIC INFORMATION
  > Epoch.................. 2000-01-01 00:00:00.000
  > Time since epoch....... 88000000000 ns
  > Absolute time.......... 2000-01-01 00:01:28.000
  > Satellites............. 1584
  > Ground stations........ 101
  > Max. range GSL......... 1089686.4181956202m
  > Max. range ISL......... 5016591.233098428m

ISL INFORMATION
  > Total ISLs............. 3168
  > Min. ISLs/satellite.... 4
  > Max. ISLs/satellite.... 4

GSL INTERFACE INFORMATION
  > Min. GSL IFs/satellite........ 1
  > Max. GSL IFs/satellite........ 1
  > Min. GSL IFs/ground station... 1
  > Max. GSL IFs/ground_station... 1

GSL IN-RANGE INFORMATION
  > Min. satellites in range... 4
  > Max. satellites in range... 20
[MODE] SP_OVER_PID_QUOTIENT=True
  > Calculating Floyd-Warshall for graph without ground-station relays
  > Writing forwarding state to: gen_data/starlink_550_isls_plus_grid_ground_stations_top_100_with_hsinchu_algorithm_hierarchical_virtual_gid_27deg_k6/dynamic_state_2000ms_for_200s/fstate_88000000000.txt
  > [SIGNALING] 累計統計: 99 事件, 0 字節
[STATS-DEBUG] 開始生成統計文件... PID=1716792, TID=133824866501696
[DEBUG] output_dynamic_state_dir: gen_data/starlink_550_isls_plus_grid_ground_stations_top_100_with_hsinchu_algorithm_hierarchical_virtual_gid_27deg_k6/dynamic_state_2000ms_for_200s
[DEBUG] k_best: 6
[DEBUG] scenario_info: ''
[DEBUG] temp_dir_name: temp_grhr_k6
  > [SIGNALING] 累計統計: 101 事件, 0 字節
FORWARDING STATE AT T = 90000000000ns (= 90.0 seconds)

BASIC INFORMATION
  > Epoch.................. 2000-01-01 00:00:00.000
  > Time since epoch....... 90000000000 ns
  > Absolute time.......... 2000-01-01 00:01:30.000
  > Satellites............. 1584
  > Ground stations........ 101
  > Max. range GSL......... 1089686.4181956202m
  > Max. range ISL......... 5016591.233098428m

ISL INFORMATION
  > Total ISLs............. 3168
  > Min. ISLs/satellite.... 4
  > Max. ISLs/satellite.... 4

GSL INTERFACE INFORMATION
  > Min. GSL IFs/satellite........ 1
  > Max. GSL IFs/satellite........ 1
  > Min. GSL IFs/ground station... 1
  > Max. GSL IFs/ground_station... 1

GSL IN-RANGE INFORMATION
  > Min. satellites in range... 4
  > Max. satellites in range... 19
[MODE] SP_OVER_PID_QUOTIENT=True
  > Calculating Floyd-Warshall for graph without ground-station relays
  > Writing forwarding state to: gen_data/starlink_550_isls_plus_grid_ground_stations_top_100_with_hsinchu_algorithm_hierarchical_virtual_gid_27deg_k6/dynamic_state_2000ms_for_200s/fstate_90000000000.txt
  > [SIGNALING] 累計統計: 104 事件, 0 字節
[STATS-DEBUG] 開始生成統計文件... PID=1716792, TID=133824866501696
[DEBUG] output_dynamic_state_dir: gen_data/starlink_550_isls_plus_grid_ground_stations_top_100_with_hsinchu_algorithm_hierarchical_virtual_gid_27deg_k6/dynamic_state_2000ms_for_200s
[DEBUG] k_best: 6
[DEBUG] scenario_info: ''
[DEBUG] temp_dir_name: temp_grhr_k6
  > [SIGNALING] 累計統計: 106 事件, 0 字節
FORWARDING STATE AT T = 92000000000ns (= 92.0 seconds)

BASIC INFORMATION
  > Epoch.................. 2000-01-01 00:00:00.000
  > Time since epoch....... 92000000000 ns
  > Absolute time.......... 2000-01-01 00:01:32.000
  > Satellites............. 1584
  > Ground stations........ 101
  > Max. range GSL......... 1089686.4181956202m
  > Max. range ISL......... 5016591.233098428m

ISL INFORMATION
  > Total ISLs............. 3168
  > Min. ISLs/satellite.... 4
  > Max. ISLs/satellite.... 4

GSL INTERFACE INFORMATION
  > Min. GSL IFs/satellite........ 1
  > Max. GSL IFs/satellite........ 1
  > Min. GSL IFs/ground station... 1
  > Min. GSL IFs/satellite........ 1
  > Max. GSL IFs/satellite........ 1
  > Min. GSL IFs/ground station... 1
  > Max. GSL IFs/ground_station... 1

GSL IN-RANGE INFORMATION
  > Min. satellites in range... 4
  > Max. satellites in range... 20
[MODE] SP_OVER_PID_QUOTIENT=True
  > Calculating Floyd-Warshall for graph without ground-station relays
  > Writing forwarding state to: gen_data/starlink_550_isls_plus_grid_ground_stations_top_100_with_hsinchu_algorithm_hierarchical_virtual_gid_27deg_k6/dynamic_state_2000ms_for_200s/fstate_192000000000.txt
  > [SIGNALING] 累計統計: 109 事件, 0 字節
[STATS-DEBUG] 開始生成統計文件... PID=1716794, TID=133824866501696
[DEBUG] output_dynamic_state_dir: gen_data/starlink_550_isls_plus_grid_ground_stations_top_100_with_hsinchu_algorithm_hierarchical_virtual_gid_27deg_k6/dynamic_state_2000ms_for_200s
[DEBUG] k_best: 6
[DEBUG] scenario_info: ''
[DEBUG] temp_dir_name: temp_grhr_k6
  > [SIGNALING] 累計統計: 111 事件, 0 字節
FORWARDING STATE AT T = 194000000000ns (= 194.0 seconds)

BASIC INFORMATION
  > Epoch.................. 2000-01-01 00:00:00.000
  > Time since epoch....... 194000000000 ns
  > Absolute time.......... 2000-01-01 00:03:14.000
  > Satellites............. 1584
  > Ground stations........ 101
  > Max. range GSL......... 1089686.4181956202m
  > Max. range ISL......... 5016591.233098428m

ISL INFORMATION
  > Total ISLs............. 3168
  > Min. ISLs/satellite.... 4
  > Max. ISLs/satellite.... 4

GSL INTERFACE INFORMATION
  > Min. GSL IFs/satellite........ 1
  > Max. GSL IFs/satellite........ 1
  > Min. GSL IFs/ground station... 1
  > Max. GSL IFs/ground_station... 1

GSL IN-RANGE INFORMATION
  > Min. satellites in range... 4
  > Max. satellites in range... 20
[MODE] SP_OVER_PID_QUOTIENT=True
  > Calculating Floyd-Warshall for graph without ground-station relays
  > Writing forwarding state to: gen_data/starlink_550_isls_plus_grid_ground_stations_top_100_with_hsinchu_algorithm_hierarchical_virtual_gid_27deg_k6/dynamic_state_2000ms_for_200s/fstate_194000000000.txt
  > [SIGNALING] 累計統計: 114 事件, 0 字節
[STATS-DEBUG] 開始生成統計文件... PID=1716794, TID=133824866501696
[DEBUG] output_dynamic_state_dir: gen_data/starlink_550_isls_plus_grid_ground_stations_top_100_with_hsinchu_algorithm_hierarchical_virtual_gid_27deg_k6/dynamic_state_2000ms_for_200s
[DEBUG] k_best: 6
[DEBUG] scenario_info: ''
[DEBUG] temp_dir_name: temp_grhr_k6
  > [SIGNALING] 累計統計: 116 事件, 0 字節
FORWARDING STATE AT T = 196000000000ns (= 196.0 seconds)

BASIC INFORMATION
  > Epoch.................. 2000-01-01 00:00:00.000
  > Time since epoch....... 196000000000 ns
  > Absolute time.......... 2000-01-01 00:03:16.000
  > Satellites............. 1584
  > Ground stations........ 101
  > Max. range GSL......... 1089686.4181956202m
  > Max. range ISL......... 5016591.233098428m

ISL INFORMATION
  > Total ISLs............. 3168
  > Min. ISLs/satellite.... 4
  > Max. ISLs/satellite.... 4

GSL INTERFACE INFORMATION
  > Min. GSL IFs/satellite........ 1
  > Max. GSL IFs/satellite........ 1
  > Min. GSL IFs/ground station... 1
  > Max. GSL IFs/ground_station... 1

GSL IN-RANGE INFORMATION
  > Min. satellites in range... 4
  > Max. satellites in range... 20
[MODE] SP_OVER_PID_QUOTIENT=True
  > Calculating Floyd-Warshall for graph without ground-station relays
  > Writing forwarding state to: gen_data/starlink_550_isls_plus_grid_ground_stations_top_100_with_hsinchu_algorithm_hierarchical_virtual_gid_27deg_k6/dynamic_state_2000ms_for_200s/fstate_196000000000.txt
  > [SIGNALING] 累計統計: 119 事件, 0 字節
[STATS-DEBUG] 開始生成統計文件... PID=1716794, TID=133824866501696
[DEBUG] output_dynamic_state_dir: gen_data/starlink_550_isls_plus_grid_ground_stations_top_100_with_hsinchu_algorithm_hierarchical_virtual_gid_27deg_k6/dynamic_state_2000ms_for_200s
[DEBUG] k_best: 6
[DEBUG] scenario_info: ''
[DEBUG] temp_dir_name: temp_grhr_k6
  > [SIGNALING] 累計統計: 121 事件, 0 字節
FORWARDING STATE AT T = 198000000000ns (= 198.0 seconds)

BASIC INFORMATION
  > Epoch.................. 2000-01-01 00:00:00.000
  > Time since epoch....... 198000000000 ns
  > Absolute time.......... 2000-01-01 00:03:18.000
  > Satellites............. 1584
  > Ground stations........ 101
  > Max. range GSL......... 1089686.4181956202m
  > Max. range ISL......... 5016591.233098428m

ISL INFORMATION
  > Total ISLs............. 3168
  > Min. ISLs/satellite.... 4
  > Max. ISLs/satellite.... 4

GSL INTERFACE INFORMATION
  > Min. GSL IFs/satellite........ 1
  > Max. GSL IFs/satellite........ 1
  > Min. GSL IFs/ground station... 1
  > Max. GSL IFs/ground_station... 1

GSL IN-RANGE INFORMATION
  > Min. satellites in range... 4
  > Max. satellites in range... 20
[MODE] SP_OVER_PID_QUOTIENT=True
  > Calculating Floyd-Warshall for graph without ground-station relays
  > Writing forwarding state to: gen_data/starlink_550_isls_plus_grid_ground_stations_top_100_with_hsinchu_algorithm_hierarchical_virtual_gid_27deg_k6/dynamic_state_2000ms_for_200s/fstate_198000000000.txt
  > [SIGNALING] 累計統計: 124 事件, 0 字節
[STATS-DEBUG] 開始生成統計文件... PID=1716794, TID=133824866501696
[DEBUG] output_dynamic_state_dir: gen_data/starlink_550_isls_plus_grid_ground_stations_top_100_with_hsinchu_algorithm_hierarchical_virtual_gid_27deg_k6/dynamic_state_2000ms_for_200s
[DEBUG] k_best: 6
[DEBUG] scenario_info: ''
[DEBUG] temp_dir_name: temp_grhr_k6
  > [SIGNALING] 累計統計: 126 事件, 0 字節
  > Max. GSL IFs/ground_station... 1

GSL IN-RANGE INFORMATION
  > Min. satellites in range... 3
  > Max. satellites in range... 19
[MODE] SP_OVER_PID_QUOTIENT=True
  > Calculating Floyd-Warshall for graph without ground-station relays
  > Writing forwarding state to: gen_data/starlink_550_isls_plus_grid_ground_stations_top_100_with_hsinchu_algorithm_hierarchical_virtual_gid_27deg_k6/dynamic_state_2000ms_for_200s/fstate_42000000000.txt
  > [SIGNALING] 累計統計: 109 事件, 0 字節
[STATS-DEBUG] 開始生成統計文件... PID=1716791, TID=133824866501696
[DEBUG] output_dynamic_state_dir: gen_data/starlink_550_isls_plus_grid_ground_stations_top_100_with_hsinchu_algorithm_hierarchical_virtual_gid_27deg_k6/dynamic_state_2000ms_for_200s
[DEBUG] k_best: 6
[DEBUG] scenario_info: ''
[DEBUG] temp_dir_name: temp_grhr_k6
  > [SIGNALING] 累計統計: 111 事件, 0 字節
FORWARDING STATE AT T = 44000000000ns (= 44.0 seconds)

BASIC INFORMATION
  > Epoch.................. 2000-01-01 00:00:00.000
  > Time since epoch....... 44000000000 ns
  > Absolute time.......... 2000-01-01 00:00:44.000
  > Satellites............. 1584
  > Ground stations........ 101
  > Max. range GSL......... 1089686.4181956202m
  > Max. range ISL......... 5016591.233098428m

ISL INFORMATION
  > Total ISLs............. 3168
  > Min. ISLs/satellite.... 4
  > Max. ISLs/satellite.... 4

GSL INTERFACE INFORMATION
  > Min. GSL IFs/satellite........ 1
  > Max. GSL IFs/satellite........ 1
  > Min. GSL IFs/ground station... 1
  > Max. GSL IFs/ground_station... 1

GSL IN-RANGE INFORMATION
  > Min. satellites in range... 3
  > Max. satellites in range... 19
[MODE] SP_OVER_PID_QUOTIENT=True
  > Calculating Floyd-Warshall for graph without ground-station relays
  > Writing forwarding state to: gen_data/starlink_550_isls_plus_grid_ground_stations_top_100_with_hsinchu_algorithm_hierarchical_virtual_gid_27deg_k6/dynamic_state_2000ms_for_200s/fstate_44000000000.txt
  > [SIGNALING] 累計統計: 114 事件, 0 字節
[STATS-DEBUG] 開始生成統計文件... PID=1716791, TID=133824866501696
[DEBUG] output_dynamic_state_dir: gen_data/starlink_550_isls_plus_grid_ground_stations_top_100_with_hsinchu_algorithm_hierarchical_virtual_gid_27deg_k6/dynamic_state_2000ms_for_200s
[DEBUG] k_best: 6
[DEBUG] scenario_info: ''
[DEBUG] temp_dir_name: temp_grhr_k6
  > [SIGNALING] 累計統計: 116 事件, 0 字節
FORWARDING STATE AT T = 46000000000ns (= 46.0 seconds)

BASIC INFORMATION
  > Epoch.................. 2000-01-01 00:00:00.000
  > Time since epoch....... 46000000000 ns
  > Absolute time.......... 2000-01-01 00:00:46.000
  > Satellites............. 1584
  > Ground stations........ 101
  > Max. range GSL......... 1089686.4181956202m
  > Max. range ISL......... 5016591.233098428m

ISL INFORMATION
  > Total ISLs............. 3168
  > Min. ISLs/satellite.... 4
  > Max. ISLs/satellite.... 4

GSL INTERFACE INFORMATION
  > Min. GSL IFs/satellite........ 1
  > Max. GSL IFs/satellite........ 1
  > Min. GSL IFs/ground station... 1
  > Max. GSL IFs/ground_station... 1

GSL IN-RANGE INFORMATION
  > Min. satellites in range... 3
  > Max. satellites in range... 18
[MODE] SP_OVER_PID_QUOTIENT=True
  > Calculating Floyd-Warshall for graph without ground-station relays
  > Writing forwarding state to: gen_data/starlink_550_isls_plus_grid_ground_stations_top_100_with_hsinchu_algorithm_hierarchical_virtual_gid_27deg_k6/dynamic_state_2000ms_for_200s/fstate_46000000000.txt
  > [SIGNALING] 累計統計: 119 事件, 0 字節
[STATS-DEBUG] 開始生成統計文件... PID=1716791, TID=133824866501696
[DEBUG] output_dynamic_state_dir: gen_data/starlink_550_isls_plus_grid_ground_stations_top_100_with_hsinchu_algorithm_hierarchical_virtual_gid_27deg_k6/dynamic_state_2000ms_for_200s
[DEBUG] k_best: 6
[DEBUG] scenario_info: ''
[DEBUG] temp_dir_name: temp_grhr_k6
  > [SIGNALING] 累計統計: 121 事件, 0 字節
FORWARDING STATE AT T = 48000000000ns (= 48.0 seconds)

BASIC INFORMATION
  > Epoch.................. 2000-01-01 00:00:00.000
  > Time since epoch....... 48000000000 ns
  > Absolute time.......... 2000-01-01 00:00:48.000
  > Satellites............. 1584
  > Ground stations........ 101
  > Max. range GSL......... 1089686.4181956202m
  > Max. range ISL......... 5016591.233098428m

ISL INFORMATION
  > Total ISLs............. 3168
  > Min. ISLs/satellite.... 4
  > Max. ISLs/satellite.... 4

GSL INTERFACE INFORMATION
  > Min. GSL IFs/satellite........ 1
  > Max. GSL IFs/satellite........ 1
  > Min. GSL IFs/ground station... 1
  > Max. GSL IFs/ground_station... 1

GSL IN-RANGE INFORMATION
  > Min. satellites in range... 2
  > Max. satellites in range... 19
[MODE] SP_OVER_PID_QUOTIENT=True
  > Calculating Floyd-Warshall for graph without ground-station relays
  > Writing forwarding state to: gen_data/starlink_550_isls_plus_grid_ground_stations_top_100_with_hsinchu_algorithm_hierarchical_virtual_gid_27deg_k6/dynamic_state_2000ms_for_200s/fstate_48000000000.txt
  > [SIGNALING] 累計統計: 124 事件, 0 字節
[STATS-DEBUG] 開始生成統計文件... PID=1716791, TID=133824866501696
[DEBUG] output_dynamic_state_dir: gen_data/starlink_550_isls_plus_grid_ground_stations_top_100_with_hsinchu_algorithm_hierarchical_virtual_gid_27deg_k6/dynamic_state_2000ms_for_200s
[DEBUG] k_best: 6
[DEBUG] scenario_info: ''
[DEBUG] temp_dir_name: temp_grhr_k6
  > [SIGNALING] 累計統計: 126 事件, 0 字節
FORWARDING STATE AT T = 50000000000ns (= 50.0 seconds)

BASIC INFORMATION
  > Epoch.................. 2000-01-01 00:00:00.000
  > Time since epoch....... 50000000000 ns
  > Absolute time.......... 2000-01-01 00:00:50.000
  > Satellites............. 1584
  > Ground stations........ 101
  > Max. range GSL......... 1089686.4181956202m
  > Max. range ISL......... 5016591.233098428m

ISL INFORMATION
  > Total ISLs............. 3168
  > Min. ISLs/satellite.... 4
  > Max. ISLs/satellite.... 4

GSL INTERFACE INFORMATION
  > Min. GSL IFs/satellite........ 1
  > Max. GSL IFs/satellite........ 1
  > Min. GSL IFs/ground station... 1
  > Max. GSL IFs/ground_station... 1

GSL IN-RANGE INFORMATION
  > Min. satellites in range... 2
  > Max. satellites in range... 20
[MODE] SP_OVER_PID_QUOTIENT=True
  > Calculating Floyd-Warshall for graph without ground-station relays
  > Writing forwarding state to: gen_data/starlink_550_isls_plus_grid_ground_stations_top_100_with_hsinchu_algorithm_hierarchical_virtual_gid_27deg_k6/dynamic_state_2000ms_for_200s/fstate_50000000000.txt
  > [SIGNALING] 累計統計: 129 事件, 0 字節
[STATS-DEBUG] 開始生成統計文件... PID=1716791, TID=133824866501696
[DEBUG] output_dynamic_state_dir: gen_data/starlink_550_isls_plus_grid_ground_stations_top_100_with_hsinchu_algorithm_hierarchical_virtual_gid_27deg_k6/dynamic_state_2000ms_for_200s
[DEBUG] k_best: 6
[DEBUG] scenario_info: ''
[DEBUG] temp_dir_name: temp_grhr_k6
  > [SIGNALING] 累計統計: 131 事件, 0 字節
  > Min. GSL IFs/satellite........ 1
  > Max. GSL IFs/satellite........ 1
  > Min. GSL IFs/ground station... 1
  > Max. GSL IFs/ground_station... 1

GSL IN-RANGE INFORMATION
  > Min. satellites in range... 3
  > Max. satellites in range... 20
[MODE] SP_OVER_PID_QUOTIENT=True
  > Calculating Floyd-Warshall for graph without ground-station relays
  > Writing forwarding state to: gen_data/starlink_550_isls_plus_grid_ground_stations_top_100_with_hsinchu_algorithm_hierarchical_virtual_gid_27deg_k6/dynamic_state_2000ms_for_200s/fstate_142000000000.txt
  > [SIGNALING] 累計統計: 109 事件, 0 字節
[STATS-DEBUG] 開始生成統計文件... PID=1716793, TID=133824866501696
[DEBUG] output_dynamic_state_dir: gen_data/starlink_550_isls_plus_grid_ground_stations_top_100_with_hsinchu_algorithm_hierarchical_virtual_gid_27deg_k6/dynamic_state_2000ms_for_200s
[DEBUG] k_best: 6
[DEBUG] scenario_info: ''
[DEBUG] temp_dir_name: temp_grhr_k6
  > [SIGNALING] 累計統計: 111 事件, 0 字節
FORWARDING STATE AT T = 144000000000ns (= 144.0 seconds)

BASIC INFORMATION
  > Epoch.................. 2000-01-01 00:00:00.000
  > Time since epoch....... 144000000000 ns
  > Absolute time.......... 2000-01-01 00:02:24.000
  > Satellites............. 1584
  > Ground stations........ 101
  > Max. range GSL......... 1089686.4181956202m
  > Max. range ISL......... 5016591.233098428m

ISL INFORMATION
  > Total ISLs............. 3168
  > Min. ISLs/satellite.... 4
  > Max. ISLs/satellite.... 4

GSL INTERFACE INFORMATION
  > Min. GSL IFs/satellite........ 1
  > Max. GSL IFs/satellite........ 1
  > Min. GSL IFs/ground station... 1
  > Max. GSL IFs/ground_station... 1

GSL IN-RANGE INFORMATION
  > Min. satellites in range... 3
  > Max. satellites in range... 21
[MODE] SP_OVER_PID_QUOTIENT=True
  > Calculating Floyd-Warshall for graph without ground-station relays
  > Writing forwarding state to: gen_data/starlink_550_isls_plus_grid_ground_stations_top_100_with_hsinchu_algorithm_hierarchical_virtual_gid_27deg_k6/dynamic_state_2000ms_for_200s/fstate_144000000000.txt
  > [SIGNALING] 累計統計: 114 事件, 0 字節
[STATS-DEBUG] 開始生成統計文件... PID=1716793, TID=133824866501696
[DEBUG] output_dynamic_state_dir: gen_data/starlink_550_isls_plus_grid_ground_stations_top_100_with_hsinchu_algorithm_hierarchical_virtual_gid_27deg_k6/dynamic_state_2000ms_for_200s
[DEBUG] k_best: 6
[DEBUG] scenario_info: ''
[DEBUG] temp_dir_name: temp_grhr_k6
  > [SIGNALING] 累計統計: 116 事件, 0 字節
FORWARDING STATE AT T = 146000000000ns (= 146.0 seconds)

BASIC INFORMATION
  > Epoch.................. 2000-01-01 00:00:00.000
  > Time since epoch....... 146000000000 ns
  > Absolute time.......... 2000-01-01 00:02:26.000
  > Satellites............. 1584
  > Ground stations........ 101
  > Max. range GSL......... 1089686.4181956202m
  > Max. range ISL......... 5016591.233098428m

ISL INFORMATION
  > Total ISLs............. 3168
  > Min. ISLs/satellite.... 4
  > Max. ISLs/satellite.... 4

GSL INTERFACE INFORMATION
  > Min. GSL IFs/satellite........ 1
  > Max. GSL IFs/satellite........ 1
  > Min. GSL IFs/ground station... 1
  > Max. GSL IFs/ground_station... 1

GSL IN-RANGE INFORMATION
  > Min. satellites in range... 3
  > Max. satellites in range... 20
[MODE] SP_OVER_PID_QUOTIENT=True
  > Calculating Floyd-Warshall for graph without ground-station relays
  > Writing forwarding state to: gen_data/starlink_550_isls_plus_grid_ground_stations_top_100_with_hsinchu_algorithm_hierarchical_virtual_gid_27deg_k6/dynamic_state_2000ms_for_200s/fstate_146000000000.txt
  > [SIGNALING] 累計統計: 119 事件, 0 字節
[STATS-DEBUG] 開始生成統計文件... PID=1716793, TID=133824866501696
[DEBUG] output_dynamic_state_dir: gen_data/starlink_550_isls_plus_grid_ground_stations_top_100_with_hsinchu_algorithm_hierarchical_virtual_gid_27deg_k6/dynamic_state_2000ms_for_200s
[DEBUG] k_best: 6
[DEBUG] scenario_info: ''
[DEBUG] temp_dir_name: temp_grhr_k6
  > [SIGNALING] 累計統計: 121 事件, 0 字節
FORWARDING STATE AT T = 148000000000ns (= 148.0 seconds)

BASIC INFORMATION
  > Epoch.................. 2000-01-01 00:00:00.000
  > Time since epoch....... 148000000000 ns
  > Absolute time.......... 2000-01-01 00:02:28.000
  > Satellites............. 1584
  > Ground stations........ 101
  > Max. range GSL......... 1089686.4181956202m
  > Max. range ISL......... 5016591.233098428m

ISL INFORMATION
  > Total ISLs............. 3168
  > Min. ISLs/satellite.... 4
  > Max. ISLs/satellite.... 4

GSL INTERFACE INFORMATION
  > Min. GSL IFs/satellite........ 1
  > Max. GSL IFs/satellite........ 1
  > Min. GSL IFs/ground station... 1
  > Max. GSL IFs/ground_station... 1

GSL IN-RANGE INFORMATION
  > Min. satellites in range... 3
  > Max. satellites in range... 21
[MODE] SP_OVER_PID_QUOTIENT=True
  > Calculating Floyd-Warshall for graph without ground-station relays
  > Writing forwarding state to: gen_data/starlink_550_isls_plus_grid_ground_stations_top_100_with_hsinchu_algorithm_hierarchical_virtual_gid_27deg_k6/dynamic_state_2000ms_for_200s/fstate_148000000000.txt
  > [SIGNALING] 累計統計: 124 事件, 0 字節
[STATS-DEBUG] 開始生成統計文件... PID=1716793, TID=133824866501696
[DEBUG] output_dynamic_state_dir: gen_data/starlink_550_isls_plus_grid_ground_stations_top_100_with_hsinchu_algorithm_hierarchical_virtual_gid_27deg_k6/dynamic_state_2000ms_for_200s
[DEBUG] k_best: 6
[DEBUG] scenario_info: ''
[DEBUG] temp_dir_name: temp_grhr_k6
  > [SIGNALING] 累計統計: 126 事件, 0 字節
FORWARDING STATE AT T = 150000000000ns (= 150.0 seconds)

BASIC INFORMATION
  > Epoch.................. 2000-01-01 00:00:00.000
  > Time since epoch....... 150000000000 ns
  > Absolute time.......... 2000-01-01 00:02:30.000
  > Satellites............. 1584
  > Ground stations........ 101
  > Max. range GSL......... 1089686.4181956202m
  > Max. range ISL......... 5016591.233098428m

ISL INFORMATION
  > Total ISLs............. 3168
  > Min. ISLs/satellite.... 4
  > Max. ISLs/satellite.... 4

GSL INTERFACE INFORMATION
  > Min. GSL IFs/satellite........ 1
  > Max. GSL IFs/satellite........ 1
  > Min. GSL IFs/ground station... 1
  > Max. GSL IFs/ground_station... 1

GSL IN-RANGE INFORMATION
  > Min. satellites in range... 3
  > Max. satellites in range... 21
[MODE] SP_OVER_PID_QUOTIENT=True
  > Calculating Floyd-Warshall for graph without ground-station relays
  > Writing forwarding state to: gen_data/starlink_550_isls_plus_grid_ground_stations_top_100_with_hsinchu_algorithm_hierarchical_virtual_gid_27deg_k6/dynamic_state_2000ms_for_200s/fstate_150000000000.txt
  > [SIGNALING] 累計統計: 129 事件, 0 字節
[STATS-DEBUG] 開始生成統計文件... PID=1716793, TID=133824866501696
[DEBUG] output_dynamic_state_dir: gen_data/starlink_550_isls_plus_grid_ground_stations_top_100_with_hsinchu_algorithm_hierarchical_virtual_gid_27deg_k6/dynamic_state_2000ms_for_200s
[DEBUG] k_best: 6
[DEBUG] scenario_info: ''
[DEBUG] temp_dir_name: temp_grhr_k6
  > [SIGNALING] 累計統計: 131 事件, 0 字節
  > Max. GSL IFs/ground_station... 1

GSL IN-RANGE INFORMATION
  > Min. satellites in range... 4
  > Max. satellites in range... 19
[MODE] SP_OVER_PID_QUOTIENT=True
  > Calculating Floyd-Warshall for graph without ground-station relays
  > Writing forwarding state to: gen_data/starlink_550_isls_plus_grid_ground_stations_top_100_with_hsinchu_algorithm_hierarchical_virtual_gid_27deg_k6/dynamic_state_2000ms_for_200s/fstate_92000000000.txt
  > [SIGNALING] 累計統計: 109 事件, 0 字節
[STATS-DEBUG] 開始生成統計文件... PID=1716792, TID=133824866501696
[DEBUG] output_dynamic_state_dir: gen_data/starlink_550_isls_plus_grid_ground_stations_top_100_with_hsinchu_algorithm_hierarchical_virtual_gid_27deg_k6/dynamic_state_2000ms_for_200s
[DEBUG] k_best: 6
[DEBUG] scenario_info: ''
[DEBUG] temp_dir_name: temp_grhr_k6
  > [SIGNALING] 累計統計: 111 事件, 0 字節
FORWARDING STATE AT T = 94000000000ns (= 94.0 seconds)

BASIC INFORMATION
  > Epoch.................. 2000-01-01 00:00:00.000
  > Time since epoch....... 94000000000 ns
  > Absolute time.......... 2000-01-01 00:01:34.000
  > Satellites............. 1584
  > Ground stations........ 101
  > Max. range GSL......... 1089686.4181956202m
  > Max. range ISL......... 5016591.233098428m

ISL INFORMATION
  > Total ISLs............. 3168
  > Min. ISLs/satellite.... 4
  > Max. ISLs/satellite.... 4

GSL INTERFACE INFORMATION
  > Min. GSL IFs/satellite........ 1
  > Max. GSL IFs/satellite........ 1
  > Min. GSL IFs/ground station... 1
  > Max. GSL IFs/ground_station... 1

GSL IN-RANGE INFORMATION
  > Min. satellites in range... 5
  > Max. satellites in range... 19
[MODE] SP_OVER_PID_QUOTIENT=True
  > Calculating Floyd-Warshall for graph without ground-station relays
  > Writing forwarding state to: gen_data/starlink_550_isls_plus_grid_ground_stations_top_100_with_hsinchu_algorithm_hierarchical_virtual_gid_27deg_k6/dynamic_state_2000ms_for_200s/fstate_94000000000.txt
  > [SIGNALING] 累計統計: 114 事件, 0 字節
[STATS-DEBUG] 開始生成統計文件... PID=1716792, TID=133824866501696
[DEBUG] output_dynamic_state_dir: gen_data/starlink_550_isls_plus_grid_ground_stations_top_100_with_hsinchu_algorithm_hierarchical_virtual_gid_27deg_k6/dynamic_state_2000ms_for_200s
[DEBUG] k_best: 6
[DEBUG] scenario_info: ''
[DEBUG] temp_dir_name: temp_grhr_k6
  > [SIGNALING] 累計統計: 116 事件, 0 字節
FORWARDING STATE AT T = 96000000000ns (= 96.0 seconds)

BASIC INFORMATION
  > Epoch.................. 2000-01-01 00:00:00.000
  > Time since epoch....... 96000000000 ns
  > Absolute time.......... 2000-01-01 00:01:36.000
  > Satellites............. 1584
  > Ground stations........ 101
  > Max. range GSL......... 1089686.4181956202m
  > Max. range ISL......... 5016591.233098428m

ISL INFORMATION
  > Total ISLs............. 3168
  > Min. ISLs/satellite.... 4
  > Max. ISLs/satellite.... 4

GSL INTERFACE INFORMATION
  > Min. GSL IFs/satellite........ 1
  > Max. GSL IFs/satellite........ 1
  > Min. GSL IFs/ground station... 1
  > Max. GSL IFs/ground_station... 1

GSL IN-RANGE INFORMATION
  > Min. satellites in range... 5
  > Max. satellites in range... 19
[MODE] SP_OVER_PID_QUOTIENT=True
  > Calculating Floyd-Warshall for graph without ground-station relays
  > Writing forwarding state to: gen_data/starlink_550_isls_plus_grid_ground_stations_top_100_with_hsinchu_algorithm_hierarchical_virtual_gid_27deg_k6/dynamic_state_2000ms_for_200s/fstate_96000000000.txt
  > [SIGNALING] 累計統計: 119 事件, 0 字節
[STATS-DEBUG] 開始生成統計文件... PID=1716792, TID=133824866501696
[DEBUG] output_dynamic_state_dir: gen_data/starlink_550_isls_plus_grid_ground_stations_top_100_with_hsinchu_algorithm_hierarchical_virtual_gid_27deg_k6/dynamic_state_2000ms_for_200s
[DEBUG] k_best: 6
[DEBUG] scenario_info: ''
[DEBUG] temp_dir_name: temp_grhr_k6
  > [SIGNALING] 累計統計: 121 事件, 0 字節
FORWARDING STATE AT T = 98000000000ns (= 98.0 seconds)

BASIC INFORMATION
  > Epoch.................. 2000-01-01 00:00:00.000
  > Time since epoch....... 98000000000 ns
  > Absolute time.......... 2000-01-01 00:01:38.000
  > Satellites............. 1584
  > Ground stations........ 101
  > Max. range GSL......... 1089686.4181956202m
  > Max. range ISL......... 5016591.233098428m

ISL INFORMATION
  > Total ISLs............. 3168
  > Min. ISLs/satellite.... 4
  > Max. ISLs/satellite.... 4

GSL INTERFACE INFORMATION
  > Min. GSL IFs/satellite........ 1
  > Max. GSL IFs/satellite........ 1
  > Min. GSL IFs/ground station... 1
  > Max. GSL IFs/ground_station... 1

GSL IN-RANGE INFORMATION
  > Min. satellites in range... 4
  > Max. satellites in range... 19
[MODE] SP_OVER_PID_QUOTIENT=True
  > Calculating Floyd-Warshall for graph without ground-station relays
  > Writing forwarding state to: gen_data/starlink_550_isls_plus_grid_ground_stations_top_100_with_hsinchu_algorithm_hierarchical_virtual_gid_27deg_k6/dynamic_state_2000ms_for_200s/fstate_98000000000.txt
  > [SIGNALING] 累計統計: 124 事件, 0 字節
[STATS-DEBUG] 開始生成統計文件... PID=1716792, TID=133824866501696
[DEBUG] output_dynamic_state_dir: gen_data/starlink_550_isls_plus_grid_ground_stations_top_100_with_hsinchu_algorithm_hierarchical_virtual_gid_27deg_k6/dynamic_state_2000ms_for_200s
[DEBUG] k_best: 6
[DEBUG] scenario_info: ''
[DEBUG] temp_dir_name: temp_grhr_k6
  > [SIGNALING] 累計統計: 126 事件, 0 字節
FORWARDING STATE AT T = 100000000000ns (= 100.0 seconds)

BASIC INFORMATION
  > Epoch.................. 2000-01-01 00:00:00.000
  > Time since epoch....... 100000000000 ns
  > Absolute time.......... 2000-01-01 00:01:40.000
  > Satellites............. 1584
  > Ground stations........ 101
  > Max. range GSL......... 1089686.4181956202m
  > Max. range ISL......... 5016591.233098428m

ISL INFORMATION
  > Total ISLs............. 3168
  > Min. ISLs/satellite.... 4
  > Max. ISLs/satellite.... 4

GSL INTERFACE INFORMATION
  > Min. GSL IFs/satellite........ 1
  > Max. GSL IFs/satellite........ 1
  > Min. GSL IFs/ground station... 1
  > Max. GSL IFs/ground_station... 1

GSL IN-RANGE INFORMATION
  > Min. satellites in range... 5
  > Max. satellites in range... 19
[MODE] SP_OVER_PID_QUOTIENT=True
  > Calculating Floyd-Warshall for graph without ground-station relays
  > Writing forwarding state to: gen_data/starlink_550_isls_plus_grid_ground_stations_top_100_with_hsinchu_algorithm_hierarchical_virtual_gid_27deg_k6/dynamic_state_2000ms_for_200s/fstate_100000000000.txt
  > [SIGNALING] 累計統計: 129 事件, 0 字節
[STATS-DEBUG] 開始生成統計文件... PID=1716792, TID=133824866501696
[DEBUG] output_dynamic_state_dir: gen_data/starlink_550_isls_plus_grid_ground_stations_top_100_with_hsinchu_algorithm_hierarchical_virtual_gid_27deg_k6/dynamic_state_2000ms_for_200s
[DEBUG] k_best: 6
[DEBUG] scenario_info: ''
[DEBUG] temp_dir_name: temp_grhr_k6
  > [SIGNALING] 累計統計: 131 事件, 0 字節
✅ Random P1 K6 完成

執行 Random P1 K8...
[GID] Setting grid degree to 27° and K-best to 8 for hierarchical GID algorithm
Generating ground stations...
Generating TLEs...
Generating ISLs...
Generating description...
Generating GSL interfaces info..
Generating forwarding state...
Thread 0 does interval [0.00 ms, 50000.00 ms]
Thread 1 does interval [50000.00 ms, 100000.00 ms]
Thread 2 does interval [100000.00 ms, 150000.00 ms]
Thread 3 does interval [150000.00 ms, 200000.00 ms]
FORWARDING STATE AT T = 100000000000ns (= 100.0 seconds)

BASIC INFORMATION
  > Epoch.................. 2000-01-01 00:00:00.000
  > Time since epoch....... 100000000000 ns
  > Absolute time.......... 2000-01-01 00:01:40.000
  > Satellites............. 1584
  > Ground stations........ 101
  > Max. range GSL......... 1089686.4181956202m
  > Max. range ISL......... 5016591.233098428m

ISL INFORMATION
  > Total ISLs............. 3168
  > Min. ISLs/satellite.... 4
  > Max. ISLs/satellite.... 4

GSL INTERFACE INFORMATION
  > Min. GSL IFs/satellite........ 1
  > Max. GSL IFs/satellite........ 1
  > Min. GSL IFs/ground station... 1
  > Max. GSL IFs/ground_station... 1

GSL IN-RANGE INFORMATION
  > Min. satellites in range... 5
  > Max. satellites in range... 19

============================================================
🐒 CHAOS MONKEY CONFIGURATION
============================================================
  ENABLE_CHAOS_MONKEY       = True
  CHAOS_FAILURE_RATE        = 0.01 (1.0%)
  CHAOS_INTERVAL_SNAPSHOTS  = 1 (every 0.1s)
  CHAOS_LOG_FILE            = ../../logs/chaos_p1_k8.log
============================================================

[MODE] SP_OVER_PID_QUOTIENT=True
  > Calculating Floyd-Warshall for graph without ground-station relays
  > Writing forwarding state to: gen_data/starlink_550_isls_plus_grid_ground_stations_top_100_with_hsinchu_algorithm_hierarchical_virtual_gid_27deg_k8/dynamic_state_2000ms_for_200s/fstate_100000000000.txt
  > [SIGNALING] 累計統計: 4 事件, 0 字節
[STATS-DEBUG] 開始生成統計文件... PID=1717091, TID=131768112112704
[DEBUG] output_dynamic_state_dir: gen_data/starlink_550_isls_plus_grid_ground_stations_top_100_with_hsinchu_algorithm_hierarchical_virtual_gid_27deg_k8/dynamic_state_2000ms_for_200s
[DEBUG] k_best: 8
[DEBUG] scenario_info: ''
[DEBUG] temp_dir_name: temp_grhr_k8
  > [SIGNALING] 累計統計: 6 事件, 0 字節
FORWARDING STATE AT T = 102000000000ns (= 102.0 seconds)

BASIC INFORMATION
  > Epoch.................. 2000-01-01 00:00:00.000
  > Time since epoch....... 102000000000 ns
  > Absolute time.......... 2000-01-01 00:01:42.000
  > Satellites............. 1584
  > Ground stations........ 101
  > Max. range GSL......... 1089686.4181956202m
  > Max. range ISL......... 5016591.233098428m

ISL INFORMATION
  > Total ISLs............. 3168
  > Min. ISLs/satellite.... 4
  > Max. ISLs/satellite.... 4

GSL INTERFACE INFORMATION
  > Min. GSL IFs/satellite........ 1
  > Max. GSL IFs/satellite........ 1
  > Min. GSL IFs/ground station... 1
  > Max. GSL IFs/ground_station... 1

GSL IN-RANGE INFORMATION
  > Min. satellites in range... 5
  > Max. satellites in range... 19
[MODE] SP_OVER_PID_QUOTIENT=True
  > Calculating Floyd-Warshall for graph without ground-station relays
  > Writing forwarding state to: gen_data/starlink_550_isls_plus_grid_ground_stations_top_100_with_hsinchu_algorithm_hierarchical_virtual_gid_27deg_k8/dynamic_state_2000ms_for_200s/fstate_102000000000.txt
  > [SIGNALING] 累計統計: 9 事件, 0 字節
[STATS-DEBUG] 開始生成統計文件... PID=1717091, TID=131768112112704
[DEBUG] output_dynamic_state_dir: gen_data/starlink_550_isls_plus_grid_ground_stations_top_100_with_hsinchu_algorithm_hierarchical_virtual_gid_27deg_k8/dynamic_state_2000ms_for_200s
[DEBUG] k_best: 8
[DEBUG] scenario_info: ''
[DEBUG] temp_dir_name: temp_grhr_k8
  > [SIGNALING] 累計統計: 11 事件, 0 字節
FORWARDING STATE AT T = 104000000000ns (= 104.0 seconds)

BASIC INFORMATION
  > Epoch.................. 2000-01-01 00:00:00.000
  > Time since epoch....... 104000000000 ns
  > Absolute time.......... 2000-01-01 00:01:44.000
  > Satellites............. 1584
  > Ground stations........ 101
  > Max. range GSL......... 1089686.4181956202m
  > Max. range ISL......... 5016591.233098428m

ISL INFORMATION
  > Total ISLs............. 3168
  > Min. ISLs/satellite.... 4
  > Max. ISLs/satellite.... 4

GSL INTERFACE INFORMATION
  > Min. GSL IFs/satellite........ 1
  > Max. GSL IFs/satellite........ 1
  > Min. GSL IFs/ground station... 1
  > Max. GSL IFs/ground_station... 1

GSL IN-RANGE INFORMATION
  > Min. satellites in range... 5
  > Max. satellites in range... 19
[MODE] SP_OVER_PID_QUOTIENT=True
  > Calculating Floyd-Warshall for graph without ground-station relays
  > Writing forwarding state to: gen_data/starlink_550_isls_plus_grid_ground_stations_top_100_with_hsinchu_algorithm_hierarchical_virtual_gid_27deg_k8/dynamic_state_2000ms_for_200s/fstate_104000000000.txt
  > [SIGNALING] 累計統計: 14 事件, 0 字節
[STATS-DEBUG] 開始生成統計文件... PID=1717091, TID=131768112112704
[DEBUG] output_dynamic_state_dir: gen_data/starlink_550_isls_plus_grid_ground_stations_top_100_with_hsinchu_algorithm_hierarchical_virtual_gid_27deg_k8/dynamic_state_2000ms_for_200s
[DEBUG] k_best: 8
[DEBUG] scenario_info: ''
[DEBUG] temp_dir_name: temp_grhr_k8
  > [SIGNALING] 累計統計: 16 事件, 0 字節
FORWARDING STATE AT T = 106000000000ns (= 106.0 seconds)

BASIC INFORMATION
  > Epoch.................. 2000-01-01 00:00:00.000
  > Time since epoch....... 106000000000 ns
  > Absolute time.......... 2000-01-01 00:01:46.000
  > Satellites............. 1584
  > Ground stations........ 101
  > Max. range GSL......... 1089686.4181956202m
  > Max. range ISL......... 5016591.233098428m

ISL INFORMATION
  > Total ISLs............. 3168
  > Min. ISLs/satellite.... 4
  > Max. ISLs/satellite.... 4

GSL INTERFACE INFORMATION
  > Min. GSL IFs/satellite........ 1
  > Max. GSL IFs/satellite........ 1
  > Min. GSL IFs/ground station... 1
  > Max. GSL IFs/ground_station... 1

GSL IN-RANGE INFORMATION
  > Min. satellites in range... 5
  > Max. satellites in range... 19
[MODE] SP_OVER_PID_QUOTIENT=True
  > Calculating Floyd-Warshall for graph without ground-station relays
  > Writing forwarding state to: gen_data/starlink_550_isls_plus_grid_ground_stations_top_100_with_hsinchu_algorithm_hierarchical_virtual_gid_27deg_k8/dynamic_state_2000ms_for_200s/fstate_106000000000.txt
  > [SIGNALING] 累計統計: 19 事件, 0 字節
[STATS-DEBUG] 開始生成統計文件... PID=1717091, TID=131768112112704
[DEBUG] output_dynamic_state_dir: gen_data/starlink_550_isls_plus_grid_ground_stations_top_100_with_hsinchu_algorithm_hierarchical_virtual_gid_27deg_k8/dynamic_state_2000ms_for_200s
[DEBUG] k_best: 8
[DEBUG] scenario_info: ''
[DEBUG] temp_dir_name: temp_grhr_k8
  > [SIGNALING] 累計統計: 21 事件, 0 字節
FORWARDING STATE AT T = 108000000000ns (= 108.0 seconds)

BASIC INFORMATION
  > Epoch.................. 2000-01-01 00:00:00.000
  > Time since epoch....... 108000000000 ns
  > Absolute time.......... 2000-01-01 00:01:48.000
  > Satellites............. 1584
  > Ground stations........ 101
  > Max. range GSL......... 1089686.4181956202m
  > Max. range ISL......... 5016591.233098428m

ISL INFORMATION
  > Total ISLs............. 3168
  > Min. ISLs/satellite.... 4
  > Max. ISLs/satellite.... 4

GSL INTERFACE INFORMATION
  > Min. GSL IFs/satellite........ 1
  > Max. GSL IFs/satellite........ 1
  > Min. GSL IFs/ground station... 1
  > Max. GSL IFs/ground_station... 1

GSL IN-RANGE INFORMATION
  > Min. satellites in range... 5
  > Max. satellites in range... 19
[MODE] SP_OVER_PID_QUOTIENT=True
  > Calculating Floyd-Warshall for graph without ground-station relays
  > Writing forwarding state to: gen_data/starlink_550_isls_plus_grid_ground_stations_top_100_with_hsinchu_algorithm_hierarchical_virtual_gid_27deg_k8/dynamic_state_2000ms_for_200s/fstate_108000000000.txt
  > [SIGNALING] 累計統計: 24 事件, 0 字節
[STATS-DEBUG] 開始生成統計文件... PID=1717091, TID=131768112112704
[DEBUG] output_dynamic_state_dir: gen_data/starlink_550_isls_plus_grid_ground_stations_top_100_with_hsinchu_algorithm_hierarchical_virtual_gid_27deg_k8/dynamic_state_2000ms_for_200s
[DEBUG] k_best: 8
[DEBUG] scenario_info: ''
[DEBUG] temp_dir_name: temp_grhr_k8
  > [SIGNALING] 累計統計: 26 事件, 0 字節
FORWARDING STATE AT T = 110000000000ns (= 110.0 seconds)

BASIC INFORMATION
  > Epoch.................. 2000-01-01 00:00:00.000
  > Time since epoch....... 110000000000 ns
  > Absolute time.......... 2000-01-01 00:01:50.000
FORWARDING STATE AT T = 150000000000ns (= 150.0 seconds)

BASIC INFORMATION
  > Epoch.................. 2000-01-01 00:00:00.000
  > Time since epoch....... 150000000000 ns
  > Absolute time.......... 2000-01-01 00:02:30.000
  > Satellites............. 1584
  > Ground stations........ 101
  > Max. range GSL......... 1089686.4181956202m
  > Max. range ISL......... 5016591.233098428m

ISL INFORMATION
  > Total ISLs............. 3168
  > Min. ISLs/satellite.... 4
  > Max. ISLs/satellite.... 4

GSL INTERFACE INFORMATION
  > Min. GSL IFs/satellite........ 1
  > Max. GSL IFs/satellite........ 1
  > Min. GSL IFs/ground station... 1
  > Max. GSL IFs/ground_station... 1

GSL IN-RANGE INFORMATION
  > Min. satellites in range... 3
  > Max. satellites in range... 21

============================================================
🐒 CHAOS MONKEY CONFIGURATION
============================================================
  ENABLE_CHAOS_MONKEY       = True
  CHAOS_FAILURE_RATE        = 0.01 (1.0%)
  CHAOS_INTERVAL_SNAPSHOTS  = 1 (every 0.1s)
  CHAOS_LOG_FILE            = ../../logs/chaos_p1_k8.log
============================================================

[MODE] SP_OVER_PID_QUOTIENT=True
  > Calculating Floyd-Warshall for graph without ground-station relays
  > Writing forwarding state to: gen_data/starlink_550_isls_plus_grid_ground_stations_top_100_with_hsinchu_algorithm_hierarchical_virtual_gid_27deg_k8/dynamic_state_2000ms_for_200s/fstate_150000000000.txt
  > [SIGNALING] 累計統計: 4 事件, 0 字節
[STATS-DEBUG] 開始生成統計文件... PID=1717092, TID=131768112112704
[DEBUG] output_dynamic_state_dir: gen_data/starlink_550_isls_plus_grid_ground_stations_top_100_with_hsinchu_algorithm_hierarchical_virtual_gid_27deg_k8/dynamic_state_2000ms_for_200s
[DEBUG] k_best: 8
[DEBUG] scenario_info: ''
[DEBUG] temp_dir_name: temp_grhr_k8
  > [SIGNALING] 累計統計: 6 事件, 0 字節
FORWARDING STATE AT T = 152000000000ns (= 152.0 seconds)

BASIC INFORMATION
  > Epoch.................. 2000-01-01 00:00:00.000
  > Time since epoch....... 152000000000 ns
  > Absolute time.......... 2000-01-01 00:02:32.000
  > Satellites............. 1584
  > Ground stations........ 101
  > Max. range GSL......... 1089686.4181956202m
  > Max. range ISL......... 5016591.233098428m

ISL INFORMATION
  > Total ISLs............. 3168
  > Min. ISLs/satellite.... 4
  > Max. ISLs/satellite.... 4

GSL INTERFACE INFORMATION
  > Min. GSL IFs/satellite........ 1
  > Max. GSL IFs/satellite........ 1
  > Min. GSL IFs/ground station... 1
  > Max. GSL IFs/ground_station... 1

GSL IN-RANGE INFORMATION
  > Min. satellites in range... 5
  > Max. satellites in range... 20
[MODE] SP_OVER_PID_QUOTIENT=True
  > Calculating Floyd-Warshall for graph without ground-station relays
  > Writing forwarding state to: gen_data/starlink_550_isls_plus_grid_ground_stations_top_100_with_hsinchu_algorithm_hierarchical_virtual_gid_27deg_k8/dynamic_state_2000ms_for_200s/fstate_152000000000.txt
  > [SIGNALING] 累計統計: 9 事件, 0 字節
[STATS-DEBUG] 開始生成統計文件... PID=1717092, TID=131768112112704
[DEBUG] output_dynamic_state_dir: gen_data/starlink_550_isls_plus_grid_ground_stations_top_100_with_hsinchu_algorithm_hierarchical_virtual_gid_27deg_k8/dynamic_state_2000ms_for_200s
[DEBUG] k_best: 8
[DEBUG] scenario_info: ''
[DEBUG] temp_dir_name: temp_grhr_k8
  > [SIGNALING] 累計統計: 11 事件, 0 字節
FORWARDING STATE AT T = 154000000000ns (= 154.0 seconds)

BASIC INFORMATION
  > Epoch.................. 2000-01-01 00:00:00.000
  > Time since epoch....... 154000000000 ns
  > Absolute time.......... 2000-01-01 00:02:34.000
  > Satellites............. 1584
  > Ground stations........ 101
  > Max. range GSL......... 1089686.4181956202m
  > Max. range ISL......... 5016591.233098428m

ISL INFORMATION
  > Total ISLs............. 3168
  > Min. ISLs/satellite.... 4
  > Max. ISLs/satellite.... 4

GSL INTERFACE INFORMATION
  > Min. GSL IFs/satellite........ 1
  > Max. GSL IFs/satellite........ 1
  > Min. GSL IFs/ground station... 1
  > Max. GSL IFs/ground_station... 1

GSL IN-RANGE INFORMATION
  > Min. satellites in range... 5
  > Max. satellites in range... 21
[MODE] SP_OVER_PID_QUOTIENT=True
  > Calculating Floyd-Warshall for graph without ground-station relays
  > Writing forwarding state to: gen_data/starlink_550_isls_plus_grid_ground_stations_top_100_with_hsinchu_algorithm_hierarchical_virtual_gid_27deg_k8/dynamic_state_2000ms_for_200s/fstate_154000000000.txt
  > [SIGNALING] 累計統計: 14 事件, 0 字節
[STATS-DEBUG] 開始生成統計文件... PID=1717092, TID=131768112112704
[DEBUG] output_dynamic_state_dir: gen_data/starlink_550_isls_plus_grid_ground_stations_top_100_with_hsinchu_algorithm_hierarchical_virtual_gid_27deg_k8/dynamic_state_2000ms_for_200s
[DEBUG] k_best: 8
[DEBUG] scenario_info: ''
[DEBUG] temp_dir_name: temp_grhr_k8
  > [SIGNALING] 累計統計: 16 事件, 0 字節
FORWARDING STATE AT T = 156000000000ns (= 156.0 seconds)

BASIC INFORMATION
  > Epoch.................. 2000-01-01 00:00:00.000
  > Time since epoch....... 156000000000 ns
  > Absolute time.......... 2000-01-01 00:02:36.000
  > Satellites............. 1584
  > Ground stations........ 101
  > Max. range GSL......... 1089686.4181956202m
  > Max. range ISL......... 5016591.233098428m

ISL INFORMATION
  > Total ISLs............. 3168
  > Min. ISLs/satellite.... 4
  > Max. ISLs/satellite.... 4

GSL INTERFACE INFORMATION
  > Min. GSL IFs/satellite........ 1
  > Max. GSL IFs/satellite........ 1
  > Min. GSL IFs/ground station... 1
  > Max. GSL IFs/ground_station... 1

GSL IN-RANGE INFORMATION
  > Min. satellites in range... 5
  > Max. satellites in range... 21
[MODE] SP_OVER_PID_QUOTIENT=True
  > Calculating Floyd-Warshall for graph without ground-station relays
  > Writing forwarding state to: gen_data/starlink_550_isls_plus_grid_ground_stations_top_100_with_hsinchu_algorithm_hierarchical_virtual_gid_27deg_k8/dynamic_state_2000ms_for_200s/fstate_156000000000.txt
  > [SIGNALING] 累計統計: 19 事件, 0 字節
[STATS-DEBUG] 開始生成統計文件... PID=1717092, TID=131768112112704
[DEBUG] output_dynamic_state_dir: gen_data/starlink_550_isls_plus_grid_ground_stations_top_100_with_hsinchu_algorithm_hierarchical_virtual_gid_27deg_k8/dynamic_state_2000ms_for_200s
[DEBUG] k_best: 8
[DEBUG] scenario_info: ''
[DEBUG] temp_dir_name: temp_grhr_k8
  > [SIGNALING] 累計統計: 21 事件, 0 字節
FORWARDING STATE AT T = 158000000000ns (= 158.0 seconds)

BASIC INFORMATION
  > Epoch.................. 2000-01-01 00:00:00.000
  > Time since epoch....... 158000000000 ns
  > Absolute time.......... 2000-01-01 00:02:38.000
  > Satellites............. 1584
  > Ground stations........ 101
  > Max. range GSL......... 1089686.4181956202m
  > Max. range ISL......... 5016591.233098428m

ISL INFORMATION
  > Total ISLs............. 3168
  > Min. ISLs/satellite.... 4
  > Max. ISLs/satellite.... 4

GSL INTERFACE INFORMATION
  > Min. GSL IFs/satellite........ 1
  > Max. GSL IFs/satellite........ 1
  > Min. GSL IFs/ground station... 1
  > Max. GSL IFs/ground_station... 1

GSL IN-RANGE INFORMATION
  > Min. satellites in range... 5
  > Max. satellites in range... 20
[MODE] SP_OVER_PID_QUOTIENT=True
  > Calculating Floyd-Warshall for graph without ground-station relays
  > Writing forwarding state to: gen_data/starlink_550_isls_plus_grid_ground_stations_top_100_with_hsinchu_algorithm_hierarchical_virtual_gid_27deg_k8/dynamic_state_2000ms_for_200s/fstate_158000000000.txt
  > [SIGNALING] 累計統計: 24 事件, 0 字節
[STATS-DEBUG] 開始生成統計文件... PID=1717092, TID=131768112112704
[DEBUG] output_dynamic_state_dir: gen_data/starlink_550_isls_plus_grid_ground_stations_top_100_with_hsinchu_algorithm_hierarchical_virtual_gid_27deg_k8/dynamic_state_2000ms_for_200s
[DEBUG] k_best: 8
[DEBUG] scenario_info: ''
[DEBUG] temp_dir_name: temp_grhr_k8
  > [SIGNALING] 累計統計: 26 事件, 0 字節
FORWARDING STATE AT T = 160000000000ns (= 160.0 seconds)

BASIC INFORMATION
  > Epoch.................. 2000-01-01 00:00:00.000
  > Time since epoch....... 160000000000 ns
  > Absolute time.......... 2000-01-01 00:02:40.000
FORWARDING STATE AT T = 0ns (= 0.0 seconds)

BASIC INFORMATION
  > Epoch.................. 2000-01-01 00:00:00.000
  > Time since epoch....... 0 ns
  > Absolute time.......... 2000-01-01 00:00:00.000
  > Satellites............. 1584
  > Ground stations........ 101
  > Max. range GSL......... 1089686.4181956202m
  > Max. range ISL......... 5016591.233098428m

ISL INFORMATION
  > Total ISLs............. 3168
  > Min. ISLs/satellite.... 4
  > Max. ISLs/satellite.... 4

GSL INTERFACE INFORMATION
  > Min. GSL IFs/satellite........ 1
  > Max. GSL IFs/satellite........ 1
  > Min. GSL IFs/ground station... 1
  > Max. GSL IFs/ground_station... 1

GSL IN-RANGE INFORMATION
  > Min. satellites in range... 4
  > Max. satellites in range... 20

============================================================
🐒 CHAOS MONKEY CONFIGURATION
============================================================
  ENABLE_CHAOS_MONKEY       = True
  CHAOS_FAILURE_RATE        = 0.01 (1.0%)
  CHAOS_INTERVAL_SNAPSHOTS  = 1 (every 0.1s)
  CHAOS_LOG_FILE            = ../../logs/chaos_p1_k8.log
============================================================

[MODE] SP_OVER_PID_QUOTIENT=True
  > Calculating Floyd-Warshall for graph without ground-station relays
  > Writing forwarding state to: gen_data/starlink_550_isls_plus_grid_ground_stations_top_100_with_hsinchu_algorithm_hierarchical_virtual_gid_27deg_k8/dynamic_state_2000ms_for_200s/fstate_0.txt
  > [SIGNALING] 累計統計: 4 事件, 0 字節
[STATS-DEBUG] 開始生成統計文件... PID=1717089, TID=131768112112704
[DEBUG] output_dynamic_state_dir: gen_data/starlink_550_isls_plus_grid_ground_stations_top_100_with_hsinchu_algorithm_hierarchical_virtual_gid_27deg_k8/dynamic_state_2000ms_for_200s
[DEBUG] k_best: 8
[DEBUG] scenario_info: ''
[DEBUG] temp_dir_name: temp_grhr_k8
  > [SIGNALING] 累計統計: 6 事件, 0 字節
FORWARDING STATE AT T = 2000000000ns (= 2.0 seconds)

BASIC INFORMATION
  > Epoch.................. 2000-01-01 00:00:00.000
  > Time since epoch....... 2000000000 ns
  > Absolute time.......... 2000-01-01 00:00:02.000
  > Satellites............. 1584
  > Ground stations........ 101
  > Max. range GSL......... 1089686.4181956202m
  > Max. range ISL......... 5016591.233098428m

ISL INFORMATION
  > Total ISLs............. 3168
  > Min. ISLs/satellite.... 4
  > Max. ISLs/satellite.... 4

GSL INTERFACE INFORMATION
  > Min. GSL IFs/satellite........ 1
  > Max. GSL IFs/satellite........ 1
  > Min. GSL IFs/ground station... 1
  > Max. GSL IFs/ground_station... 1

GSL IN-RANGE INFORMATION
  > Min. satellites in range... 4
  > Max. satellites in range... 20
[MODE] SP_OVER_PID_QUOTIENT=True
  > Calculating Floyd-Warshall for graph without ground-station relays
  > Writing forwarding state to: gen_data/starlink_550_isls_plus_grid_ground_stations_top_100_with_hsinchu_algorithm_hierarchical_virtual_gid_27deg_k8/dynamic_state_2000ms_for_200s/fstate_2000000000.txt
  > [SIGNALING] 累計統計: 9 事件, 0 字節
[STATS-DEBUG] 開始生成統計文件... PID=1717089, TID=131768112112704
[DEBUG] output_dynamic_state_dir: gen_data/starlink_550_isls_plus_grid_ground_stations_top_100_with_hsinchu_algorithm_hierarchical_virtual_gid_27deg_k8/dynamic_state_2000ms_for_200s
[DEBUG] k_best: 8
[DEBUG] scenario_info: ''
[DEBUG] temp_dir_name: temp_grhr_k8
  > [SIGNALING] 累計統計: 11 事件, 0 字節
FORWARDING STATE AT T = 4000000000ns (= 4.0 seconds)

BASIC INFORMATION
  > Epoch.................. 2000-01-01 00:00:00.000
  > Time since epoch....... 4000000000 ns
  > Absolute time.......... 2000-01-01 00:00:04.000
  > Satellites............. 1584
  > Ground stations........ 101
  > Max. range GSL......... 1089686.4181956202m
  > Max. range ISL......... 5016591.233098428m

ISL INFORMATION
  > Total ISLs............. 3168
  > Min. ISLs/satellite.... 4
  > Max. ISLs/satellite.... 4

GSL INTERFACE INFORMATION
  > Min. GSL IFs/satellite........ 1
  > Max. GSL IFs/satellite........ 1
  > Min. GSL IFs/ground station... 1
  > Max. GSL IFs/ground_station... 1

GSL IN-RANGE INFORMATION
  > Min. satellites in range... 4
  > Max. satellites in range... 20
[MODE] SP_OVER_PID_QUOTIENT=True
  > Calculating Floyd-Warshall for graph without ground-station relays
  > Writing forwarding state to: gen_data/starlink_550_isls_plus_grid_ground_stations_top_100_with_hsinchu_algorithm_hierarchical_virtual_gid_27deg_k8/dynamic_state_2000ms_for_200s/fstate_4000000000.txt
  > [SIGNALING] 累計統計: 14 事件, 0 字節
[STATS-DEBUG] 開始生成統計文件... PID=1717089, TID=131768112112704
[DEBUG] output_dynamic_state_dir: gen_data/starlink_550_isls_plus_grid_ground_stations_top_100_with_hsinchu_algorithm_hierarchical_virtual_gid_27deg_k8/dynamic_state_2000ms_for_200s
[DEBUG] k_best: 8
[DEBUG] scenario_info: ''
[DEBUG] temp_dir_name: temp_grhr_k8
  > [SIGNALING] 累計統計: 16 事件, 0 字節
FORWARDING STATE AT T = 6000000000ns (= 6.0 seconds)

BASIC INFORMATION
  > Epoch.................. 2000-01-01 00:00:00.000
  > Time since epoch....... 6000000000 ns
  > Absolute time.......... 2000-01-01 00:00:06.000
  > Satellites............. 1584
  > Ground stations........ 101
  > Max. range GSL......... 1089686.4181956202m
  > Max. range ISL......... 5016591.233098428m

ISL INFORMATION
  > Total ISLs............. 3168
  > Min. ISLs/satellite.... 4
  > Max. ISLs/satellite.... 4

GSL INTERFACE INFORMATION
  > Min. GSL IFs/satellite........ 1
  > Max. GSL IFs/satellite........ 1
  > Min. GSL IFs/ground station... 1
  > Max. GSL IFs/ground_station... 1

GSL IN-RANGE INFORMATION
  > Min. satellites in range... 4
  > Max. satellites in range... 20
[MODE] SP_OVER_PID_QUOTIENT=True
  > Calculating Floyd-Warshall for graph without ground-station relays
  > Writing forwarding state to: gen_data/starlink_550_isls_plus_grid_ground_stations_top_100_with_hsinchu_algorithm_hierarchical_virtual_gid_27deg_k8/dynamic_state_2000ms_for_200s/fstate_6000000000.txt
  > [SIGNALING] 累計統計: 19 事件, 0 字節
[STATS-DEBUG] 開始生成統計文件... PID=1717089, TID=131768112112704
[DEBUG] output_dynamic_state_dir: gen_data/starlink_550_isls_plus_grid_ground_stations_top_100_with_hsinchu_algorithm_hierarchical_virtual_gid_27deg_k8/dynamic_state_2000ms_for_200s
[DEBUG] k_best: 8
[DEBUG] scenario_info: ''
[DEBUG] temp_dir_name: temp_grhr_k8
  > [SIGNALING] 累計統計: 21 事件, 0 字節
FORWARDING STATE AT T = 8000000000ns (= 8.0 seconds)

BASIC INFORMATION
  > Epoch.................. 2000-01-01 00:00:00.000
  > Time since epoch....... 8000000000 ns
  > Absolute time.......... 2000-01-01 00:00:08.000
  > Satellites............. 1584
  > Ground stations........ 101
  > Max. range GSL......... 1089686.4181956202m
  > Max. range ISL......... 5016591.233098428m

ISL INFORMATION
  > Total ISLs............. 3168
  > Min. ISLs/satellite.... 4
  > Max. ISLs/satellite.... 4

GSL INTERFACE INFORMATION
  > Min. GSL IFs/satellite........ 1
  > Max. GSL IFs/satellite........ 1
  > Min. GSL IFs/ground station... 1
  > Max. GSL IFs/ground_station... 1

GSL IN-RANGE INFORMATION
  > Min. satellites in range... 4
  > Max. satellites in range... 19
[MODE] SP_OVER_PID_QUOTIENT=True
  > Calculating Floyd-Warshall for graph without ground-station relays
  > Writing forwarding state to: gen_data/starlink_550_isls_plus_grid_ground_stations_top_100_with_hsinchu_algorithm_hierarchical_virtual_gid_27deg_k8/dynamic_state_2000ms_for_200s/fstate_8000000000.txt
  > [SIGNALING] 累計統計: 24 事件, 0 字節
[STATS-DEBUG] 開始生成統計文件... PID=1717089, TID=131768112112704
[DEBUG] output_dynamic_state_dir: gen_data/starlink_550_isls_plus_grid_ground_stations_top_100_with_hsinchu_algorithm_hierarchical_virtual_gid_27deg_k8/dynamic_state_2000ms_for_200s
[DEBUG] k_best: 8
[DEBUG] scenario_info: ''
[DEBUG] temp_dir_name: temp_grhr_k8
  > [SIGNALING] 累計統計: 26 事件, 0 字節
FORWARDING STATE AT T = 10000000000ns (= 10.0 seconds)

BASIC INFORMATION
  > Epoch.................. 2000-01-01 00:00:00.000
  > Time since epoch....... 10000000000 ns
  > Absolute time.......... 2000-01-01 00:00:10.000
  > Satellites............. 1584
  > Ground stations........ 101
FORWARDING STATE AT T = 50000000000ns (= 50.0 seconds)

BASIC INFORMATION
  > Epoch.................. 2000-01-01 00:00:00.000
  > Time since epoch....... 50000000000 ns
  > Absolute time.......... 2000-01-01 00:00:50.000
  > Satellites............. 1584
  > Ground stations........ 101
  > Max. range GSL......... 1089686.4181956202m
  > Max. range ISL......... 5016591.233098428m

ISL INFORMATION
  > Total ISLs............. 3168
  > Min. ISLs/satellite.... 4
  > Max. ISLs/satellite.... 4

GSL INTERFACE INFORMATION
  > Min. GSL IFs/satellite........ 1
  > Max. GSL IFs/satellite........ 1
  > Min. GSL IFs/ground station... 1
  > Max. GSL IFs/ground_station... 1

GSL IN-RANGE INFORMATION
  > Min. satellites in range... 2
  > Max. satellites in range... 20

============================================================
🐒 CHAOS MONKEY CONFIGURATION
============================================================
  ENABLE_CHAOS_MONKEY       = True
  CHAOS_FAILURE_RATE        = 0.01 (1.0%)
  CHAOS_INTERVAL_SNAPSHOTS  = 1 (every 0.1s)
  CHAOS_LOG_FILE            = ../../logs/chaos_p1_k8.log
============================================================

[MODE] SP_OVER_PID_QUOTIENT=True
  > Calculating Floyd-Warshall for graph without ground-station relays
  > Writing forwarding state to: gen_data/starlink_550_isls_plus_grid_ground_stations_top_100_with_hsinchu_algorithm_hierarchical_virtual_gid_27deg_k8/dynamic_state_2000ms_for_200s/fstate_50000000000.txt
  > [SIGNALING] 累計統計: 4 事件, 0 字節
[STATS-DEBUG] 開始生成統計文件... PID=1717090, TID=131768112112704
[DEBUG] output_dynamic_state_dir: gen_data/starlink_550_isls_plus_grid_ground_stations_top_100_with_hsinchu_algorithm_hierarchical_virtual_gid_27deg_k8/dynamic_state_2000ms_for_200s
[DEBUG] k_best: 8
[DEBUG] scenario_info: ''
[DEBUG] temp_dir_name: temp_grhr_k8
  > [SIGNALING] 累計統計: 6 事件, 0 字節
FORWARDING STATE AT T = 52000000000ns (= 52.0 seconds)

BASIC INFORMATION
  > Epoch.................. 2000-01-01 00:00:00.000
  > Time since epoch....... 52000000000 ns
  > Absolute time.......... 2000-01-01 00:00:52.000
  > Satellites............. 1584
  > Ground stations........ 101
  > Max. range GSL......... 1089686.4181956202m
  > Max. range ISL......... 5016591.233098428m

ISL INFORMATION
  > Total ISLs............. 3168
  > Min. ISLs/satellite.... 4
  > Max. ISLs/satellite.... 4

GSL INTERFACE INFORMATION
  > Min. GSL IFs/satellite........ 1
  > Max. GSL IFs/satellite........ 1
  > Min. GSL IFs/ground station... 1
  > Max. GSL IFs/ground_station... 1

GSL IN-RANGE INFORMATION
  > Min. satellites in range... 2
  > Max. satellites in range... 20
[MODE] SP_OVER_PID_QUOTIENT=True
  > Calculating Floyd-Warshall for graph without ground-station relays
  > Writing forwarding state to: gen_data/starlink_550_isls_plus_grid_ground_stations_top_100_with_hsinchu_algorithm_hierarchical_virtual_gid_27deg_k8/dynamic_state_2000ms_for_200s/fstate_52000000000.txt
  > [SIGNALING] 累計統計: 9 事件, 0 字節
[STATS-DEBUG] 開始生成統計文件... PID=1717090, TID=131768112112704
[DEBUG] output_dynamic_state_dir: gen_data/starlink_550_isls_plus_grid_ground_stations_top_100_with_hsinchu_algorithm_hierarchical_virtual_gid_27deg_k8/dynamic_state_2000ms_for_200s
[DEBUG] k_best: 8
[DEBUG] scenario_info: ''
[DEBUG] temp_dir_name: temp_grhr_k8
  > [SIGNALING] 累計統計: 11 事件, 0 字節
FORWARDING STATE AT T = 54000000000ns (= 54.0 seconds)

BASIC INFORMATION
  > Epoch.................. 2000-01-01 00:00:00.000
  > Time since epoch....... 54000000000 ns
  > Absolute time.......... 2000-01-01 00:00:54.000
  > Satellites............. 1584
  > Ground stations........ 101
  > Max. range GSL......... 1089686.4181956202m
  > Max. range ISL......... 5016591.233098428m

ISL INFORMATION
  > Total ISLs............. 3168
  > Min. ISLs/satellite.... 4
  > Max. ISLs/satellite.... 4

GSL INTERFACE INFORMATION
  > Min. GSL IFs/satellite........ 1
  > Max. GSL IFs/satellite........ 1
  > Min. GSL IFs/ground station... 1
  > Max. GSL IFs/ground_station... 1

GSL IN-RANGE INFORMATION
  > Min. satellites in range... 2
  > Max. satellites in range... 20
[MODE] SP_OVER_PID_QUOTIENT=True
  > Calculating Floyd-Warshall for graph without ground-station relays
  > Writing forwarding state to: gen_data/starlink_550_isls_plus_grid_ground_stations_top_100_with_hsinchu_algorithm_hierarchical_virtual_gid_27deg_k8/dynamic_state_2000ms_for_200s/fstate_54000000000.txt
  > [SIGNALING] 累計統計: 14 事件, 0 字節
[STATS-DEBUG] 開始生成統計文件... PID=1717090, TID=131768112112704
[DEBUG] output_dynamic_state_dir: gen_data/starlink_550_isls_plus_grid_ground_stations_top_100_with_hsinchu_algorithm_hierarchical_virtual_gid_27deg_k8/dynamic_state_2000ms_for_200s
[DEBUG] k_best: 8
[DEBUG] scenario_info: ''
[DEBUG] temp_dir_name: temp_grhr_k8
  > [SIGNALING] 累計統計: 16 事件, 0 字節
FORWARDING STATE AT T = 56000000000ns (= 56.0 seconds)

BASIC INFORMATION
  > Epoch.................. 2000-01-01 00:00:00.000
  > Time since epoch....... 56000000000 ns
  > Absolute time.......... 2000-01-01 00:00:56.000
  > Satellites............. 1584
  > Ground stations........ 101
  > Max. range GSL......... 1089686.4181956202m
  > Max. range ISL......... 5016591.233098428m

ISL INFORMATION
  > Total ISLs............. 3168
  > Min. ISLs/satellite.... 4
  > Max. ISLs/satellite.... 4

GSL INTERFACE INFORMATION
  > Min. GSL IFs/satellite........ 1
  > Max. GSL IFs/satellite........ 1
  > Min. GSL IFs/ground station... 1
  > Max. GSL IFs/ground_station... 1

GSL IN-RANGE INFORMATION
  > Min. satellites in range... 2
  > Max. satellites in range... 20
[MODE] SP_OVER_PID_QUOTIENT=True
  > Calculating Floyd-Warshall for graph without ground-station relays
  > Writing forwarding state to: gen_data/starlink_550_isls_plus_grid_ground_stations_top_100_with_hsinchu_algorithm_hierarchical_virtual_gid_27deg_k8/dynamic_state_2000ms_for_200s/fstate_56000000000.txt
  > [SIGNALING] 累計統計: 19 事件, 0 字節
[STATS-DEBUG] 開始生成統計文件... PID=1717090, TID=131768112112704
[DEBUG] output_dynamic_state_dir: gen_data/starlink_550_isls_plus_grid_ground_stations_top_100_with_hsinchu_algorithm_hierarchical_virtual_gid_27deg_k8/dynamic_state_2000ms_for_200s
[DEBUG] k_best: 8
[DEBUG] scenario_info: ''
[DEBUG] temp_dir_name: temp_grhr_k8
  > [SIGNALING] 累計統計: 21 事件, 0 字節
FORWARDING STATE AT T = 58000000000ns (= 58.0 seconds)

BASIC INFORMATION
  > Epoch.................. 2000-01-01 00:00:00.000
  > Time since epoch....... 58000000000 ns
  > Absolute time.......... 2000-01-01 00:00:58.000
  > Satellites............. 1584
  > Ground stations........ 101
  > Max. range GSL......... 1089686.4181956202m
  > Max. range ISL......... 5016591.233098428m

ISL INFORMATION
  > Total ISLs............. 3168
  > Min. ISLs/satellite.... 4
  > Max. ISLs/satellite.... 4

GSL INTERFACE INFORMATION
  > Min. GSL IFs/satellite........ 1
  > Max. GSL IFs/satellite........ 1
  > Min. GSL IFs/ground station... 1
  > Max. GSL IFs/ground_station... 1

GSL IN-RANGE INFORMATION
  > Min. satellites in range... 3
  > Max. satellites in range... 20
[MODE] SP_OVER_PID_QUOTIENT=True
  > Calculating Floyd-Warshall for graph without ground-station relays
  > Writing forwarding state to: gen_data/starlink_550_isls_plus_grid_ground_stations_top_100_with_hsinchu_algorithm_hierarchical_virtual_gid_27deg_k8/dynamic_state_2000ms_for_200s/fstate_58000000000.txt
  > [SIGNALING] 累計統計: 24 事件, 0 字節
[STATS-DEBUG] 開始生成統計文件... PID=1717090, TID=131768112112704
[DEBUG] output_dynamic_state_dir: gen_data/starlink_550_isls_plus_grid_ground_stations_top_100_with_hsinchu_algorithm_hierarchical_virtual_gid_27deg_k8/dynamic_state_2000ms_for_200s
[DEBUG] k_best: 8
[DEBUG] scenario_info: ''
[DEBUG] temp_dir_name: temp_grhr_k8
  > [SIGNALING] 累計統計: 26 事件, 0 字節
FORWARDING STATE AT T = 60000000000ns (= 60.0 seconds)

BASIC INFORMATION
  > Epoch.................. 2000-01-01 00:00:00.000
  > Time since epoch....... 60000000000 ns
  > Absolute time.......... 2000-01-01 00:01:00.000
  > Satellites............. 1584
  > Satellites............. 1584
  > Ground stations........ 101
  > Max. range GSL......... 1089686.4181956202m
  > Max. range ISL......... 5016591.233098428m

ISL INFORMATION
  > Total ISLs............. 3168
  > Min. ISLs/satellite.... 4
  > Max. ISLs/satellite.... 4

GSL INTERFACE INFORMATION
  > Min. GSL IFs/satellite........ 1
  > Max. GSL IFs/satellite........ 1
  > Min. GSL IFs/ground station... 1
  > Max. GSL IFs/ground_station... 1

GSL IN-RANGE INFORMATION
  > Min. satellites in range... 4
  > Max. satellites in range... 20
[MODE] SP_OVER_PID_QUOTIENT=True
  > Calculating Floyd-Warshall for graph without ground-station relays
  > Writing forwarding state to: gen_data/starlink_550_isls_plus_grid_ground_stations_top_100_with_hsinchu_algorithm_hierarchical_virtual_gid_27deg_k8/dynamic_state_2000ms_for_200s/fstate_110000000000.txt
  > [SIGNALING] 累計統計: 29 事件, 0 字節
[STATS-DEBUG] 開始生成統計文件... PID=1717091, TID=131768112112704
[DEBUG] output_dynamic_state_dir: gen_data/starlink_550_isls_plus_grid_ground_stations_top_100_with_hsinchu_algorithm_hierarchical_virtual_gid_27deg_k8/dynamic_state_2000ms_for_200s
[DEBUG] k_best: 8
[DEBUG] scenario_info: ''
[DEBUG] temp_dir_name: temp_grhr_k8
  > [SIGNALING] 累計統計: 31 事件, 0 字節
FORWARDING STATE AT T = 112000000000ns (= 112.0 seconds)

BASIC INFORMATION
  > Epoch.................. 2000-01-01 00:00:00.000
  > Time since epoch....... 112000000000 ns
  > Absolute time.......... 2000-01-01 00:01:52.000
  > Satellites............. 1584
  > Ground stations........ 101
  > Max. range GSL......... 1089686.4181956202m
  > Max. range ISL......... 5016591.233098428m

ISL INFORMATION
  > Total ISLs............. 3168
  > Min. ISLs/satellite.... 4
  > Max. ISLs/satellite.... 4

GSL INTERFACE INFORMATION
  > Min. GSL IFs/satellite........ 1
  > Max. GSL IFs/satellite........ 1
  > Min. GSL IFs/ground station... 1
  > Max. GSL IFs/ground_station... 1

GSL IN-RANGE INFORMATION
  > Min. satellites in range... 4
  > Max. satellites in range... 20
[MODE] SP_OVER_PID_QUOTIENT=True
  > Calculating Floyd-Warshall for graph without ground-station relays
  > Writing forwarding state to: gen_data/starlink_550_isls_plus_grid_ground_stations_top_100_with_hsinchu_algorithm_hierarchical_virtual_gid_27deg_k8/dynamic_state_2000ms_for_200s/fstate_112000000000.txt
  > [SIGNALING] 累計統計: 34 事件, 0 字節
[STATS-DEBUG] 開始生成統計文件... PID=1717091, TID=131768112112704
[DEBUG] output_dynamic_state_dir: gen_data/starlink_550_isls_plus_grid_ground_stations_top_100_with_hsinchu_algorithm_hierarchical_virtual_gid_27deg_k8/dynamic_state_2000ms_for_200s
[DEBUG] k_best: 8
[DEBUG] scenario_info: ''
[DEBUG] temp_dir_name: temp_grhr_k8
  > [SIGNALING] 累計統計: 36 事件, 0 字節
FORWARDING STATE AT T = 114000000000ns (= 114.0 seconds)

BASIC INFORMATION
  > Epoch.................. 2000-01-01 00:00:00.000
  > Time since epoch....... 114000000000 ns
  > Absolute time.......... 2000-01-01 00:01:54.000
  > Satellites............. 1584
  > Ground stations........ 101
  > Max. range GSL......... 1089686.4181956202m
  > Max. range ISL......... 5016591.233098428m

ISL INFORMATION
  > Total ISLs............. 3168
  > Min. ISLs/satellite.... 4
  > Max. ISLs/satellite.... 4

GSL INTERFACE INFORMATION
  > Min. GSL IFs/satellite........ 1
  > Max. GSL IFs/satellite........ 1
  > Min. GSL IFs/ground station... 1
  > Max. GSL IFs/ground_station... 1

GSL IN-RANGE INFORMATION
  > Min. satellites in range... 4
  > Max. satellites in range... 20
[MODE] SP_OVER_PID_QUOTIENT=True
  > Calculating Floyd-Warshall for graph without ground-station relays
  > Writing forwarding state to: gen_data/starlink_550_isls_plus_grid_ground_stations_top_100_with_hsinchu_algorithm_hierarchical_virtual_gid_27deg_k8/dynamic_state_2000ms_for_200s/fstate_114000000000.txt
  > [SIGNALING] 累計統計: 39 事件, 0 字節
[STATS-DEBUG] 開始生成統計文件... PID=1717091, TID=131768112112704
[DEBUG] output_dynamic_state_dir: gen_data/starlink_550_isls_plus_grid_ground_stations_top_100_with_hsinchu_algorithm_hierarchical_virtual_gid_27deg_k8/dynamic_state_2000ms_for_200s
[DEBUG] k_best: 8
[DEBUG] scenario_info: ''
[DEBUG] temp_dir_name: temp_grhr_k8
  > [SIGNALING] 累計統計: 41 事件, 0 字節
FORWARDING STATE AT T = 116000000000ns (= 116.0 seconds)

BASIC INFORMATION
  > Epoch.................. 2000-01-01 00:00:00.000
  > Time since epoch....... 116000000000 ns
  > Absolute time.......... 2000-01-01 00:01:56.000
  > Satellites............. 1584
  > Ground stations........ 101
  > Max. range GSL......... 1089686.4181956202m
  > Max. range ISL......... 5016591.233098428m

ISL INFORMATION
  > Total ISLs............. 3168
  > Min. ISLs/satellite.... 4
  > Max. ISLs/satellite.... 4

GSL INTERFACE INFORMATION
  > Min. GSL IFs/satellite........ 1
  > Max. GSL IFs/satellite........ 1
  > Min. GSL IFs/ground station... 1
  > Max. GSL IFs/ground_station... 1

GSL IN-RANGE INFORMATION
  > Min. satellites in range... 4
  > Max. satellites in range... 20
[MODE] SP_OVER_PID_QUOTIENT=True
  > Calculating Floyd-Warshall for graph without ground-station relays
  > Writing forwarding state to: gen_data/starlink_550_isls_plus_grid_ground_stations_top_100_with_hsinchu_algorithm_hierarchical_virtual_gid_27deg_k8/dynamic_state_2000ms_for_200s/fstate_116000000000.txt
  > [SIGNALING] 累計統計: 44 事件, 0 字節
[STATS-DEBUG] 開始生成統計文件... PID=1717091, TID=131768112112704
[DEBUG] output_dynamic_state_dir: gen_data/starlink_550_isls_plus_grid_ground_stations_top_100_with_hsinchu_algorithm_hierarchical_virtual_gid_27deg_k8/dynamic_state_2000ms_for_200s
[DEBUG] k_best: 8
[DEBUG] scenario_info: ''
[DEBUG] temp_dir_name: temp_grhr_k8
  > [SIGNALING] 累計統計: 46 事件, 0 字節
FORWARDING STATE AT T = 118000000000ns (= 118.0 seconds)

BASIC INFORMATION
  > Epoch.................. 2000-01-01 00:00:00.000
  > Time since epoch....... 118000000000 ns
  > Absolute time.......... 2000-01-01 00:01:58.000
  > Satellites............. 1584
  > Ground stations........ 101
  > Max. range GSL......... 1089686.4181956202m
  > Max. range ISL......... 5016591.233098428m

ISL INFORMATION
  > Total ISLs............. 3168
  > Min. ISLs/satellite.... 4
  > Max. ISLs/satellite.... 4

GSL INTERFACE INFORMATION
  > Min. GSL IFs/satellite........ 1
  > Max. GSL IFs/satellite........ 1
  > Min. GSL IFs/ground station... 1
  > Max. GSL IFs/ground_station... 1

GSL IN-RANGE INFORMATION
  > Min. satellites in range... 4
  > Max. satellites in range... 20
[MODE] SP_OVER_PID_QUOTIENT=True
  > Calculating Floyd-Warshall for graph without ground-station relays
  > Writing forwarding state to: gen_data/starlink_550_isls_plus_grid_ground_stations_top_100_with_hsinchu_algorithm_hierarchical_virtual_gid_27deg_k8/dynamic_state_2000ms_for_200s/fstate_118000000000.txt
  > [SIGNALING] 累計統計: 49 事件, 0 字節
[STATS-DEBUG] 開始生成統計文件... PID=1717091, TID=131768112112704
[DEBUG] output_dynamic_state_dir: gen_data/starlink_550_isls_plus_grid_ground_stations_top_100_with_hsinchu_algorithm_hierarchical_virtual_gid_27deg_k8/dynamic_state_2000ms_for_200s
[DEBUG] k_best: 8
[DEBUG] scenario_info: ''
[DEBUG] temp_dir_name: temp_grhr_k8
  > [SIGNALING] 累計統計: 51 事件, 0 字節
FORWARDING STATE AT T = 120000000000ns (= 120.0 seconds)

BASIC INFORMATION
  > Epoch.................. 2000-01-01 00:00:00.000
  > Time since epoch....... 120000000000 ns
  > Absolute time.......... 2000-01-01 00:02:00.000
  > Satellites............. 1584
  > Ground stations........ 101
  > Max. range GSL......... 1089686.4181956202m
  > Max. range ISL......... 5016591.233098428m

ISL INFORMATION
  > Total ISLs............. 3168
  > Min. ISLs/satellite.... 4
  > Max. ISLs/satellite.... 4

GSL INTERFACE INFORMATION
  > Min. GSL IFs/satellite........ 1
  > Max. GSL IFs/satellite........ 1
  > Min. GSL IFs/ground station... 1
  > Max. GSL IFs/ground_station... 1

GSL IN-RANGE INFORMATION
  > Min. satellites in range... 4
  > Max. satellites in range... 20
[MODE] SP_OVER_PID_QUOTIENT=True
  > Satellites............. 1584
  > Ground stations........ 101
  > Max. range GSL......... 1089686.4181956202m
  > Max. range ISL......... 5016591.233098428m

ISL INFORMATION
  > Total ISLs............. 3168
  > Min. ISLs/satellite.... 4
  > Max. ISLs/satellite.... 4

GSL INTERFACE INFORMATION
  > Min. GSL IFs/satellite........ 1
  > Max. GSL IFs/satellite........ 1
  > Min. GSL IFs/ground station... 1
  > Max. GSL IFs/ground_station... 1

GSL IN-RANGE INFORMATION
  > Min. satellites in range... 5
  > Max. satellites in range... 19
[MODE] SP_OVER_PID_QUOTIENT=True
  > Calculating Floyd-Warshall for graph without ground-station relays
  > Writing forwarding state to: gen_data/starlink_550_isls_plus_grid_ground_stations_top_100_with_hsinchu_algorithm_hierarchical_virtual_gid_27deg_k8/dynamic_state_2000ms_for_200s/fstate_160000000000.txt
  > [SIGNALING] 累計統計: 29 事件, 0 字節
[STATS-DEBUG] 開始生成統計文件... PID=1717092, TID=131768112112704
[DEBUG] output_dynamic_state_dir: gen_data/starlink_550_isls_plus_grid_ground_stations_top_100_with_hsinchu_algorithm_hierarchical_virtual_gid_27deg_k8/dynamic_state_2000ms_for_200s
[DEBUG] k_best: 8
[DEBUG] scenario_info: ''
[DEBUG] temp_dir_name: temp_grhr_k8
  > [SIGNALING] 累計統計: 31 事件, 0 字節
FORWARDING STATE AT T = 162000000000ns (= 162.0 seconds)

BASIC INFORMATION
  > Epoch.................. 2000-01-01 00:00:00.000
  > Time since epoch....... 162000000000 ns
  > Absolute time.......... 2000-01-01 00:02:42.000
  > Satellites............. 1584
  > Ground stations........ 101
  > Max. range GSL......... 1089686.4181956202m
  > Max. range ISL......... 5016591.233098428m

ISL INFORMATION
  > Total ISLs............. 3168
  > Min. ISLs/satellite.... 4
  > Max. ISLs/satellite.... 4

GSL INTERFACE INFORMATION
  > Min. GSL IFs/satellite........ 1
  > Max. GSL IFs/satellite........ 1
  > Min. GSL IFs/ground station... 1
  > Max. GSL IFs/ground_station... 1

GSL IN-RANGE INFORMATION
  > Min. satellites in range... 5
  > Max. satellites in range... 19
[MODE] SP_OVER_PID_QUOTIENT=True
  > Calculating Floyd-Warshall for graph without ground-station relays
  > Writing forwarding state to: gen_data/starlink_550_isls_plus_grid_ground_stations_top_100_with_hsinchu_algorithm_hierarchical_virtual_gid_27deg_k8/dynamic_state_2000ms_for_200s/fstate_162000000000.txt
  > [SIGNALING] 累計統計: 34 事件, 0 字節
[STATS-DEBUG] 開始生成統計文件... PID=1717092, TID=131768112112704
[DEBUG] output_dynamic_state_dir: gen_data/starlink_550_isls_plus_grid_ground_stations_top_100_with_hsinchu_algorithm_hierarchical_virtual_gid_27deg_k8/dynamic_state_2000ms_for_200s
[DEBUG] k_best: 8
[DEBUG] scenario_info: ''
[DEBUG] temp_dir_name: temp_grhr_k8
  > [SIGNALING] 累計統計: 36 事件, 0 字節
FORWARDING STATE AT T = 164000000000ns (= 164.0 seconds)

BASIC INFORMATION
  > Epoch.................. 2000-01-01 00:00:00.000
  > Time since epoch....... 164000000000 ns
  > Absolute time.......... 2000-01-01 00:02:44.000
  > Satellites............. 1584
  > Ground stations........ 101
  > Max. range GSL......... 1089686.4181956202m
  > Max. range ISL......... 5016591.233098428m

ISL INFORMATION
  > Total ISLs............. 3168
  > Min. ISLs/satellite.... 4
  > Max. ISLs/satellite.... 4

GSL INTERFACE INFORMATION
  > Min. GSL IFs/satellite........ 1
  > Max. GSL IFs/satellite........ 1
  > Min. GSL IFs/ground station... 1
  > Max. GSL IFs/ground_station... 1

GSL IN-RANGE INFORMATION
  > Min. satellites in range... 5
  > Max. satellites in range... 20
[MODE] SP_OVER_PID_QUOTIENT=True
  > Calculating Floyd-Warshall for graph without ground-station relays
  > Writing forwarding state to: gen_data/starlink_550_isls_plus_grid_ground_stations_top_100_with_hsinchu_algorithm_hierarchical_virtual_gid_27deg_k8/dynamic_state_2000ms_for_200s/fstate_164000000000.txt
  > [SIGNALING] 累計統計: 39 事件, 0 字節
[STATS-DEBUG] 開始生成統計文件... PID=1717092, TID=131768112112704
[DEBUG] output_dynamic_state_dir: gen_data/starlink_550_isls_plus_grid_ground_stations_top_100_with_hsinchu_algorithm_hierarchical_virtual_gid_27deg_k8/dynamic_state_2000ms_for_200s
[DEBUG] k_best: 8
[DEBUG] scenario_info: ''
[DEBUG] temp_dir_name: temp_grhr_k8
  > [SIGNALING] 累計統計: 41 事件, 0 字節
FORWARDING STATE AT T = 166000000000ns (= 166.0 seconds)

BASIC INFORMATION
  > Epoch.................. 2000-01-01 00:00:00.000
  > Time since epoch....... 166000000000 ns
  > Absolute time.......... 2000-01-01 00:02:46.000
  > Satellites............. 1584
  > Ground stations........ 101
  > Max. range GSL......... 1089686.4181956202m
  > Max. range ISL......... 5016591.233098428m

ISL INFORMATION
  > Total ISLs............. 3168
  > Min. ISLs/satellite.... 4
  > Max. ISLs/satellite.... 4

GSL INTERFACE INFORMATION
  > Min. GSL IFs/satellite........ 1
  > Max. GSL IFs/satellite........ 1
  > Min. GSL IFs/ground station... 1
  > Max. GSL IFs/ground_station... 1

GSL IN-RANGE INFORMATION
  > Min. satellites in range... 5
  > Max. satellites in range... 20
[MODE] SP_OVER_PID_QUOTIENT=True
  > Calculating Floyd-Warshall for graph without ground-station relays
  > Writing forwarding state to: gen_data/starlink_550_isls_plus_grid_ground_stations_top_100_with_hsinchu_algorithm_hierarchical_virtual_gid_27deg_k8/dynamic_state_2000ms_for_200s/fstate_166000000000.txt
  > [SIGNALING] 累計統計: 44 事件, 0 字節
[STATS-DEBUG] 開始生成統計文件... PID=1717092, TID=131768112112704
[DEBUG] output_dynamic_state_dir: gen_data/starlink_550_isls_plus_grid_ground_stations_top_100_with_hsinchu_algorithm_hierarchical_virtual_gid_27deg_k8/dynamic_state_2000ms_for_200s
[DEBUG] k_best: 8
[DEBUG] scenario_info: ''
[DEBUG] temp_dir_name: temp_grhr_k8
  > [SIGNALING] 累計統計: 46 事件, 0 字節
FORWARDING STATE AT T = 168000000000ns (= 168.0 seconds)

BASIC INFORMATION
  > Epoch.................. 2000-01-01 00:00:00.000
  > Time since epoch....... 168000000000 ns
  > Absolute time.......... 2000-01-01 00:02:48.000
  > Satellites............. 1584
  > Ground stations........ 101
  > Max. range GSL......... 1089686.4181956202m
  > Max. range ISL......... 5016591.233098428m

ISL INFORMATION
  > Total ISLs............. 3168
  > Min. ISLs/satellite.... 4
  > Max. ISLs/satellite.... 4

GSL INTERFACE INFORMATION
  > Min. GSL IFs/satellite........ 1
  > Max. GSL IFs/satellite........ 1
  > Min. GSL IFs/ground station... 1
  > Max. GSL IFs/ground_station... 1

GSL IN-RANGE INFORMATION
  > Min. satellites in range... 4
  > Max. satellites in range... 19
[MODE] SP_OVER_PID_QUOTIENT=True
  > Calculating Floyd-Warshall for graph without ground-station relays
  > Writing forwarding state to: gen_data/starlink_550_isls_plus_grid_ground_stations_top_100_with_hsinchu_algorithm_hierarchical_virtual_gid_27deg_k8/dynamic_state_2000ms_for_200s/fstate_168000000000.txt
  > [SIGNALING] 累計統計: 49 事件, 0 字節
[STATS-DEBUG] 開始生成統計文件... PID=1717092, TID=131768112112704
[DEBUG] output_dynamic_state_dir: gen_data/starlink_550_isls_plus_grid_ground_stations_top_100_with_hsinchu_algorithm_hierarchical_virtual_gid_27deg_k8/dynamic_state_2000ms_for_200s
[DEBUG] k_best: 8
[DEBUG] scenario_info: ''
[DEBUG] temp_dir_name: temp_grhr_k8
  > [SIGNALING] 累計統計: 51 事件, 0 字節
FORWARDING STATE AT T = 170000000000ns (= 170.0 seconds)

BASIC INFORMATION
  > Epoch.................. 2000-01-01 00:00:00.000
  > Time since epoch....... 170000000000 ns
  > Absolute time.......... 2000-01-01 00:02:50.000
  > Satellites............. 1584
  > Ground stations........ 101
  > Max. range GSL......... 1089686.4181956202m
  > Max. range ISL......... 5016591.233098428m

ISL INFORMATION
  > Total ISLs............. 3168
  > Min. ISLs/satellite.... 4
  > Max. ISLs/satellite.... 4

GSL INTERFACE INFORMATION
  > Min. GSL IFs/satellite........ 1
  > Max. GSL IFs/satellite........ 1
  > Min. GSL IFs/ground station... 1
  > Max. GSL IFs/ground_station... 1

GSL IN-RANGE INFORMATION
  > Min. satellites in range... 4
  > Max. satellites in range... 20
[MODE] SP_OVER_PID_QUOTIENT=True
  > Ground stations........ 101
  > Max. range GSL......... 1089686.4181956202m
  > Max. range ISL......... 5016591.233098428m

ISL INFORMATION
  > Total ISLs............. 3168
  > Min. ISLs/satellite.... 4
  > Max. ISLs/satellite.... 4

GSL INTERFACE INFORMATION
  > Min. GSL IFs/satellite........ 1
  > Max. GSL IFs/satellite........ 1
  > Min. GSL IFs/ground station... 1
  > Max. GSL IFs/ground_station... 1

GSL IN-RANGE INFORMATION
  > Min. satellites in range... 3
  > Max. satellites in range... 20
[MODE] SP_OVER_PID_QUOTIENT=True
  > Calculating Floyd-Warshall for graph without ground-station relays
  > Writing forwarding state to: gen_data/starlink_550_isls_plus_grid_ground_stations_top_100_with_hsinchu_algorithm_hierarchical_virtual_gid_27deg_k8/dynamic_state_2000ms_for_200s/fstate_60000000000.txt
  > [SIGNALING] 累計統計: 29 事件, 0 字節
[STATS-DEBUG] 開始生成統計文件... PID=1717090, TID=131768112112704
[DEBUG] output_dynamic_state_dir: gen_data/starlink_550_isls_plus_grid_ground_stations_top_100_with_hsinchu_algorithm_hierarchical_virtual_gid_27deg_k8/dynamic_state_2000ms_for_200s
[DEBUG] k_best: 8
[DEBUG] scenario_info: ''
[DEBUG] temp_dir_name: temp_grhr_k8
  > [SIGNALING] 累計統計: 31 事件, 0 字節
FORWARDING STATE AT T = 62000000000ns (= 62.0 seconds)

BASIC INFORMATION
  > Epoch.................. 2000-01-01 00:00:00.000
  > Time since epoch....... 62000000000 ns
  > Absolute time.......... 2000-01-01 00:01:02.000
  > Satellites............. 1584
  > Ground stations........ 101
  > Max. range GSL......... 1089686.4181956202m
  > Max. range ISL......... 5016591.233098428m

ISL INFORMATION
  > Total ISLs............. 3168
  > Min. ISLs/satellite.... 4
  > Max. ISLs/satellite.... 4

GSL INTERFACE INFORMATION
  > Min. GSL IFs/satellite........ 1
  > Max. GSL IFs/satellite........ 1
  > Min. GSL IFs/ground station... 1
  > Max. GSL IFs/ground_station... 1

GSL IN-RANGE INFORMATION
  > Min. satellites in range... 3
  > Max. satellites in range... 21
[MODE] SP_OVER_PID_QUOTIENT=True
  > Calculating Floyd-Warshall for graph without ground-station relays
  > Writing forwarding state to: gen_data/starlink_550_isls_plus_grid_ground_stations_top_100_with_hsinchu_algorithm_hierarchical_virtual_gid_27deg_k8/dynamic_state_2000ms_for_200s/fstate_62000000000.txt
  > [SIGNALING] 累計統計: 34 事件, 0 字節
[STATS-DEBUG] 開始生成統計文件... PID=1717090, TID=131768112112704
[DEBUG] output_dynamic_state_dir: gen_data/starlink_550_isls_plus_grid_ground_stations_top_100_with_hsinchu_algorithm_hierarchical_virtual_gid_27deg_k8/dynamic_state_2000ms_for_200s
[DEBUG] k_best: 8
[DEBUG] scenario_info: ''
[DEBUG] temp_dir_name: temp_grhr_k8
  > [SIGNALING] 累計統計: 36 事件, 0 字節
FORWARDING STATE AT T = 64000000000ns (= 64.0 seconds)

BASIC INFORMATION
  > Epoch.................. 2000-01-01 00:00:00.000
  > Time since epoch....... 64000000000 ns
  > Absolute time.......... 2000-01-01 00:01:04.000
  > Satellites............. 1584
  > Ground stations........ 101
  > Max. range GSL......... 1089686.4181956202m
  > Max. range ISL......... 5016591.233098428m

ISL INFORMATION
  > Total ISLs............. 3168
  > Min. ISLs/satellite.... 4
  > Max. ISLs/satellite.... 4

GSL INTERFACE INFORMATION
  > Min. GSL IFs/satellite........ 1
  > Max. GSL IFs/satellite........ 1
  > Min. GSL IFs/ground station... 1
  > Max. GSL IFs/ground_station... 1

GSL IN-RANGE INFORMATION
  > Min. satellites in range... 3
  > Max. satellites in range... 20
[MODE] SP_OVER_PID_QUOTIENT=True
  > Calculating Floyd-Warshall for graph without ground-station relays
  > Writing forwarding state to: gen_data/starlink_550_isls_plus_grid_ground_stations_top_100_with_hsinchu_algorithm_hierarchical_virtual_gid_27deg_k8/dynamic_state_2000ms_for_200s/fstate_64000000000.txt
  > [SIGNALING] 累計統計: 39 事件, 0 字節
[STATS-DEBUG] 開始生成統計文件... PID=1717090, TID=131768112112704
[DEBUG] output_dynamic_state_dir: gen_data/starlink_550_isls_plus_grid_ground_stations_top_100_with_hsinchu_algorithm_hierarchical_virtual_gid_27deg_k8/dynamic_state_2000ms_for_200s
[DEBUG] k_best: 8
[DEBUG] scenario_info: ''
[DEBUG] temp_dir_name: temp_grhr_k8
  > [SIGNALING] 累計統計: 41 事件, 0 字節
FORWARDING STATE AT T = 66000000000ns (= 66.0 seconds)

BASIC INFORMATION
  > Epoch.................. 2000-01-01 00:00:00.000
  > Time since epoch....... 66000000000 ns
  > Absolute time.......... 2000-01-01 00:01:06.000
  > Satellites............. 1584
  > Ground stations........ 101
  > Max. range GSL......... 1089686.4181956202m
  > Max. range ISL......... 5016591.233098428m

ISL INFORMATION
  > Total ISLs............. 3168
  > Min. ISLs/satellite.... 4
  > Max. ISLs/satellite.... 4

GSL INTERFACE INFORMATION
  > Min. GSL IFs/satellite........ 1
  > Max. GSL IFs/satellite........ 1
  > Min. GSL IFs/ground station... 1
  > Max. GSL IFs/ground_station... 1

GSL IN-RANGE INFORMATION
  > Min. satellites in range... 3
  > Max. satellites in range... 20
[MODE] SP_OVER_PID_QUOTIENT=True
  > Calculating Floyd-Warshall for graph without ground-station relays
  > Writing forwarding state to: gen_data/starlink_550_isls_plus_grid_ground_stations_top_100_with_hsinchu_algorithm_hierarchical_virtual_gid_27deg_k8/dynamic_state_2000ms_for_200s/fstate_66000000000.txt
  > [SIGNALING] 累計統計: 44 事件, 0 字節
[STATS-DEBUG] 開始生成統計文件... PID=1717090, TID=131768112112704
[DEBUG] output_dynamic_state_dir: gen_data/starlink_550_isls_plus_grid_ground_stations_top_100_with_hsinchu_algorithm_hierarchical_virtual_gid_27deg_k8/dynamic_state_2000ms_for_200s
[DEBUG] k_best: 8
[DEBUG] scenario_info: ''
[DEBUG] temp_dir_name: temp_grhr_k8
  > [SIGNALING] 累計統計: 46 事件, 0 字節
FORWARDING STATE AT T = 68000000000ns (= 68.0 seconds)

BASIC INFORMATION
  > Epoch.................. 2000-01-01 00:00:00.000
  > Time since epoch....... 68000000000 ns
  > Absolute time.......... 2000-01-01 00:01:08.000
  > Satellites............. 1584
  > Ground stations........ 101
  > Max. range GSL......... 1089686.4181956202m
  > Max. range ISL......... 5016591.233098428m

ISL INFORMATION
  > Total ISLs............. 3168
  > Min. ISLs/satellite.... 4
  > Max. ISLs/satellite.... 4

GSL INTERFACE INFORMATION
  > Min. GSL IFs/satellite........ 1
  > Max. GSL IFs/satellite........ 1
  > Min. GSL IFs/ground station... 1
  > Max. GSL IFs/ground_station... 1

GSL IN-RANGE INFORMATION
  > Min. satellites in range... 3
  > Max. satellites in range... 20
[MODE] SP_OVER_PID_QUOTIENT=True
  > Calculating Floyd-Warshall for graph without ground-station relays
  > Writing forwarding state to: gen_data/starlink_550_isls_plus_grid_ground_stations_top_100_with_hsinchu_algorithm_hierarchical_virtual_gid_27deg_k8/dynamic_state_2000ms_for_200s/fstate_68000000000.txt
  > [SIGNALING] 累計統計: 49 事件, 0 字節
[STATS-DEBUG] 開始生成統計文件... PID=1717090, TID=131768112112704
[DEBUG] output_dynamic_state_dir: gen_data/starlink_550_isls_plus_grid_ground_stations_top_100_with_hsinchu_algorithm_hierarchical_virtual_gid_27deg_k8/dynamic_state_2000ms_for_200s
[DEBUG] k_best: 8
[DEBUG] scenario_info: ''
[DEBUG] temp_dir_name: temp_grhr_k8
  > [SIGNALING] 累計統計: 51 事件, 0 字節
FORWARDING STATE AT T = 70000000000ns (= 70.0 seconds)

BASIC INFORMATION
  > Epoch.................. 2000-01-01 00:00:00.000
  > Time since epoch....... 70000000000 ns
  > Absolute time.......... 2000-01-01 00:01:10.000
  > Satellites............. 1584
  > Ground stations........ 101
  > Max. range GSL......... 1089686.4181956202m
  > Max. range ISL......... 5016591.233098428m

ISL INFORMATION
  > Total ISLs............. 3168
  > Min. ISLs/satellite.... 4
  > Max. ISLs/satellite.... 4

GSL INTERFACE INFORMATION
  > Min. GSL IFs/satellite........ 1
  > Max. GSL IFs/satellite........ 1
  > Min. GSL IFs/ground station... 1
  > Max. GSL IFs/ground_station... 1

GSL IN-RANGE INFORMATION
  > Min. satellites in range... 3
  > Max. satellites in range... 21
[MODE] SP_OVER_PID_QUOTIENT=True
  > Calculating Floyd-Warshall for graph without ground-station relays
  > Max. range GSL......... 1089686.4181956202m
  > Max. range ISL......... 5016591.233098428m

ISL INFORMATION
  > Total ISLs............. 3168
  > Min. ISLs/satellite.... 4
  > Max. ISLs/satellite.... 4

GSL INTERFACE INFORMATION
  > Min. GSL IFs/satellite........ 1
  > Max. GSL IFs/satellite........ 1
  > Min. GSL IFs/ground station... 1
  > Max. GSL IFs/ground_station... 1

GSL IN-RANGE INFORMATION
  > Min. satellites in range... 4
  > Max. satellites in range... 20
[MODE] SP_OVER_PID_QUOTIENT=True
  > Calculating Floyd-Warshall for graph without ground-station relays
  > Writing forwarding state to: gen_data/starlink_550_isls_plus_grid_ground_stations_top_100_with_hsinchu_algorithm_hierarchical_virtual_gid_27deg_k8/dynamic_state_2000ms_for_200s/fstate_10000000000.txt
  > [SIGNALING] 累計統計: 29 事件, 0 字節
[STATS-DEBUG] 開始生成統計文件... PID=1717089, TID=131768112112704
[DEBUG] output_dynamic_state_dir: gen_data/starlink_550_isls_plus_grid_ground_stations_top_100_with_hsinchu_algorithm_hierarchical_virtual_gid_27deg_k8/dynamic_state_2000ms_for_200s
[DEBUG] k_best: 8
[DEBUG] scenario_info: ''
[DEBUG] temp_dir_name: temp_grhr_k8
  > [SIGNALING] 累計統計: 31 事件, 0 字節
FORWARDING STATE AT T = 12000000000ns (= 12.0 seconds)

BASIC INFORMATION
  > Epoch.................. 2000-01-01 00:00:00.000
  > Time since epoch....... 12000000000 ns
  > Absolute time.......... 2000-01-01 00:00:12.000
  > Satellites............. 1584
  > Ground stations........ 101
  > Max. range GSL......... 1089686.4181956202m
  > Max. range ISL......... 5016591.233098428m

ISL INFORMATION
  > Total ISLs............. 3168
  > Min. ISLs/satellite.... 4
  > Max. ISLs/satellite.... 4

GSL INTERFACE INFORMATION
  > Min. GSL IFs/satellite........ 1
  > Max. GSL IFs/satellite........ 1
  > Min. GSL IFs/ground station... 1
  > Max. GSL IFs/ground_station... 1

GSL IN-RANGE INFORMATION
  > Min. satellites in range... 4
  > Max. satellites in range... 20
[MODE] SP_OVER_PID_QUOTIENT=True
  > Calculating Floyd-Warshall for graph without ground-station relays
  > Writing forwarding state to: gen_data/starlink_550_isls_plus_grid_ground_stations_top_100_with_hsinchu_algorithm_hierarchical_virtual_gid_27deg_k8/dynamic_state_2000ms_for_200s/fstate_12000000000.txt
  > [SIGNALING] 累計統計: 34 事件, 0 字節
[STATS-DEBUG] 開始生成統計文件... PID=1717089, TID=131768112112704
[DEBUG] output_dynamic_state_dir: gen_data/starlink_550_isls_plus_grid_ground_stations_top_100_with_hsinchu_algorithm_hierarchical_virtual_gid_27deg_k8/dynamic_state_2000ms_for_200s
[DEBUG] k_best: 8
[DEBUG] scenario_info: ''
[DEBUG] temp_dir_name: temp_grhr_k8
  > [SIGNALING] 累計統計: 36 事件, 0 字節
FORWARDING STATE AT T = 14000000000ns (= 14.0 seconds)

BASIC INFORMATION
  > Epoch.................. 2000-01-01 00:00:00.000
  > Time since epoch....... 14000000000 ns
  > Absolute time.......... 2000-01-01 00:00:14.000
  > Satellites............. 1584
  > Ground stations........ 101
  > Max. range GSL......... 1089686.4181956202m
  > Max. range ISL......... 5016591.233098428m

ISL INFORMATION
  > Total ISLs............. 3168
  > Min. ISLs/satellite.... 4
  > Max. ISLs/satellite.... 4

GSL INTERFACE INFORMATION
  > Min. GSL IFs/satellite........ 1
  > Max. GSL IFs/satellite........ 1
  > Min. GSL IFs/ground station... 1
  > Max. GSL IFs/ground_station... 1

GSL IN-RANGE INFORMATION
  > Min. satellites in range... 4
  > Max. satellites in range... 20
[MODE] SP_OVER_PID_QUOTIENT=True
  > Calculating Floyd-Warshall for graph without ground-station relays
  > Writing forwarding state to: gen_data/starlink_550_isls_plus_grid_ground_stations_top_100_with_hsinchu_algorithm_hierarchical_virtual_gid_27deg_k8/dynamic_state_2000ms_for_200s/fstate_14000000000.txt
  > [SIGNALING] 累計統計: 39 事件, 0 字節
[STATS-DEBUG] 開始生成統計文件... PID=1717089, TID=131768112112704
[DEBUG] output_dynamic_state_dir: gen_data/starlink_550_isls_plus_grid_ground_stations_top_100_with_hsinchu_algorithm_hierarchical_virtual_gid_27deg_k8/dynamic_state_2000ms_for_200s
[DEBUG] k_best: 8
[DEBUG] scenario_info: ''
[DEBUG] temp_dir_name: temp_grhr_k8
  > [SIGNALING] 累計統計: 41 事件, 0 字節
FORWARDING STATE AT T = 16000000000ns (= 16.0 seconds)

BASIC INFORMATION
  > Epoch.................. 2000-01-01 00:00:00.000
  > Time since epoch....... 16000000000 ns
  > Absolute time.......... 2000-01-01 00:00:16.000
  > Satellites............. 1584
  > Ground stations........ 101
  > Max. range GSL......... 1089686.4181956202m
  > Max. range ISL......... 5016591.233098428m

ISL INFORMATION
  > Total ISLs............. 3168
  > Min. ISLs/satellite.... 4
  > Max. ISLs/satellite.... 4

GSL INTERFACE INFORMATION
  > Min. GSL IFs/satellite........ 1
  > Max. GSL IFs/satellite........ 1
  > Min. GSL IFs/ground station... 1
  > Max. GSL IFs/ground_station... 1

GSL IN-RANGE INFORMATION
  > Min. satellites in range... 4
  > Max. satellites in range... 20
[MODE] SP_OVER_PID_QUOTIENT=True
  > Calculating Floyd-Warshall for graph without ground-station relays
  > Writing forwarding state to: gen_data/starlink_550_isls_plus_grid_ground_stations_top_100_with_hsinchu_algorithm_hierarchical_virtual_gid_27deg_k8/dynamic_state_2000ms_for_200s/fstate_16000000000.txt
  > [SIGNALING] 累計統計: 44 事件, 0 字節
[STATS-DEBUG] 開始生成統計文件... PID=1717089, TID=131768112112704
[DEBUG] output_dynamic_state_dir: gen_data/starlink_550_isls_plus_grid_ground_stations_top_100_with_hsinchu_algorithm_hierarchical_virtual_gid_27deg_k8/dynamic_state_2000ms_for_200s
[DEBUG] k_best: 8
[DEBUG] scenario_info: ''
[DEBUG] temp_dir_name: temp_grhr_k8
  > [SIGNALING] 累計統計: 46 事件, 0 字節
FORWARDING STATE AT T = 18000000000ns (= 18.0 seconds)

BASIC INFORMATION
  > Epoch.................. 2000-01-01 00:00:00.000
  > Time since epoch....... 18000000000 ns
  > Absolute time.......... 2000-01-01 00:00:18.000
  > Satellites............. 1584
  > Ground stations........ 101
  > Max. range GSL......... 1089686.4181956202m
  > Max. range ISL......... 5016591.233098428m

ISL INFORMATION
  > Total ISLs............. 3168
  > Min. ISLs/satellite.... 4
  > Max. ISLs/satellite.... 4

GSL INTERFACE INFORMATION
  > Min. GSL IFs/satellite........ 1
  > Max. GSL IFs/satellite........ 1
  > Min. GSL IFs/ground station... 1
  > Max. GSL IFs/ground_station... 1

GSL IN-RANGE INFORMATION
  > Min. satellites in range... 4
  > Max. satellites in range... 20
[MODE] SP_OVER_PID_QUOTIENT=True
  > Calculating Floyd-Warshall for graph without ground-station relays
  > Writing forwarding state to: gen_data/starlink_550_isls_plus_grid_ground_stations_top_100_with_hsinchu_algorithm_hierarchical_virtual_gid_27deg_k8/dynamic_state_2000ms_for_200s/fstate_18000000000.txt
  > [SIGNALING] 累計統計: 49 事件, 0 字節
[STATS-DEBUG] 開始生成統計文件... PID=1717089, TID=131768112112704
[DEBUG] output_dynamic_state_dir: gen_data/starlink_550_isls_plus_grid_ground_stations_top_100_with_hsinchu_algorithm_hierarchical_virtual_gid_27deg_k8/dynamic_state_2000ms_for_200s
[DEBUG] k_best: 8
[DEBUG] scenario_info: ''
[DEBUG] temp_dir_name: temp_grhr_k8
  > [SIGNALING] 累計統計: 51 事件, 0 字節
FORWARDING STATE AT T = 20000000000ns (= 20.0 seconds)

BASIC INFORMATION
  > Epoch.................. 2000-01-01 00:00:00.000
  > Time since epoch....... 20000000000 ns
  > Absolute time.......... 2000-01-01 00:00:20.000
  > Satellites............. 1584
  > Ground stations........ 101
  > Max. range GSL......... 1089686.4181956202m
  > Max. range ISL......... 5016591.233098428m

ISL INFORMATION
  > Total ISLs............. 3168
  > Min. ISLs/satellite.... 4
  > Max. ISLs/satellite.... 4

GSL INTERFACE INFORMATION
  > Min. GSL IFs/satellite........ 1
  > Max. GSL IFs/satellite........ 1
  > Min. GSL IFs/ground station... 1
  > Max. GSL IFs/ground_station... 1

GSL IN-RANGE INFORMATION
  > Min. satellites in range... 4
  > Max. satellites in range... 20
[MODE] SP_OVER_PID_QUOTIENT=True
  > Calculating Floyd-Warshall for graph without ground-station relays
  > Calculating Floyd-Warshall for graph without ground-station relays
  > Writing forwarding state to: gen_data/starlink_550_isls_plus_grid_ground_stations_top_100_with_hsinchu_algorithm_hierarchical_virtual_gid_27deg_k8/dynamic_state_2000ms_for_200s/fstate_120000000000.txt
  > [SIGNALING] 累計統計: 54 事件, 0 字節
[STATS-DEBUG] 開始生成統計文件... PID=1717091, TID=131768112112704
[DEBUG] output_dynamic_state_dir: gen_data/starlink_550_isls_plus_grid_ground_stations_top_100_with_hsinchu_algorithm_hierarchical_virtual_gid_27deg_k8/dynamic_state_2000ms_for_200s
[DEBUG] k_best: 8
[DEBUG] scenario_info: ''
[DEBUG] temp_dir_name: temp_grhr_k8
  > [SIGNALING] 累計統計: 56 事件, 0 字節
FORWARDING STATE AT T = 122000000000ns (= 122.0 seconds)

BASIC INFORMATION
  > Epoch.................. 2000-01-01 00:00:00.000
  > Time since epoch....... 122000000000 ns
  > Absolute time.......... 2000-01-01 00:02:02.000
  > Satellites............. 1584
  > Ground stations........ 101
  > Max. range GSL......... 1089686.4181956202m
  > Max. range ISL......... 5016591.233098428m

ISL INFORMATION
  > Total ISLs............. 3168
  > Min. ISLs/satellite.... 4
  > Max. ISLs/satellite.... 4

GSL INTERFACE INFORMATION
  > Min. GSL IFs/satellite........ 1
  > Max. GSL IFs/satellite........ 1
  > Min. GSL IFs/ground station... 1
  > Max. GSL IFs/ground_station... 1

GSL IN-RANGE INFORMATION
  > Min. satellites in range... 4
  > Max. satellites in range... 20
[MODE] SP_OVER_PID_QUOTIENT=True
  > Calculating Floyd-Warshall for graph without ground-station relays
  > Writing forwarding state to: gen_data/starlink_550_isls_plus_grid_ground_stations_top_100_with_hsinchu_algorithm_hierarchical_virtual_gid_27deg_k8/dynamic_state_2000ms_for_200s/fstate_122000000000.txt
  > [SIGNALING] 累計統計: 59 事件, 0 字節
[STATS-DEBUG] 開始生成統計文件... PID=1717091, TID=131768112112704
[DEBUG] output_dynamic_state_dir: gen_data/starlink_550_isls_plus_grid_ground_stations_top_100_with_hsinchu_algorithm_hierarchical_virtual_gid_27deg_k8/dynamic_state_2000ms_for_200s
[DEBUG] k_best: 8
[DEBUG] scenario_info: ''
[DEBUG] temp_dir_name: temp_grhr_k8
  > [SIGNALING] 累計統計: 61 事件, 0 字節
FORWARDING STATE AT T = 124000000000ns (= 124.0 seconds)

BASIC INFORMATION
  > Epoch.................. 2000-01-01 00:00:00.000
  > Time since epoch....... 124000000000 ns
  > Absolute time.......... 2000-01-01 00:02:04.000
  > Satellites............. 1584
  > Ground stations........ 101
  > Max. range GSL......... 1089686.4181956202m
  > Max. range ISL......... 5016591.233098428m

ISL INFORMATION
  > Total ISLs............. 3168
  > Min. ISLs/satellite.... 4
  > Max. ISLs/satellite.... 4

GSL INTERFACE INFORMATION
  > Min. GSL IFs/satellite........ 1
  > Max. GSL IFs/satellite........ 1
  > Min. GSL IFs/ground station... 1
  > Max. GSL IFs/ground_station... 1

GSL IN-RANGE INFORMATION
  > Min. satellites in range... 4
  > Max. satellites in range... 20
[MODE] SP_OVER_PID_QUOTIENT=True
  > Calculating Floyd-Warshall for graph without ground-station relays
  > Writing forwarding state to: gen_data/starlink_550_isls_plus_grid_ground_stations_top_100_with_hsinchu_algorithm_hierarchical_virtual_gid_27deg_k8/dynamic_state_2000ms_for_200s/fstate_124000000000.txt
  > [SIGNALING] 累計統計: 64 事件, 0 字節
[STATS-DEBUG] 開始生成統計文件... PID=1717091, TID=131768112112704
[DEBUG] output_dynamic_state_dir: gen_data/starlink_550_isls_plus_grid_ground_stations_top_100_with_hsinchu_algorithm_hierarchical_virtual_gid_27deg_k8/dynamic_state_2000ms_for_200s
[DEBUG] k_best: 8
[DEBUG] scenario_info: ''
[DEBUG] temp_dir_name: temp_grhr_k8
  > [SIGNALING] 累計統計: 66 事件, 0 字節
FORWARDING STATE AT T = 126000000000ns (= 126.0 seconds)

BASIC INFORMATION
  > Epoch.................. 2000-01-01 00:00:00.000
  > Time since epoch....... 126000000000 ns
  > Absolute time.......... 2000-01-01 00:02:06.000
  > Satellites............. 1584
  > Ground stations........ 101
  > Max. range GSL......... 1089686.4181956202m
  > Max. range ISL......... 5016591.233098428m

ISL INFORMATION
  > Total ISLs............. 3168
  > Min. ISLs/satellite.... 4
  > Max. ISLs/satellite.... 4

GSL INTERFACE INFORMATION
  > Min. GSL IFs/satellite........ 1
  > Max. GSL IFs/satellite........ 1
  > Min. GSL IFs/ground station... 1
  > Max. GSL IFs/ground_station... 1

GSL IN-RANGE INFORMATION
  > Min. satellites in range... 3
  > Max. satellites in range... 20
[MODE] SP_OVER_PID_QUOTIENT=True
  > Calculating Floyd-Warshall for graph without ground-station relays
  > Writing forwarding state to: gen_data/starlink_550_isls_plus_grid_ground_stations_top_100_with_hsinchu_algorithm_hierarchical_virtual_gid_27deg_k8/dynamic_state_2000ms_for_200s/fstate_126000000000.txt
  > [SIGNALING] 累計統計: 69 事件, 0 字節
[STATS-DEBUG] 開始生成統計文件... PID=1717091, TID=131768112112704
[DEBUG] output_dynamic_state_dir: gen_data/starlink_550_isls_plus_grid_ground_stations_top_100_with_hsinchu_algorithm_hierarchical_virtual_gid_27deg_k8/dynamic_state_2000ms_for_200s
[DEBUG] k_best: 8
[DEBUG] scenario_info: ''
[DEBUG] temp_dir_name: temp_grhr_k8
  > [SIGNALING] 累計統計: 71 事件, 0 字節
FORWARDING STATE AT T = 128000000000ns (= 128.0 seconds)

BASIC INFORMATION
  > Epoch.................. 2000-01-01 00:00:00.000
  > Time since epoch....... 128000000000 ns
  > Absolute time.......... 2000-01-01 00:02:08.000
  > Satellites............. 1584
  > Ground stations........ 101
  > Max. range GSL......... 1089686.4181956202m
  > Max. range ISL......... 5016591.233098428m

ISL INFORMATION
  > Total ISLs............. 3168
  > Min. ISLs/satellite.... 4
  > Max. ISLs/satellite.... 4

GSL INTERFACE INFORMATION
  > Min. GSL IFs/satellite........ 1
  > Max. GSL IFs/satellite........ 1
  > Min. GSL IFs/ground station... 1
  > Max. GSL IFs/ground_station... 1

GSL IN-RANGE INFORMATION
  > Min. satellites in range... 3
  > Max. satellites in range... 20
[MODE] SP_OVER_PID_QUOTIENT=True
  > Calculating Floyd-Warshall for graph without ground-station relays
  > Writing forwarding state to: gen_data/starlink_550_isls_plus_grid_ground_stations_top_100_with_hsinchu_algorithm_hierarchical_virtual_gid_27deg_k8/dynamic_state_2000ms_for_200s/fstate_128000000000.txt
  > [SIGNALING] 累計統計: 74 事件, 0 字節
[STATS-DEBUG] 開始生成統計文件... PID=1717091, TID=131768112112704
[DEBUG] output_dynamic_state_dir: gen_data/starlink_550_isls_plus_grid_ground_stations_top_100_with_hsinchu_algorithm_hierarchical_virtual_gid_27deg_k8/dynamic_state_2000ms_for_200s
[DEBUG] k_best: 8
[DEBUG] scenario_info: ''
[DEBUG] temp_dir_name: temp_grhr_k8
  > [SIGNALING] 累計統計: 76 事件, 0 字節
FORWARDING STATE AT T = 130000000000ns (= 130.0 seconds)

BASIC INFORMATION
  > Epoch.................. 2000-01-01 00:00:00.000
  > Time since epoch....... 130000000000 ns
  > Absolute time.......... 2000-01-01 00:02:10.000
  > Satellites............. 1584
  > Ground stations........ 101
  > Max. range GSL......... 1089686.4181956202m
  > Max. range ISL......... 5016591.233098428m

ISL INFORMATION
  > Total ISLs............. 3168
  > Min. ISLs/satellite.... 4
  > Max. ISLs/satellite.... 4

GSL INTERFACE INFORMATION
  > Min. GSL IFs/satellite........ 1
  > Max. GSL IFs/satellite........ 1
  > Min. GSL IFs/ground station... 1
  > Max. GSL IFs/ground_station... 1

GSL IN-RANGE INFORMATION
  > Min. satellites in range... 3
  > Max. satellites in range... 20
[MODE] SP_OVER_PID_QUOTIENT=True
  > Calculating Floyd-Warshall for graph without ground-station relays
  > Writing forwarding state to: gen_data/starlink_550_isls_plus_grid_ground_stations_top_100_with_hsinchu_algorithm_hierarchical_virtual_gid_27deg_k8/dynamic_state_2000ms_for_200s/fstate_130000000000.txt
  > [SIGNALING] 累計統計: 79 事件, 0 字節
[STATS-DEBUG] 開始生成統計文件... PID=1717091, TID=131768112112704
[DEBUG] output_dynamic_state_dir: gen_data/starlink_550_isls_plus_grid_ground_stations_top_100_with_hsinchu_algorithm_hierarchical_virtual_gid_27deg_k8/dynamic_state_2000ms_for_200s
[DEBUG] k_best: 8
[DEBUG] scenario_info: ''
  > Calculating Floyd-Warshall for graph without ground-station relays
  > Writing forwarding state to: gen_data/starlink_550_isls_plus_grid_ground_stations_top_100_with_hsinchu_algorithm_hierarchical_virtual_gid_27deg_k8/dynamic_state_2000ms_for_200s/fstate_170000000000.txt
  > [SIGNALING] 累計統計: 54 事件, 0 字節
[STATS-DEBUG] 開始生成統計文件... PID=1717092, TID=131768112112704
[DEBUG] output_dynamic_state_dir: gen_data/starlink_550_isls_plus_grid_ground_stations_top_100_with_hsinchu_algorithm_hierarchical_virtual_gid_27deg_k8/dynamic_state_2000ms_for_200s
[DEBUG] k_best: 8
[DEBUG] scenario_info: ''
[DEBUG] temp_dir_name: temp_grhr_k8
  > [SIGNALING] 累計統計: 56 事件, 0 字節
FORWARDING STATE AT T = 172000000000ns (= 172.0 seconds)

BASIC INFORMATION
  > Epoch.................. 2000-01-01 00:00:00.000
  > Time since epoch....... 172000000000 ns
  > Absolute time.......... 2000-01-01 00:02:52.000
  > Satellites............. 1584
  > Ground stations........ 101
  > Max. range GSL......... 1089686.4181956202m
  > Max. range ISL......... 5016591.233098428m

ISL INFORMATION
  > Total ISLs............. 3168
  > Min. ISLs/satellite.... 4
  > Max. ISLs/satellite.... 4

GSL INTERFACE INFORMATION
  > Min. GSL IFs/satellite........ 1
  > Max. GSL IFs/satellite........ 1
  > Min. GSL IFs/ground station... 1
  > Max. GSL IFs/ground_station... 1

GSL IN-RANGE INFORMATION
  > Min. satellites in range... 4
  > Max. satellites in range... 20
[MODE] SP_OVER_PID_QUOTIENT=True
  > Calculating Floyd-Warshall for graph without ground-station relays
  > Writing forwarding state to: gen_data/starlink_550_isls_plus_grid_ground_stations_top_100_with_hsinchu_algorithm_hierarchical_virtual_gid_27deg_k8/dynamic_state_2000ms_for_200s/fstate_172000000000.txt
  > [SIGNALING] 累計統計: 59 事件, 0 字節
[STATS-DEBUG] 開始生成統計文件... PID=1717092, TID=131768112112704
[DEBUG] output_dynamic_state_dir: gen_data/starlink_550_isls_plus_grid_ground_stations_top_100_with_hsinchu_algorithm_hierarchical_virtual_gid_27deg_k8/dynamic_state_2000ms_for_200s
[DEBUG] k_best: 8
[DEBUG] scenario_info: ''
[DEBUG] temp_dir_name: temp_grhr_k8
  > [SIGNALING] 累計統計: 61 事件, 0 字節
FORWARDING STATE AT T = 174000000000ns (= 174.0 seconds)

BASIC INFORMATION
  > Epoch.................. 2000-01-01 00:00:00.000
  > Time since epoch....... 174000000000 ns
  > Absolute time.......... 2000-01-01 00:02:54.000
  > Satellites............. 1584
  > Ground stations........ 101
  > Max. range GSL......... 1089686.4181956202m
  > Max. range ISL......... 5016591.233098428m

ISL INFORMATION
  > Total ISLs............. 3168
  > Min. ISLs/satellite.... 4
  > Max. ISLs/satellite.... 4

GSL INTERFACE INFORMATION
  > Min. GSL IFs/satellite........ 1
  > Max. GSL IFs/satellite........ 1
  > Min. GSL IFs/ground station... 1
  > Max. GSL IFs/ground_station... 1

GSL IN-RANGE INFORMATION
  > Min. satellites in range... 4
  > Max. satellites in range... 20
[MODE] SP_OVER_PID_QUOTIENT=True
  > Calculating Floyd-Warshall for graph without ground-station relays
  > Writing forwarding state to: gen_data/starlink_550_isls_plus_grid_ground_stations_top_100_with_hsinchu_algorithm_hierarchical_virtual_gid_27deg_k8/dynamic_state_2000ms_for_200s/fstate_174000000000.txt
  > [SIGNALING] 累計統計: 64 事件, 0 字節
[STATS-DEBUG] 開始生成統計文件... PID=1717092, TID=131768112112704
[DEBUG] output_dynamic_state_dir: gen_data/starlink_550_isls_plus_grid_ground_stations_top_100_with_hsinchu_algorithm_hierarchical_virtual_gid_27deg_k8/dynamic_state_2000ms_for_200s
[DEBUG] k_best: 8
[DEBUG] scenario_info: ''
[DEBUG] temp_dir_name: temp_grhr_k8
  > [SIGNALING] 累計統計: 66 事件, 0 字節
FORWARDING STATE AT T = 176000000000ns (= 176.0 seconds)

BASIC INFORMATION
  > Epoch.................. 2000-01-01 00:00:00.000
  > Time since epoch....... 176000000000 ns
  > Absolute time.......... 2000-01-01 00:02:56.000
  > Satellites............. 1584
  > Ground stations........ 101
  > Max. range GSL......... 1089686.4181956202m
  > Max. range ISL......... 5016591.233098428m

ISL INFORMATION
  > Total ISLs............. 3168
  > Min. ISLs/satellite.... 4
  > Max. ISLs/satellite.... 4

GSL INTERFACE INFORMATION
  > Min. GSL IFs/satellite........ 1
  > Max. GSL IFs/satellite........ 1
  > Min. GSL IFs/ground station... 1
  > Max. GSL IFs/ground_station... 1

GSL IN-RANGE INFORMATION
  > Min. satellites in range... 4
  > Max. satellites in range... 20
[MODE] SP_OVER_PID_QUOTIENT=True
  > Calculating Floyd-Warshall for graph without ground-station relays
  > Writing forwarding state to: gen_data/starlink_550_isls_plus_grid_ground_stations_top_100_with_hsinchu_algorithm_hierarchical_virtual_gid_27deg_k8/dynamic_state_2000ms_for_200s/fstate_176000000000.txt
  > [SIGNALING] 累計統計: 69 事件, 0 字節
[STATS-DEBUG] 開始生成統計文件... PID=1717092, TID=131768112112704
[DEBUG] output_dynamic_state_dir: gen_data/starlink_550_isls_plus_grid_ground_stations_top_100_with_hsinchu_algorithm_hierarchical_virtual_gid_27deg_k8/dynamic_state_2000ms_for_200s
[DEBUG] k_best: 8
[DEBUG] scenario_info: ''
[DEBUG] temp_dir_name: temp_grhr_k8
  > [SIGNALING] 累計統計: 71 事件, 0 字節
FORWARDING STATE AT T = 178000000000ns (= 178.0 seconds)

BASIC INFORMATION
  > Epoch.................. 2000-01-01 00:00:00.000
  > Time since epoch....... 178000000000 ns
  > Absolute time.......... 2000-01-01 00:02:58.000
  > Satellites............. 1584
  > Ground stations........ 101
  > Max. range GSL......... 1089686.4181956202m
  > Max. range ISL......... 5016591.233098428m

ISL INFORMATION
  > Total ISLs............. 3168
  > Min. ISLs/satellite.... 4
  > Max. ISLs/satellite.... 4

GSL INTERFACE INFORMATION
  > Min. GSL IFs/satellite........ 1
  > Max. GSL IFs/satellite........ 1
  > Min. GSL IFs/ground station... 1
  > Max. GSL IFs/ground_station... 1

GSL IN-RANGE INFORMATION
  > Min. satellites in range... 4
  > Max. satellites in range... 20
[MODE] SP_OVER_PID_QUOTIENT=True
  > Calculating Floyd-Warshall for graph without ground-station relays
  > Writing forwarding state to: gen_data/starlink_550_isls_plus_grid_ground_stations_top_100_with_hsinchu_algorithm_hierarchical_virtual_gid_27deg_k8/dynamic_state_2000ms_for_200s/fstate_178000000000.txt
  > [SIGNALING] 累計統計: 74 事件, 0 字節
[STATS-DEBUG] 開始生成統計文件... PID=1717092, TID=131768112112704
[DEBUG] output_dynamic_state_dir: gen_data/starlink_550_isls_plus_grid_ground_stations_top_100_with_hsinchu_algorithm_hierarchical_virtual_gid_27deg_k8/dynamic_state_2000ms_for_200s
[DEBUG] k_best: 8
[DEBUG] scenario_info: ''
[DEBUG] temp_dir_name: temp_grhr_k8
  > [SIGNALING] 累計統計: 76 事件, 0 字節
FORWARDING STATE AT T = 180000000000ns (= 180.0 seconds)

BASIC INFORMATION
  > Epoch.................. 2000-01-01 00:00:00.000
  > Time since epoch....... 180000000000 ns
  > Absolute time.......... 2000-01-01 00:03:00.000
  > Satellites............. 1584
  > Ground stations........ 101
  > Max. range GSL......... 1089686.4181956202m
  > Max. range ISL......... 5016591.233098428m

ISL INFORMATION
  > Total ISLs............. 3168
  > Min. ISLs/satellite.... 4
  > Max. ISLs/satellite.... 4

GSL INTERFACE INFORMATION
  > Min. GSL IFs/satellite........ 1
  > Max. GSL IFs/satellite........ 1
  > Min. GSL IFs/ground station... 1
  > Max. GSL IFs/ground_station... 1

GSL IN-RANGE INFORMATION
  > Min. satellites in range... 4
  > Max. satellites in range... 20
[MODE] SP_OVER_PID_QUOTIENT=True
  > Calculating Floyd-Warshall for graph without ground-station relays
  > Writing forwarding state to: gen_data/starlink_550_isls_plus_grid_ground_stations_top_100_with_hsinchu_algorithm_hierarchical_virtual_gid_27deg_k8/dynamic_state_2000ms_for_200s/fstate_180000000000.txt
  > [SIGNALING] 累計統計: 79 事件, 0 字節
[STATS-DEBUG] 開始生成統計文件... PID=1717092, TID=131768112112704
[DEBUG] output_dynamic_state_dir: gen_data/starlink_550_isls_plus_grid_ground_stations_top_100_with_hsinchu_algorithm_hierarchical_virtual_gid_27deg_k8/dynamic_state_2000ms_for_200s
[DEBUG] k_best: 8
[DEBUG] scenario_info: ''
  > Writing forwarding state to: gen_data/starlink_550_isls_plus_grid_ground_stations_top_100_with_hsinchu_algorithm_hierarchical_virtual_gid_27deg_k8/dynamic_state_2000ms_for_200s/fstate_20000000000.txt
  > [SIGNALING] 累計統計: 54 事件, 0 字節
[STATS-DEBUG] 開始生成統計文件... PID=1717089, TID=131768112112704
[DEBUG] output_dynamic_state_dir: gen_data/starlink_550_isls_plus_grid_ground_stations_top_100_with_hsinchu_algorithm_hierarchical_virtual_gid_27deg_k8/dynamic_state_2000ms_for_200s
[DEBUG] k_best: 8
[DEBUG] scenario_info: ''
[DEBUG] temp_dir_name: temp_grhr_k8
  > [SIGNALING] 累計統計: 56 事件, 0 字節
FORWARDING STATE AT T = 22000000000ns (= 22.0 seconds)

BASIC INFORMATION
  > Epoch.................. 2000-01-01 00:00:00.000
  > Time since epoch....... 22000000000 ns
  > Absolute time.......... 2000-01-01 00:00:22.000
  > Satellites............. 1584
  > Ground stations........ 101
  > Max. range GSL......... 1089686.4181956202m
  > Max. range ISL......... 5016591.233098428m

ISL INFORMATION
  > Total ISLs............. 3168
  > Min. ISLs/satellite.... 4
  > Max. ISLs/satellite.... 4

GSL INTERFACE INFORMATION
  > Min. GSL IFs/satellite........ 1
  > Max. GSL IFs/satellite........ 1
  > Min. GSL IFs/ground station... 1
  > Max. GSL IFs/ground_station... 1

GSL IN-RANGE INFORMATION
  > Min. satellites in range... 4
  > Max. satellites in range... 20
[MODE] SP_OVER_PID_QUOTIENT=True
  > Calculating Floyd-Warshall for graph without ground-station relays
  > Writing forwarding state to: gen_data/starlink_550_isls_plus_grid_ground_stations_top_100_with_hsinchu_algorithm_hierarchical_virtual_gid_27deg_k8/dynamic_state_2000ms_for_200s/fstate_22000000000.txt
  > [SIGNALING] 累計統計: 59 事件, 0 字節
[STATS-DEBUG] 開始生成統計文件... PID=1717089, TID=131768112112704
[DEBUG] output_dynamic_state_dir: gen_data/starlink_550_isls_plus_grid_ground_stations_top_100_with_hsinchu_algorithm_hierarchical_virtual_gid_27deg_k8/dynamic_state_2000ms_for_200s
[DEBUG] k_best: 8
[DEBUG] scenario_info: ''
[DEBUG] temp_dir_name: temp_grhr_k8
  > [SIGNALING] 累計統計: 61 事件, 0 字節
FORWARDING STATE AT T = 24000000000ns (= 24.0 seconds)

BASIC INFORMATION
  > Epoch.................. 2000-01-01 00:00:00.000
  > Time since epoch....... 24000000000 ns
  > Absolute time.......... 2000-01-01 00:00:24.000
  > Satellites............. 1584
  > Ground stations........ 101
  > Max. range GSL......... 1089686.4181956202m
  > Max. range ISL......... 5016591.233098428m

ISL INFORMATION
  > Total ISLs............. 3168
  > Min. ISLs/satellite.... 4
  > Max. ISLs/satellite.... 4

GSL INTERFACE INFORMATION
  > Min. GSL IFs/satellite........ 1
  > Max. GSL IFs/satellite........ 1
  > Min. GSL IFs/ground station... 1
  > Max. GSL IFs/ground_station... 1

GSL IN-RANGE INFORMATION
  > Min. satellites in range... 4
  > Max. satellites in range... 19
[MODE] SP_OVER_PID_QUOTIENT=True
  > Calculating Floyd-Warshall for graph without ground-station relays
  > Writing forwarding state to: gen_data/starlink_550_isls_plus_grid_ground_stations_top_100_with_hsinchu_algorithm_hierarchical_virtual_gid_27deg_k8/dynamic_state_2000ms_for_200s/fstate_24000000000.txt
  > [SIGNALING] 累計統計: 64 事件, 0 字節
[STATS-DEBUG] 開始生成統計文件... PID=1717089, TID=131768112112704
[DEBUG] output_dynamic_state_dir: gen_data/starlink_550_isls_plus_grid_ground_stations_top_100_with_hsinchu_algorithm_hierarchical_virtual_gid_27deg_k8/dynamic_state_2000ms_for_200s
[DEBUG] k_best: 8
[DEBUG] scenario_info: ''
[DEBUG] temp_dir_name: temp_grhr_k8
  > [SIGNALING] 累計統計: 66 事件, 0 字節
FORWARDING STATE AT T = 26000000000ns (= 26.0 seconds)

BASIC INFORMATION
  > Epoch.................. 2000-01-01 00:00:00.000
  > Time since epoch....... 26000000000 ns
  > Absolute time.......... 2000-01-01 00:00:26.000
  > Satellites............. 1584
  > Ground stations........ 101
  > Max. range GSL......... 1089686.4181956202m
  > Max. range ISL......... 5016591.233098428m

ISL INFORMATION
  > Total ISLs............. 3168
  > Min. ISLs/satellite.... 4
  > Max. ISLs/satellite.... 4

GSL INTERFACE INFORMATION
  > Min. GSL IFs/satellite........ 1
  > Max. GSL IFs/satellite........ 1
  > Min. GSL IFs/ground station... 1
  > Max. GSL IFs/ground_station... 1

GSL IN-RANGE INFORMATION
  > Min. satellites in range... 4
  > Max. satellites in range... 19
[MODE] SP_OVER_PID_QUOTIENT=True
  > Calculating Floyd-Warshall for graph without ground-station relays
  > Writing forwarding state to: gen_data/starlink_550_isls_plus_grid_ground_stations_top_100_with_hsinchu_algorithm_hierarchical_virtual_gid_27deg_k8/dynamic_state_2000ms_for_200s/fstate_26000000000.txt
  > [SIGNALING] 累計統計: 69 事件, 0 字節
[STATS-DEBUG] 開始生成統計文件... PID=1717089, TID=131768112112704
[DEBUG] output_dynamic_state_dir: gen_data/starlink_550_isls_plus_grid_ground_stations_top_100_with_hsinchu_algorithm_hierarchical_virtual_gid_27deg_k8/dynamic_state_2000ms_for_200s
[DEBUG] k_best: 8
[DEBUG] scenario_info: ''
[DEBUG] temp_dir_name: temp_grhr_k8
  > [SIGNALING] 累計統計: 71 事件, 0 字節
FORWARDING STATE AT T = 28000000000ns (= 28.0 seconds)

BASIC INFORMATION
  > Epoch.................. 2000-01-01 00:00:00.000
  > Time since epoch....... 28000000000 ns
  > Absolute time.......... 2000-01-01 00:00:28.000
  > Satellites............. 1584
  > Ground stations........ 101
  > Max. range GSL......... 1089686.4181956202m
  > Max. range ISL......... 5016591.233098428m

ISL INFORMATION
  > Total ISLs............. 3168
  > Min. ISLs/satellite.... 4
  > Max. ISLs/satellite.... 4

GSL INTERFACE INFORMATION
  > Min. GSL IFs/satellite........ 1
  > Max. GSL IFs/satellite........ 1
  > Min. GSL IFs/ground station... 1
  > Max. GSL IFs/ground_station... 1

GSL IN-RANGE INFORMATION
  > Min. satellites in range... 4
  > Max. satellites in range... 19
[MODE] SP_OVER_PID_QUOTIENT=True
  > Calculating Floyd-Warshall for graph without ground-station relays
  > Writing forwarding state to: gen_data/starlink_550_isls_plus_grid_ground_stations_top_100_with_hsinchu_algorithm_hierarchical_virtual_gid_27deg_k8/dynamic_state_2000ms_for_200s/fstate_28000000000.txt
  > [SIGNALING] 累計統計: 74 事件, 0 字節
[STATS-DEBUG] 開始生成統計文件... PID=1717089, TID=131768112112704
[DEBUG] output_dynamic_state_dir: gen_data/starlink_550_isls_plus_grid_ground_stations_top_100_with_hsinchu_algorithm_hierarchical_virtual_gid_27deg_k8/dynamic_state_2000ms_for_200s
[DEBUG] k_best: 8
[DEBUG] scenario_info: ''
[DEBUG] temp_dir_name: temp_grhr_k8
  > [SIGNALING] 累計統計: 76 事件, 0 字節
FORWARDING STATE AT T = 30000000000ns (= 30.0 seconds)

BASIC INFORMATION
  > Epoch.................. 2000-01-01 00:00:00.000
  > Time since epoch....... 30000000000 ns
  > Absolute time.......... 2000-01-01 00:00:30.000
  > Satellites............. 1584
  > Ground stations........ 101
  > Max. range GSL......... 1089686.4181956202m
  > Max. range ISL......... 5016591.233098428m

ISL INFORMATION
  > Total ISLs............. 3168
  > Min. ISLs/satellite.... 4
  > Max. ISLs/satellite.... 4

GSL INTERFACE INFORMATION
  > Min. GSL IFs/satellite........ 1
  > Max. GSL IFs/satellite........ 1
  > Min. GSL IFs/ground station... 1
  > Max. GSL IFs/ground_station... 1

GSL IN-RANGE INFORMATION
  > Min. satellites in range... 4
  > Max. satellites in range... 19
[MODE] SP_OVER_PID_QUOTIENT=True
  > Calculating Floyd-Warshall for graph without ground-station relays
  > Writing forwarding state to: gen_data/starlink_550_isls_plus_grid_ground_stations_top_100_with_hsinchu_algorithm_hierarchical_virtual_gid_27deg_k8/dynamic_state_2000ms_for_200s/fstate_30000000000.txt
  > [SIGNALING] 累計統計: 79 事件, 0 字節
[STATS-DEBUG] 開始生成統計文件... PID=1717089, TID=131768112112704
[DEBUG] output_dynamic_state_dir: gen_data/starlink_550_isls_plus_grid_ground_stations_top_100_with_hsinchu_algorithm_hierarchical_virtual_gid_27deg_k8/dynamic_state_2000ms_for_200s
[DEBUG] k_best: 8
[DEBUG] scenario_info: ''
[DEBUG] temp_dir_name: temp_grhr_k8
  > [SIGNALING] 累計統計: 81 事件, 0 字節
  > Writing forwarding state to: gen_data/starlink_550_isls_plus_grid_ground_stations_top_100_with_hsinchu_algorithm_hierarchical_virtual_gid_27deg_k8/dynamic_state_2000ms_for_200s/fstate_70000000000.txt
  > [SIGNALING] 累計統計: 54 事件, 0 字節
[STATS-DEBUG] 開始生成統計文件... PID=1717090, TID=131768112112704
[DEBUG] output_dynamic_state_dir: gen_data/starlink_550_isls_plus_grid_ground_stations_top_100_with_hsinchu_algorithm_hierarchical_virtual_gid_27deg_k8/dynamic_state_2000ms_for_200s
[DEBUG] k_best: 8
[DEBUG] scenario_info: ''
[DEBUG] temp_dir_name: temp_grhr_k8
  > [SIGNALING] 累計統計: 56 事件, 0 字節
FORWARDING STATE AT T = 72000000000ns (= 72.0 seconds)

BASIC INFORMATION
  > Epoch.................. 2000-01-01 00:00:00.000
  > Time since epoch....... 72000000000 ns
  > Absolute time.......... 2000-01-01 00:01:12.000
  > Satellites............. 1584
  > Ground stations........ 101
  > Max. range GSL......... 1089686.4181956202m
  > Max. range ISL......... 5016591.233098428m

ISL INFORMATION
  > Total ISLs............. 3168
  > Min. ISLs/satellite.... 4
  > Max. ISLs/satellite.... 4

GSL INTERFACE INFORMATION
  > Min. GSL IFs/satellite........ 1
  > Max. GSL IFs/satellite........ 1
  > Min. GSL IFs/ground station... 1
  > Max. GSL IFs/ground_station... 1

GSL IN-RANGE INFORMATION
  > Min. satellites in range... 4
  > Max. satellites in range... 21
[MODE] SP_OVER_PID_QUOTIENT=True
  > Calculating Floyd-Warshall for graph without ground-station relays
  > Writing forwarding state to: gen_data/starlink_550_isls_plus_grid_ground_stations_top_100_with_hsinchu_algorithm_hierarchical_virtual_gid_27deg_k8/dynamic_state_2000ms_for_200s/fstate_72000000000.txt
  > [SIGNALING] 累計統計: 59 事件, 0 字節
[STATS-DEBUG] 開始生成統計文件... PID=1717090, TID=131768112112704
[DEBUG] output_dynamic_state_dir: gen_data/starlink_550_isls_plus_grid_ground_stations_top_100_with_hsinchu_algorithm_hierarchical_virtual_gid_27deg_k8/dynamic_state_2000ms_for_200s
[DEBUG] k_best: 8
[DEBUG] scenario_info: ''
[DEBUG] temp_dir_name: temp_grhr_k8
  > [SIGNALING] 累計統計: 61 事件, 0 字節
FORWARDING STATE AT T = 74000000000ns (= 74.0 seconds)

BASIC INFORMATION
  > Epoch.................. 2000-01-01 00:00:00.000
  > Time since epoch....... 74000000000 ns
  > Absolute time.......... 2000-01-01 00:01:14.000
  > Satellites............. 1584
  > Ground stations........ 101
  > Max. range GSL......... 1089686.4181956202m
  > Max. range ISL......... 5016591.233098428m

ISL INFORMATION
  > Total ISLs............. 3168
  > Min. ISLs/satellite.... 4
  > Max. ISLs/satellite.... 4

GSL INTERFACE INFORMATION
  > Min. GSL IFs/satellite........ 1
  > Max. GSL IFs/satellite........ 1
  > Min. GSL IFs/ground station... 1
  > Max. GSL IFs/ground_station... 1

GSL IN-RANGE INFORMATION
  > Min. satellites in range... 4
  > Max. satellites in range... 18
[MODE] SP_OVER_PID_QUOTIENT=True
  > Calculating Floyd-Warshall for graph without ground-station relays
  > Writing forwarding state to: gen_data/starlink_550_isls_plus_grid_ground_stations_top_100_with_hsinchu_algorithm_hierarchical_virtual_gid_27deg_k8/dynamic_state_2000ms_for_200s/fstate_74000000000.txt
  > [SIGNALING] 累計統計: 64 事件, 0 字節
[STATS-DEBUG] 開始生成統計文件... PID=1717090, TID=131768112112704
[DEBUG] output_dynamic_state_dir: gen_data/starlink_550_isls_plus_grid_ground_stations_top_100_with_hsinchu_algorithm_hierarchical_virtual_gid_27deg_k8/dynamic_state_2000ms_for_200s
[DEBUG] k_best: 8
[DEBUG] scenario_info: ''
[DEBUG] temp_dir_name: temp_grhr_k8
  > [SIGNALING] 累計統計: 66 事件, 0 字節
FORWARDING STATE AT T = 76000000000ns (= 76.0 seconds)

BASIC INFORMATION
  > Epoch.................. 2000-01-01 00:00:00.000
  > Time since epoch....... 76000000000 ns
  > Absolute time.......... 2000-01-01 00:01:16.000
  > Satellites............. 1584
  > Ground stations........ 101
  > Max. range GSL......... 1089686.4181956202m
  > Max. range ISL......... 5016591.233098428m

ISL INFORMATION
  > Total ISLs............. 3168
  > Min. ISLs/satellite.... 4
  > Max. ISLs/satellite.... 4

GSL INTERFACE INFORMATION
  > Min. GSL IFs/satellite........ 1
  > Max. GSL IFs/satellite........ 1
  > Min. GSL IFs/ground station... 1
  > Max. GSL IFs/ground_station... 1

GSL IN-RANGE INFORMATION
  > Min. satellites in range... 4
  > Max. satellites in range... 18
[MODE] SP_OVER_PID_QUOTIENT=True
  > Calculating Floyd-Warshall for graph without ground-station relays
  > Writing forwarding state to: gen_data/starlink_550_isls_plus_grid_ground_stations_top_100_with_hsinchu_algorithm_hierarchical_virtual_gid_27deg_k8/dynamic_state_2000ms_for_200s/fstate_76000000000.txt
  > [SIGNALING] 累計統計: 69 事件, 0 字節
[STATS-DEBUG] 開始生成統計文件... PID=1717090, TID=131768112112704
[DEBUG] output_dynamic_state_dir: gen_data/starlink_550_isls_plus_grid_ground_stations_top_100_with_hsinchu_algorithm_hierarchical_virtual_gid_27deg_k8/dynamic_state_2000ms_for_200s
[DEBUG] k_best: 8
[DEBUG] scenario_info: ''
[DEBUG] temp_dir_name: temp_grhr_k8
  > [SIGNALING] 累計統計: 71 事件, 0 字節
FORWARDING STATE AT T = 78000000000ns (= 78.0 seconds)

BASIC INFORMATION
  > Epoch.................. 2000-01-01 00:00:00.000
  > Time since epoch....... 78000000000 ns
  > Absolute time.......... 2000-01-01 00:01:18.000
  > Satellites............. 1584
  > Ground stations........ 101
  > Max. range GSL......... 1089686.4181956202m
  > Max. range ISL......... 5016591.233098428m

ISL INFORMATION
  > Total ISLs............. 3168
  > Min. ISLs/satellite.... 4
  > Max. ISLs/satellite.... 4

GSL INTERFACE INFORMATION
  > Min. GSL IFs/satellite........ 1
  > Max. GSL IFs/satellite........ 1
  > Min. GSL IFs/ground station... 1
  > Max. GSL IFs/ground_station... 1

GSL IN-RANGE INFORMATION
  > Min. satellites in range... 4
  > Max. satellites in range... 18
[MODE] SP_OVER_PID_QUOTIENT=True
  > Calculating Floyd-Warshall for graph without ground-station relays
  > Writing forwarding state to: gen_data/starlink_550_isls_plus_grid_ground_stations_top_100_with_hsinchu_algorithm_hierarchical_virtual_gid_27deg_k8/dynamic_state_2000ms_for_200s/fstate_78000000000.txt
  > [SIGNALING] 累計統計: 74 事件, 0 字節
[STATS-DEBUG] 開始生成統計文件... PID=1717090, TID=131768112112704
[DEBUG] output_dynamic_state_dir: gen_data/starlink_550_isls_plus_grid_ground_stations_top_100_with_hsinchu_algorithm_hierarchical_virtual_gid_27deg_k8/dynamic_state_2000ms_for_200s
[DEBUG] k_best: 8
[DEBUG] scenario_info: ''
[DEBUG] temp_dir_name: temp_grhr_k8
  > [SIGNALING] 累計統計: 76 事件, 0 字節
FORWARDING STATE AT T = 80000000000ns (= 80.0 seconds)

BASIC INFORMATION
  > Epoch.................. 2000-01-01 00:00:00.000
  > Time since epoch....... 80000000000 ns
  > Absolute time.......... 2000-01-01 00:01:20.000
  > Satellites............. 1584
  > Ground stations........ 101
  > Max. range GSL......... 1089686.4181956202m
  > Max. range ISL......... 5016591.233098428m

ISL INFORMATION
  > Total ISLs............. 3168
  > Min. ISLs/satellite.... 4
  > Max. ISLs/satellite.... 4

GSL INTERFACE INFORMATION
  > Min. GSL IFs/satellite........ 1
  > Max. GSL IFs/satellite........ 1
  > Min. GSL IFs/ground station... 1
  > Max. GSL IFs/ground_station... 1

GSL IN-RANGE INFORMATION
  > Min. satellites in range... 4
  > Max. satellites in range... 18
[MODE] SP_OVER_PID_QUOTIENT=True
  > Calculating Floyd-Warshall for graph without ground-station relays
  > Writing forwarding state to: gen_data/starlink_550_isls_plus_grid_ground_stations_top_100_with_hsinchu_algorithm_hierarchical_virtual_gid_27deg_k8/dynamic_state_2000ms_for_200s/fstate_80000000000.txt
  > [SIGNALING] 累計統計: 79 事件, 0 字節
[STATS-DEBUG] 開始生成統計文件... PID=1717090, TID=131768112112704
[DEBUG] output_dynamic_state_dir: gen_data/starlink_550_isls_plus_grid_ground_stations_top_100_with_hsinchu_algorithm_hierarchical_virtual_gid_27deg_k8/dynamic_state_2000ms_for_200s
[DEBUG] k_best: 8
[DEBUG] scenario_info: ''
[DEBUG] temp_dir_name: temp_grhr_k8
  > [SIGNALING] 累計統計: 81 事件, 0 字節
[DEBUG] temp_dir_name: temp_grhr_k8
  > [SIGNALING] 累計統計: 81 事件, 0 字節
FORWARDING STATE AT T = 132000000000ns (= 132.0 seconds)

BASIC INFORMATION
  > Epoch.................. 2000-01-01 00:00:00.000
  > Time since epoch....... 132000000000 ns
  > Absolute time.......... 2000-01-01 00:02:12.000
  > Satellites............. 1584
  > Ground stations........ 101
  > Max. range GSL......... 1089686.4181956202m
  > Max. range ISL......... 5016591.233098428m

ISL INFORMATION
  > Total ISLs............. 3168
  > Min. ISLs/satellite.... 4
  > Max. ISLs/satellite.... 4

GSL INTERFACE INFORMATION
  > Min. GSL IFs/satellite........ 1
  > Max. GSL IFs/satellite........ 1
  > Min. GSL IFs/ground station... 1
  > Max. GSL IFs/ground_station... 1

GSL IN-RANGE INFORMATION
  > Min. satellites in range... 3
  > Max. satellites in range... 20
[MODE] SP_OVER_PID_QUOTIENT=True
  > Calculating Floyd-Warshall for graph without ground-station relays
  > Writing forwarding state to: gen_data/starlink_550_isls_plus_grid_ground_stations_top_100_with_hsinchu_algorithm_hierarchical_virtual_gid_27deg_k8/dynamic_state_2000ms_for_200s/fstate_132000000000.txt
  > [SIGNALING] 累計統計: 84 事件, 0 字節
[STATS-DEBUG] 開始生成統計文件... PID=1717091, TID=131768112112704
[DEBUG] output_dynamic_state_dir: gen_data/starlink_550_isls_plus_grid_ground_stations_top_100_with_hsinchu_algorithm_hierarchical_virtual_gid_27deg_k8/dynamic_state_2000ms_for_200s
[DEBUG] k_best: 8
[DEBUG] scenario_info: ''
[DEBUG] temp_dir_name: temp_grhr_k8
  > [SIGNALING] 累計統計: 86 事件, 0 字節
FORWARDING STATE AT T = 134000000000ns (= 134.0 seconds)

BASIC INFORMATION
  > Epoch.................. 2000-01-01 00:00:00.000
  > Time since epoch....... 134000000000 ns
  > Absolute time.......... 2000-01-01 00:02:14.000
  > Satellites............. 1584
  > Ground stations........ 101
  > Max. range GSL......... 1089686.4181956202m
  > Max. range ISL......... 5016591.233098428m

ISL INFORMATION
  > Total ISLs............. 3168
  > Min. ISLs/satellite.... 4
  > Max. ISLs/satellite.... 4

GSL INTERFACE INFORMATION
  > Min. GSL IFs/satellite........ 1
  > Max. GSL IFs/satellite........ 1
  > Min. GSL IFs/ground station... 1
  > Max. GSL IFs/ground_station... 1

GSL IN-RANGE INFORMATION
  > Min. satellites in range... 3
  > Max. satellites in range... 20
[MODE] SP_OVER_PID_QUOTIENT=True
  > Calculating Floyd-Warshall for graph without ground-station relays
  > Writing forwarding state to: gen_data/starlink_550_isls_plus_grid_ground_stations_top_100_with_hsinchu_algorithm_hierarchical_virtual_gid_27deg_k8/dynamic_state_2000ms_for_200s/fstate_134000000000.txt
  > [SIGNALING] 累計統計: 89 事件, 0 字節
[STATS-DEBUG] 開始生成統計文件... PID=1717091, TID=131768112112704
[DEBUG] output_dynamic_state_dir: gen_data/starlink_550_isls_plus_grid_ground_stations_top_100_with_hsinchu_algorithm_hierarchical_virtual_gid_27deg_k8/dynamic_state_2000ms_for_200s
[DEBUG] k_best: 8
[DEBUG] scenario_info: ''
[DEBUG] temp_dir_name: temp_grhr_k8
  > [SIGNALING] 累計統計: 91 事件, 0 字節
FORWARDING STATE AT T = 136000000000ns (= 136.0 seconds)

BASIC INFORMATION
  > Epoch.................. 2000-01-01 00:00:00.000
  > Time since epoch....... 136000000000 ns
  > Absolute time.......... 2000-01-01 00:02:16.000
  > Satellites............. 1584
  > Ground stations........ 101
  > Max. range GSL......... 1089686.4181956202m
  > Max. range ISL......... 5016591.233098428m

ISL INFORMATION
  > Total ISLs............. 3168
  > Min. ISLs/satellite.... 4
  > Max. ISLs/satellite.... 4

GSL INTERFACE INFORMATION
  > Min. GSL IFs/satellite........ 1
  > Max. GSL IFs/satellite........ 1
  > Min. GSL IFs/ground station... 1
  > Max. GSL IFs/ground_station... 1

GSL IN-RANGE INFORMATION
  > Min. satellites in range... 3
  > Max. satellites in range... 20
[MODE] SP_OVER_PID_QUOTIENT=True
  > Calculating Floyd-Warshall for graph without ground-station relays
  > Writing forwarding state to: gen_data/starlink_550_isls_plus_grid_ground_stations_top_100_with_hsinchu_algorithm_hierarchical_virtual_gid_27deg_k8/dynamic_state_2000ms_for_200s/fstate_136000000000.txt
  > [SIGNALING] 累計統計: 94 事件, 0 字節
[STATS-DEBUG] 開始生成統計文件... PID=1717091, TID=131768112112704
[DEBUG] output_dynamic_state_dir: gen_data/starlink_550_isls_plus_grid_ground_stations_top_100_with_hsinchu_algorithm_hierarchical_virtual_gid_27deg_k8/dynamic_state_2000ms_for_200s
[DEBUG] k_best: 8
[DEBUG] scenario_info: ''
[DEBUG] temp_dir_name: temp_grhr_k8
  > [SIGNALING] 累計統計: 96 事件, 0 字節
FORWARDING STATE AT T = 138000000000ns (= 138.0 seconds)

BASIC INFORMATION
  > Epoch.................. 2000-01-01 00:00:00.000
  > Time since epoch....... 138000000000 ns
  > Absolute time.......... 2000-01-01 00:02:18.000
  > Satellites............. 1584
  > Ground stations........ 101
  > Max. range GSL......... 1089686.4181956202m
  > Max. range ISL......... 5016591.233098428m

ISL INFORMATION
  > Total ISLs............. 3168
  > Min. ISLs/satellite.... 4
  > Max. ISLs/satellite.... 4

GSL INTERFACE INFORMATION
  > Min. GSL IFs/satellite........ 1
  > Max. GSL IFs/satellite........ 1
  > Min. GSL IFs/ground station... 1
  > Max. GSL IFs/ground_station... 1

GSL IN-RANGE INFORMATION
  > Min. satellites in range... 3
  > Max. satellites in range... 20
[MODE] SP_OVER_PID_QUOTIENT=True
  > Calculating Floyd-Warshall for graph without ground-station relays
  > Writing forwarding state to: gen_data/starlink_550_isls_plus_grid_ground_stations_top_100_with_hsinchu_algorithm_hierarchical_virtual_gid_27deg_k8/dynamic_state_2000ms_for_200s/fstate_138000000000.txt
  > [SIGNALING] 累計統計: 99 事件, 0 字節
[STATS-DEBUG] 開始生成統計文件... PID=1717091, TID=131768112112704
[DEBUG] output_dynamic_state_dir: gen_data/starlink_550_isls_plus_grid_ground_stations_top_100_with_hsinchu_algorithm_hierarchical_virtual_gid_27deg_k8/dynamic_state_2000ms_for_200s
[DEBUG] k_best: 8
[DEBUG] scenario_info: ''
[DEBUG] temp_dir_name: temp_grhr_k8
  > [SIGNALING] 累計統計: 101 事件, 0 字節
FORWARDING STATE AT T = 140000000000ns (= 140.0 seconds)

BASIC INFORMATION
  > Epoch.................. 2000-01-01 00:00:00.000
  > Time since epoch....... 140000000000 ns
  > Absolute time.......... 2000-01-01 00:02:20.000
  > Satellites............. 1584
  > Ground stations........ 101
  > Max. range GSL......... 1089686.4181956202m
  > Max. range ISL......... 5016591.233098428m

ISL INFORMATION
  > Total ISLs............. 3168
  > Min. ISLs/satellite.... 4
  > Max. ISLs/satellite.... 4

GSL INTERFACE INFORMATION
  > Min. GSL IFs/satellite........ 1
  > Max. GSL IFs/satellite........ 1
  > Min. GSL IFs/ground station... 1
  > Max. GSL IFs/ground_station... 1

GSL IN-RANGE INFORMATION
  > Min. satellites in range... 3
  > Max. satellites in range... 20
[MODE] SP_OVER_PID_QUOTIENT=True
  > Calculating Floyd-Warshall for graph without ground-station relays
  > Writing forwarding state to: gen_data/starlink_550_isls_plus_grid_ground_stations_top_100_with_hsinchu_algorithm_hierarchical_virtual_gid_27deg_k8/dynamic_state_2000ms_for_200s/fstate_140000000000.txt
  > [SIGNALING] 累計統計: 104 事件, 0 字節
[STATS-DEBUG] 開始生成統計文件... PID=1717091, TID=131768112112704
[DEBUG] output_dynamic_state_dir: gen_data/starlink_550_isls_plus_grid_ground_stations_top_100_with_hsinchu_algorithm_hierarchical_virtual_gid_27deg_k8/dynamic_state_2000ms_for_200s
[DEBUG] k_best: 8
[DEBUG] scenario_info: ''
[DEBUG] temp_dir_name: temp_grhr_k8
  > [SIGNALING] 累計統計: 106 事件, 0 字節
FORWARDING STATE AT T = 142000000000ns (= 142.0 seconds)

BASIC INFORMATION
  > Epoch.................. 2000-01-01 00:00:00.000
  > Time since epoch....... 142000000000 ns
  > Absolute time.......... 2000-01-01 00:02:22.000
  > Satellites............. 1584
  > Ground stations........ 101
  > Max. range GSL......... 1089686.4181956202m
  > Max. range ISL......... 5016591.233098428m

ISL INFORMATION
  > Total ISLs............. 3168
  > Min. ISLs/satellite.... 4
  > Max. ISLs/satellite.... 4

GSL INTERFACE INFORMATION
[DEBUG] temp_dir_name: temp_grhr_k8
  > [SIGNALING] 累計統計: 81 事件, 0 字節
FORWARDING STATE AT T = 182000000000ns (= 182.0 seconds)

BASIC INFORMATION
  > Epoch.................. 2000-01-01 00:00:00.000
  > Time since epoch....... 182000000000 ns
  > Absolute time.......... 2000-01-01 00:03:02.000
  > Satellites............. 1584
  > Ground stations........ 101
  > Max. range GSL......... 1089686.4181956202m
  > Max. range ISL......... 5016591.233098428m

ISL INFORMATION
  > Total ISLs............. 3168
  > Min. ISLs/satellite.... 4
  > Max. ISLs/satellite.... 4

GSL INTERFACE INFORMATION
  > Min. GSL IFs/satellite........ 1
  > Max. GSL IFs/satellite........ 1
  > Min. GSL IFs/ground station... 1
  > Max. GSL IFs/ground_station... 1

GSL IN-RANGE INFORMATION
  > Min. satellites in range... 4
  > Max. satellites in range... 20
[MODE] SP_OVER_PID_QUOTIENT=True
  > Calculating Floyd-Warshall for graph without ground-station relays
  > Writing forwarding state to: gen_data/starlink_550_isls_plus_grid_ground_stations_top_100_with_hsinchu_algorithm_hierarchical_virtual_gid_27deg_k8/dynamic_state_2000ms_for_200s/fstate_182000000000.txt
  > [SIGNALING] 累計統計: 84 事件, 0 字節
[STATS-DEBUG] 開始生成統計文件... PID=1717092, TID=131768112112704
[DEBUG] output_dynamic_state_dir: gen_data/starlink_550_isls_plus_grid_ground_stations_top_100_with_hsinchu_algorithm_hierarchical_virtual_gid_27deg_k8/dynamic_state_2000ms_for_200s
[DEBUG] k_best: 8
[DEBUG] scenario_info: ''
[DEBUG] temp_dir_name: temp_grhr_k8
  > [SIGNALING] 累計統計: 86 事件, 0 字節
FORWARDING STATE AT T = 184000000000ns (= 184.0 seconds)

BASIC INFORMATION
  > Epoch.................. 2000-01-01 00:00:00.000
  > Time since epoch....... 184000000000 ns
  > Absolute time.......... 2000-01-01 00:03:04.000
  > Satellites............. 1584
  > Ground stations........ 101
  > Max. range GSL......... 1089686.4181956202m
  > Max. range ISL......... 5016591.233098428m

ISL INFORMATION
  > Total ISLs............. 3168
  > Min. ISLs/satellite.... 4
  > Max. ISLs/satellite.... 4

GSL INTERFACE INFORMATION
  > Min. GSL IFs/satellite........ 1
  > Max. GSL IFs/satellite........ 1
  > Min. GSL IFs/ground station... 1
  > Max. GSL IFs/ground_station... 1

GSL IN-RANGE INFORMATION
  > Min. satellites in range... 4
  > Max. satellites in range... 20
[MODE] SP_OVER_PID_QUOTIENT=True
  > Calculating Floyd-Warshall for graph without ground-station relays
  > Writing forwarding state to: gen_data/starlink_550_isls_plus_grid_ground_stations_top_100_with_hsinchu_algorithm_hierarchical_virtual_gid_27deg_k8/dynamic_state_2000ms_for_200s/fstate_184000000000.txt
  > [SIGNALING] 累計統計: 89 事件, 0 字節
[STATS-DEBUG] 開始生成統計文件... PID=1717092, TID=131768112112704
[DEBUG] output_dynamic_state_dir: gen_data/starlink_550_isls_plus_grid_ground_stations_top_100_with_hsinchu_algorithm_hierarchical_virtual_gid_27deg_k8/dynamic_state_2000ms_for_200s
[DEBUG] k_best: 8
[DEBUG] scenario_info: ''
[DEBUG] temp_dir_name: temp_grhr_k8
  > [SIGNALING] 累計統計: 91 事件, 0 字節
FORWARDING STATE AT T = 186000000000ns (= 186.0 seconds)

BASIC INFORMATION
  > Epoch.................. 2000-01-01 00:00:00.000
  > Time since epoch....... 186000000000 ns
  > Absolute time.......... 2000-01-01 00:03:06.000
  > Satellites............. 1584
  > Ground stations........ 101
  > Max. range GSL......... 1089686.4181956202m
  > Max. range ISL......... 5016591.233098428m

ISL INFORMATION
  > Total ISLs............. 3168
  > Min. ISLs/satellite.... 4
  > Max. ISLs/satellite.... 4

GSL INTERFACE INFORMATION
  > Min. GSL IFs/satellite........ 1
  > Max. GSL IFs/satellite........ 1
  > Min. GSL IFs/ground station... 1
  > Max. GSL IFs/ground_station... 1

GSL IN-RANGE INFORMATION
  > Min. satellites in range... 4
  > Max. satellites in range... 20
[MODE] SP_OVER_PID_QUOTIENT=True
  > Calculating Floyd-Warshall for graph without ground-station relays
  > Writing forwarding state to: gen_data/starlink_550_isls_plus_grid_ground_stations_top_100_with_hsinchu_algorithm_hierarchical_virtual_gid_27deg_k8/dynamic_state_2000ms_for_200s/fstate_186000000000.txt
  > [SIGNALING] 累計統計: 94 事件, 0 字節
[STATS-DEBUG] 開始生成統計文件... PID=1717092, TID=131768112112704
[DEBUG] output_dynamic_state_dir: gen_data/starlink_550_isls_plus_grid_ground_stations_top_100_with_hsinchu_algorithm_hierarchical_virtual_gid_27deg_k8/dynamic_state_2000ms_for_200s
[DEBUG] k_best: 8
[DEBUG] scenario_info: ''
[DEBUG] temp_dir_name: temp_grhr_k8
  > [SIGNALING] 累計統計: 96 事件, 0 字節
FORWARDING STATE AT T = 188000000000ns (= 188.0 seconds)

BASIC INFORMATION
  > Epoch.................. 2000-01-01 00:00:00.000
  > Time since epoch....... 188000000000 ns
  > Absolute time.......... 2000-01-01 00:03:08.000
  > Satellites............. 1584
  > Ground stations........ 101
  > Max. range GSL......... 1089686.4181956202m
  > Max. range ISL......... 5016591.233098428m

ISL INFORMATION
  > Total ISLs............. 3168
  > Min. ISLs/satellite.... 4
  > Max. ISLs/satellite.... 4

GSL INTERFACE INFORMATION
  > Min. GSL IFs/satellite........ 1
  > Max. GSL IFs/satellite........ 1
  > Min. GSL IFs/ground station... 1
  > Max. GSL IFs/ground_station... 1

GSL IN-RANGE INFORMATION
  > Min. satellites in range... 4
  > Max. satellites in range... 20
[MODE] SP_OVER_PID_QUOTIENT=True
  > Calculating Floyd-Warshall for graph without ground-station relays
  > Writing forwarding state to: gen_data/starlink_550_isls_plus_grid_ground_stations_top_100_with_hsinchu_algorithm_hierarchical_virtual_gid_27deg_k8/dynamic_state_2000ms_for_200s/fstate_188000000000.txt
  > [SIGNALING] 累計統計: 99 事件, 0 字節
[STATS-DEBUG] 開始生成統計文件... PID=1717092, TID=131768112112704
[DEBUG] output_dynamic_state_dir: gen_data/starlink_550_isls_plus_grid_ground_stations_top_100_with_hsinchu_algorithm_hierarchical_virtual_gid_27deg_k8/dynamic_state_2000ms_for_200s
[DEBUG] k_best: 8
[DEBUG] scenario_info: ''
[DEBUG] temp_dir_name: temp_grhr_k8
  > [SIGNALING] 累計統計: 101 事件, 0 字節
FORWARDING STATE AT T = 190000000000ns (= 190.0 seconds)

BASIC INFORMATION
  > Epoch.................. 2000-01-01 00:00:00.000
  > Time since epoch....... 190000000000 ns
  > Absolute time.......... 2000-01-01 00:03:10.000
  > Satellites............. 1584
  > Ground stations........ 101
  > Max. range GSL......... 1089686.4181956202m
  > Max. range ISL......... 5016591.233098428m

ISL INFORMATION
  > Total ISLs............. 3168
  > Min. ISLs/satellite.... 4
  > Max. ISLs/satellite.... 4

GSL INTERFACE INFORMATION
  > Min. GSL IFs/satellite........ 1
  > Max. GSL IFs/satellite........ 1
  > Min. GSL IFs/ground station... 1
  > Max. GSL IFs/ground_station... 1

GSL IN-RANGE INFORMATION
  > Min. satellites in range... 4
  > Max. satellites in range... 20
[MODE] SP_OVER_PID_QUOTIENT=True
  > Calculating Floyd-Warshall for graph without ground-station relays
  > Writing forwarding state to: gen_data/starlink_550_isls_plus_grid_ground_stations_top_100_with_hsinchu_algorithm_hierarchical_virtual_gid_27deg_k8/dynamic_state_2000ms_for_200s/fstate_190000000000.txt
  > [SIGNALING] 累計統計: 104 事件, 0 字節
[STATS-DEBUG] 開始生成統計文件... PID=1717092, TID=131768112112704
[DEBUG] output_dynamic_state_dir: gen_data/starlink_550_isls_plus_grid_ground_stations_top_100_with_hsinchu_algorithm_hierarchical_virtual_gid_27deg_k8/dynamic_state_2000ms_for_200s
[DEBUG] k_best: 8
[DEBUG] scenario_info: ''
[DEBUG] temp_dir_name: temp_grhr_k8
  > [SIGNALING] 累計統計: 106 事件, 0 字節
FORWARDING STATE AT T = 192000000000ns (= 192.0 seconds)

BASIC INFORMATION
  > Epoch.................. 2000-01-01 00:00:00.000
  > Time since epoch....... 192000000000 ns
  > Absolute time.......... 2000-01-01 00:03:12.000
  > Satellites............. 1584
  > Ground stations........ 101
  > Max. range GSL......... 1089686.4181956202m
  > Max. range ISL......... 5016591.233098428m

ISL INFORMATION
  > Total ISLs............. 3168
  > Min. ISLs/satellite.... 4
  > Max. ISLs/satellite.... 4

GSL INTERFACE INFORMATION
FORWARDING STATE AT T = 32000000000ns (= 32.0 seconds)

BASIC INFORMATION
  > Epoch.................. 2000-01-01 00:00:00.000
  > Time since epoch....... 32000000000 ns
  > Absolute time.......... 2000-01-01 00:00:32.000
  > Satellites............. 1584
  > Ground stations........ 101
  > Max. range GSL......... 1089686.4181956202m
  > Max. range ISL......... 5016591.233098428m

ISL INFORMATION
  > Total ISLs............. 3168
  > Min. ISLs/satellite.... 4
  > Max. ISLs/satellite.... 4

GSL INTERFACE INFORMATION
  > Min. GSL IFs/satellite........ 1
  > Max. GSL IFs/satellite........ 1
  > Min. GSL IFs/ground station... 1
  > Max. GSL IFs/ground_station... 1

GSL IN-RANGE INFORMATION
  > Min. satellites in range... 4
  > Max. satellites in range... 19
[MODE] SP_OVER_PID_QUOTIENT=True
  > Calculating Floyd-Warshall for graph without ground-station relays
  > Writing forwarding state to: gen_data/starlink_550_isls_plus_grid_ground_stations_top_100_with_hsinchu_algorithm_hierarchical_virtual_gid_27deg_k8/dynamic_state_2000ms_for_200s/fstate_32000000000.txt
  > [SIGNALING] 累計統計: 84 事件, 0 字節
[STATS-DEBUG] 開始生成統計文件... PID=1717089, TID=131768112112704
[DEBUG] output_dynamic_state_dir: gen_data/starlink_550_isls_plus_grid_ground_stations_top_100_with_hsinchu_algorithm_hierarchical_virtual_gid_27deg_k8/dynamic_state_2000ms_for_200s
[DEBUG] k_best: 8
[DEBUG] scenario_info: ''
[DEBUG] temp_dir_name: temp_grhr_k8
  > [SIGNALING] 累計統計: 86 事件, 0 字節
FORWARDING STATE AT T = 34000000000ns (= 34.0 seconds)

BASIC INFORMATION
  > Epoch.................. 2000-01-01 00:00:00.000
  > Time since epoch....... 34000000000 ns
  > Absolute time.......... 2000-01-01 00:00:34.000
  > Satellites............. 1584
  > Ground stations........ 101
  > Max. range GSL......... 1089686.4181956202m
  > Max. range ISL......... 5016591.233098428m

ISL INFORMATION
  > Total ISLs............. 3168
  > Min. ISLs/satellite.... 4
  > Max. ISLs/satellite.... 4

GSL INTERFACE INFORMATION
  > Min. GSL IFs/satellite........ 1
  > Max. GSL IFs/satellite........ 1
  > Min. GSL IFs/ground station... 1
  > Max. GSL IFs/ground_station... 1

GSL IN-RANGE INFORMATION
  > Min. satellites in range... 4
  > Max. satellites in range... 19
[MODE] SP_OVER_PID_QUOTIENT=True
  > Calculating Floyd-Warshall for graph without ground-station relays
  > Writing forwarding state to: gen_data/starlink_550_isls_plus_grid_ground_stations_top_100_with_hsinchu_algorithm_hierarchical_virtual_gid_27deg_k8/dynamic_state_2000ms_for_200s/fstate_34000000000.txt
  > [SIGNALING] 累計統計: 89 事件, 0 字節
[STATS-DEBUG] 開始生成統計文件... PID=1717089, TID=131768112112704
[DEBUG] output_dynamic_state_dir: gen_data/starlink_550_isls_plus_grid_ground_stations_top_100_with_hsinchu_algorithm_hierarchical_virtual_gid_27deg_k8/dynamic_state_2000ms_for_200s
[DEBUG] k_best: 8
[DEBUG] scenario_info: ''
[DEBUG] temp_dir_name: temp_grhr_k8
  > [SIGNALING] 累計統計: 91 事件, 0 字節
FORWARDING STATE AT T = 36000000000ns (= 36.0 seconds)

BASIC INFORMATION
  > Epoch.................. 2000-01-01 00:00:00.000
  > Time since epoch....... 36000000000 ns
  > Absolute time.......... 2000-01-01 00:00:36.000
  > Satellites............. 1584
  > Ground stations........ 101
  > Max. range GSL......... 1089686.4181956202m
  > Max. range ISL......... 5016591.233098428m

ISL INFORMATION
  > Total ISLs............. 3168
  > Min. ISLs/satellite.... 4
  > Max. ISLs/satellite.... 4

GSL INTERFACE INFORMATION
  > Min. GSL IFs/satellite........ 1
  > Max. GSL IFs/satellite........ 1
  > Min. GSL IFs/ground station... 1
  > Max. GSL IFs/ground_station... 1

GSL IN-RANGE INFORMATION
  > Min. satellites in range... 4
  > Max. satellites in range... 19
[MODE] SP_OVER_PID_QUOTIENT=True
  > Calculating Floyd-Warshall for graph without ground-station relays
  > Writing forwarding state to: gen_data/starlink_550_isls_plus_grid_ground_stations_top_100_with_hsinchu_algorithm_hierarchical_virtual_gid_27deg_k8/dynamic_state_2000ms_for_200s/fstate_36000000000.txt
  > [SIGNALING] 累計統計: 94 事件, 0 字節
[STATS-DEBUG] 開始生成統計文件... PID=1717089, TID=131768112112704
[DEBUG] output_dynamic_state_dir: gen_data/starlink_550_isls_plus_grid_ground_stations_top_100_with_hsinchu_algorithm_hierarchical_virtual_gid_27deg_k8/dynamic_state_2000ms_for_200s
[DEBUG] k_best: 8
[DEBUG] scenario_info: ''
[DEBUG] temp_dir_name: temp_grhr_k8
  > [SIGNALING] 累計統計: 96 事件, 0 字節
FORWARDING STATE AT T = 38000000000ns (= 38.0 seconds)

BASIC INFORMATION
  > Epoch.................. 2000-01-01 00:00:00.000
  > Time since epoch....... 38000000000 ns
  > Absolute time.......... 2000-01-01 00:00:38.000
  > Satellites............. 1584
  > Ground stations........ 101
  > Max. range GSL......... 1089686.4181956202m
  > Max. range ISL......... 5016591.233098428m

ISL INFORMATION
  > Total ISLs............. 3168
  > Min. ISLs/satellite.... 4
  > Max. ISLs/satellite.... 4

GSL INTERFACE INFORMATION
  > Min. GSL IFs/satellite........ 1
  > Max. GSL IFs/satellite........ 1
  > Min. GSL IFs/ground station... 1
  > Max. GSL IFs/ground_station... 1

GSL IN-RANGE INFORMATION
  > Min. satellites in range... 3
  > Max. satellites in range... 19
[MODE] SP_OVER_PID_QUOTIENT=True
  > Calculating Floyd-Warshall for graph without ground-station relays
  > Writing forwarding state to: gen_data/starlink_550_isls_plus_grid_ground_stations_top_100_with_hsinchu_algorithm_hierarchical_virtual_gid_27deg_k8/dynamic_state_2000ms_for_200s/fstate_38000000000.txt
  > [SIGNALING] 累計統計: 99 事件, 0 字節
[STATS-DEBUG] 開始生成統計文件... PID=1717089, TID=131768112112704
[DEBUG] output_dynamic_state_dir: gen_data/starlink_550_isls_plus_grid_ground_stations_top_100_with_hsinchu_algorithm_hierarchical_virtual_gid_27deg_k8/dynamic_state_2000ms_for_200s
[DEBUG] k_best: 8
[DEBUG] scenario_info: ''
[DEBUG] temp_dir_name: temp_grhr_k8
  > [SIGNALING] 累計統計: 101 事件, 0 字節
FORWARDING STATE AT T = 40000000000ns (= 40.0 seconds)

BASIC INFORMATION
  > Epoch.................. 2000-01-01 00:00:00.000
  > Time since epoch....... 40000000000 ns
  > Absolute time.......... 2000-01-01 00:00:40.000
  > Satellites............. 1584
  > Ground stations........ 101
  > Max. range GSL......... 1089686.4181956202m
  > Max. range ISL......... 5016591.233098428m

ISL INFORMATION
  > Total ISLs............. 3168
  > Min. ISLs/satellite.... 4
  > Max. ISLs/satellite.... 4

GSL INTERFACE INFORMATION
  > Min. GSL IFs/satellite........ 1
  > Max. GSL IFs/satellite........ 1
  > Min. GSL IFs/ground station... 1
  > Max. GSL IFs/ground_station... 1

GSL IN-RANGE INFORMATION
  > Min. satellites in range... 3
  > Max. satellites in range... 19
[MODE] SP_OVER_PID_QUOTIENT=True
  > Calculating Floyd-Warshall for graph without ground-station relays
  > Writing forwarding state to: gen_data/starlink_550_isls_plus_grid_ground_stations_top_100_with_hsinchu_algorithm_hierarchical_virtual_gid_27deg_k8/dynamic_state_2000ms_for_200s/fstate_40000000000.txt
  > [SIGNALING] 累計統計: 104 事件, 0 字節
[STATS-DEBUG] 開始生成統計文件... PID=1717089, TID=131768112112704
[DEBUG] output_dynamic_state_dir: gen_data/starlink_550_isls_plus_grid_ground_stations_top_100_with_hsinchu_algorithm_hierarchical_virtual_gid_27deg_k8/dynamic_state_2000ms_for_200s
[DEBUG] k_best: 8
[DEBUG] scenario_info: ''
[DEBUG] temp_dir_name: temp_grhr_k8
  > [SIGNALING] 累計統計: 106 事件, 0 字節
FORWARDING STATE AT T = 42000000000ns (= 42.0 seconds)

BASIC INFORMATION
  > Epoch.................. 2000-01-01 00:00:00.000
  > Time since epoch....... 42000000000 ns
  > Absolute time.......... 2000-01-01 00:00:42.000
  > Satellites............. 1584
  > Ground stations........ 101
  > Max. range GSL......... 1089686.4181956202m
  > Max. range ISL......... 5016591.233098428m

ISL INFORMATION
  > Total ISLs............. 3168
  > Min. ISLs/satellite.... 4
  > Max. ISLs/satellite.... 4

GSL INTERFACE INFORMATION
  > Min. GSL IFs/satellite........ 1
  > Max. GSL IFs/satellite........ 1
  > Min. GSL IFs/ground station... 1
FORWARDING STATE AT T = 82000000000ns (= 82.0 seconds)

BASIC INFORMATION
  > Epoch.................. 2000-01-01 00:00:00.000
  > Time since epoch....... 82000000000 ns
  > Absolute time.......... 2000-01-01 00:01:22.000
  > Satellites............. 1584
  > Ground stations........ 101
  > Max. range GSL......... 1089686.4181956202m
  > Max. range ISL......... 5016591.233098428m

ISL INFORMATION
  > Total ISLs............. 3168
  > Min. ISLs/satellite.... 4
  > Max. ISLs/satellite.... 4

GSL INTERFACE INFORMATION
  > Min. GSL IFs/satellite........ 1
  > Max. GSL IFs/satellite........ 1
  > Min. GSL IFs/ground station... 1
  > Max. GSL IFs/ground_station... 1

GSL IN-RANGE INFORMATION
  > Min. satellites in range... 4
  > Max. satellites in range... 18
[MODE] SP_OVER_PID_QUOTIENT=True
  > Calculating Floyd-Warshall for graph without ground-station relays
  > Writing forwarding state to: gen_data/starlink_550_isls_plus_grid_ground_stations_top_100_with_hsinchu_algorithm_hierarchical_virtual_gid_27deg_k8/dynamic_state_2000ms_for_200s/fstate_82000000000.txt
  > [SIGNALING] 累計統計: 84 事件, 0 字節
[STATS-DEBUG] 開始生成統計文件... PID=1717090, TID=131768112112704
[DEBUG] output_dynamic_state_dir: gen_data/starlink_550_isls_plus_grid_ground_stations_top_100_with_hsinchu_algorithm_hierarchical_virtual_gid_27deg_k8/dynamic_state_2000ms_for_200s
[DEBUG] k_best: 8
[DEBUG] scenario_info: ''
[DEBUG] temp_dir_name: temp_grhr_k8
  > [SIGNALING] 累計統計: 86 事件, 0 字節
FORWARDING STATE AT T = 84000000000ns (= 84.0 seconds)

BASIC INFORMATION
  > Epoch.................. 2000-01-01 00:00:00.000
  > Time since epoch....... 84000000000 ns
  > Absolute time.......... 2000-01-01 00:01:24.000
  > Satellites............. 1584
  > Ground stations........ 101
  > Max. range GSL......... 1089686.4181956202m
  > Max. range ISL......... 5016591.233098428m

ISL INFORMATION
  > Total ISLs............. 3168
  > Min. ISLs/satellite.... 4
  > Max. ISLs/satellite.... 4

GSL INTERFACE INFORMATION
  > Min. GSL IFs/satellite........ 1
  > Max. GSL IFs/satellite........ 1
  > Min. GSL IFs/ground station... 1
  > Max. GSL IFs/ground_station... 1

GSL IN-RANGE INFORMATION
  > Min. satellites in range... 4
  > Max. satellites in range... 18
[MODE] SP_OVER_PID_QUOTIENT=True
  > Calculating Floyd-Warshall for graph without ground-station relays
  > Writing forwarding state to: gen_data/starlink_550_isls_plus_grid_ground_stations_top_100_with_hsinchu_algorithm_hierarchical_virtual_gid_27deg_k8/dynamic_state_2000ms_for_200s/fstate_84000000000.txt
  > [SIGNALING] 累計統計: 89 事件, 0 字節
[STATS-DEBUG] 開始生成統計文件... PID=1717090, TID=131768112112704
[DEBUG] output_dynamic_state_dir: gen_data/starlink_550_isls_plus_grid_ground_stations_top_100_with_hsinchu_algorithm_hierarchical_virtual_gid_27deg_k8/dynamic_state_2000ms_for_200s
[DEBUG] k_best: 8
[DEBUG] scenario_info: ''
[DEBUG] temp_dir_name: temp_grhr_k8
  > [SIGNALING] 累計統計: 91 事件, 0 字節
FORWARDING STATE AT T = 86000000000ns (= 86.0 seconds)

BASIC INFORMATION
  > Epoch.................. 2000-01-01 00:00:00.000
  > Time since epoch....... 86000000000 ns
  > Absolute time.......... 2000-01-01 00:01:26.000
  > Satellites............. 1584
  > Ground stations........ 101
  > Max. range GSL......... 1089686.4181956202m
  > Max. range ISL......... 5016591.233098428m

ISL INFORMATION
  > Total ISLs............. 3168
  > Min. ISLs/satellite.... 4
  > Max. ISLs/satellite.... 4

GSL INTERFACE INFORMATION
  > Min. GSL IFs/satellite........ 1
  > Max. GSL IFs/satellite........ 1
  > Min. GSL IFs/ground station... 1
  > Max. GSL IFs/ground_station... 1

GSL IN-RANGE INFORMATION
  > Min. satellites in range... 4
  > Max. satellites in range... 19
[MODE] SP_OVER_PID_QUOTIENT=True
  > Calculating Floyd-Warshall for graph without ground-station relays
  > Writing forwarding state to: gen_data/starlink_550_isls_plus_grid_ground_stations_top_100_with_hsinchu_algorithm_hierarchical_virtual_gid_27deg_k8/dynamic_state_2000ms_for_200s/fstate_86000000000.txt
  > [SIGNALING] 累計統計: 94 事件, 0 字節
[STATS-DEBUG] 開始生成統計文件... PID=1717090, TID=131768112112704
[DEBUG] output_dynamic_state_dir: gen_data/starlink_550_isls_plus_grid_ground_stations_top_100_with_hsinchu_algorithm_hierarchical_virtual_gid_27deg_k8/dynamic_state_2000ms_for_200s
[DEBUG] k_best: 8
[DEBUG] scenario_info: ''
[DEBUG] temp_dir_name: temp_grhr_k8
  > [SIGNALING] 累計統計: 96 事件, 0 字節
FORWARDING STATE AT T = 88000000000ns (= 88.0 seconds)

BASIC INFORMATION
  > Epoch.................. 2000-01-01 00:00:00.000
  > Time since epoch....... 88000000000 ns
  > Absolute time.......... 2000-01-01 00:01:28.000
  > Satellites............. 1584
  > Ground stations........ 101
  > Max. range GSL......... 1089686.4181956202m
  > Max. range ISL......... 5016591.233098428m

ISL INFORMATION
  > Total ISLs............. 3168
  > Min. ISLs/satellite.... 4
  > Max. ISLs/satellite.... 4

GSL INTERFACE INFORMATION
  > Min. GSL IFs/satellite........ 1
  > Max. GSL IFs/satellite........ 1
  > Min. GSL IFs/ground station... 1
  > Max. GSL IFs/ground_station... 1

GSL IN-RANGE INFORMATION
  > Min. satellites in range... 4
  > Max. satellites in range... 20
[MODE] SP_OVER_PID_QUOTIENT=True
  > Calculating Floyd-Warshall for graph without ground-station relays
  > Writing forwarding state to: gen_data/starlink_550_isls_plus_grid_ground_stations_top_100_with_hsinchu_algorithm_hierarchical_virtual_gid_27deg_k8/dynamic_state_2000ms_for_200s/fstate_88000000000.txt
  > [SIGNALING] 累計統計: 99 事件, 0 字節
[STATS-DEBUG] 開始生成統計文件... PID=1717090, TID=131768112112704
[DEBUG] output_dynamic_state_dir: gen_data/starlink_550_isls_plus_grid_ground_stations_top_100_with_hsinchu_algorithm_hierarchical_virtual_gid_27deg_k8/dynamic_state_2000ms_for_200s
[DEBUG] k_best: 8
[DEBUG] scenario_info: ''
[DEBUG] temp_dir_name: temp_grhr_k8
  > [SIGNALING] 累計統計: 101 事件, 0 字節
FORWARDING STATE AT T = 90000000000ns (= 90.0 seconds)

BASIC INFORMATION
  > Epoch.................. 2000-01-01 00:00:00.000
  > Time since epoch....... 90000000000 ns
  > Absolute time.......... 2000-01-01 00:01:30.000
  > Satellites............. 1584
  > Ground stations........ 101
  > Max. range GSL......... 1089686.4181956202m
  > Max. range ISL......... 5016591.233098428m

ISL INFORMATION
  > Total ISLs............. 3168
  > Min. ISLs/satellite.... 4
  > Max. ISLs/satellite.... 4

GSL INTERFACE INFORMATION
  > Min. GSL IFs/satellite........ 1
  > Max. GSL IFs/satellite........ 1
  > Min. GSL IFs/ground station... 1
  > Max. GSL IFs/ground_station... 1

GSL IN-RANGE INFORMATION
  > Min. satellites in range... 4
  > Max. satellites in range... 19
[MODE] SP_OVER_PID_QUOTIENT=True
  > Calculating Floyd-Warshall for graph without ground-station relays
  > Writing forwarding state to: gen_data/starlink_550_isls_plus_grid_ground_stations_top_100_with_hsinchu_algorithm_hierarchical_virtual_gid_27deg_k8/dynamic_state_2000ms_for_200s/fstate_90000000000.txt
  > [SIGNALING] 累計統計: 104 事件, 0 字節
[STATS-DEBUG] 開始生成統計文件... PID=1717090, TID=131768112112704
[DEBUG] output_dynamic_state_dir: gen_data/starlink_550_isls_plus_grid_ground_stations_top_100_with_hsinchu_algorithm_hierarchical_virtual_gid_27deg_k8/dynamic_state_2000ms_for_200s
[DEBUG] k_best: 8
[DEBUG] scenario_info: ''
[DEBUG] temp_dir_name: temp_grhr_k8
  > [SIGNALING] 累計統計: 106 事件, 0 字節
FORWARDING STATE AT T = 92000000000ns (= 92.0 seconds)

BASIC INFORMATION
  > Epoch.................. 2000-01-01 00:00:00.000
  > Time since epoch....... 92000000000 ns
  > Absolute time.......... 2000-01-01 00:01:32.000
  > Satellites............. 1584
  > Ground stations........ 101
  > Max. range GSL......... 1089686.4181956202m
  > Max. range ISL......... 5016591.233098428m

ISL INFORMATION
  > Total ISLs............. 3168
  > Min. ISLs/satellite.... 4
  > Max. ISLs/satellite.... 4

GSL INTERFACE INFORMATION
  > Min. GSL IFs/satellite........ 1
  > Max. GSL IFs/satellite........ 1
  > Min. GSL IFs/ground station... 1
  > Min. GSL IFs/satellite........ 1
  > Max. GSL IFs/satellite........ 1
  > Min. GSL IFs/ground station... 1
  > Max. GSL IFs/ground_station... 1

GSL IN-RANGE INFORMATION
  > Min. satellites in range... 4
  > Max. satellites in range... 20
[MODE] SP_OVER_PID_QUOTIENT=True
  > Calculating Floyd-Warshall for graph without ground-station relays
  > Writing forwarding state to: gen_data/starlink_550_isls_plus_grid_ground_stations_top_100_with_hsinchu_algorithm_hierarchical_virtual_gid_27deg_k8/dynamic_state_2000ms_for_200s/fstate_192000000000.txt
  > [SIGNALING] 累計統計: 109 事件, 0 字節
[STATS-DEBUG] 開始生成統計文件... PID=1717092, TID=131768112112704
[DEBUG] output_dynamic_state_dir: gen_data/starlink_550_isls_plus_grid_ground_stations_top_100_with_hsinchu_algorithm_hierarchical_virtual_gid_27deg_k8/dynamic_state_2000ms_for_200s
[DEBUG] k_best: 8
[DEBUG] scenario_info: ''
[DEBUG] temp_dir_name: temp_grhr_k8
  > [SIGNALING] 累計統計: 111 事件, 0 字節
FORWARDING STATE AT T = 194000000000ns (= 194.0 seconds)

BASIC INFORMATION
  > Epoch.................. 2000-01-01 00:00:00.000
  > Time since epoch....... 194000000000 ns
  > Absolute time.......... 2000-01-01 00:03:14.000
  > Satellites............. 1584
  > Ground stations........ 101
  > Max. range GSL......... 1089686.4181956202m
  > Max. range ISL......... 5016591.233098428m

ISL INFORMATION
  > Total ISLs............. 3168
  > Min. ISLs/satellite.... 4
  > Max. ISLs/satellite.... 4

GSL INTERFACE INFORMATION
  > Min. GSL IFs/satellite........ 1
  > Max. GSL IFs/satellite........ 1
  > Min. GSL IFs/ground station... 1
  > Max. GSL IFs/ground_station... 1

GSL IN-RANGE INFORMATION
  > Min. satellites in range... 4
  > Max. satellites in range... 20
[MODE] SP_OVER_PID_QUOTIENT=True
  > Calculating Floyd-Warshall for graph without ground-station relays
  > Writing forwarding state to: gen_data/starlink_550_isls_plus_grid_ground_stations_top_100_with_hsinchu_algorithm_hierarchical_virtual_gid_27deg_k8/dynamic_state_2000ms_for_200s/fstate_194000000000.txt
  > [SIGNALING] 累計統計: 114 事件, 0 字節
[STATS-DEBUG] 開始生成統計文件... PID=1717092, TID=131768112112704
[DEBUG] output_dynamic_state_dir: gen_data/starlink_550_isls_plus_grid_ground_stations_top_100_with_hsinchu_algorithm_hierarchical_virtual_gid_27deg_k8/dynamic_state_2000ms_for_200s
[DEBUG] k_best: 8
[DEBUG] scenario_info: ''
[DEBUG] temp_dir_name: temp_grhr_k8
  > [SIGNALING] 累計統計: 116 事件, 0 字節
FORWARDING STATE AT T = 196000000000ns (= 196.0 seconds)

BASIC INFORMATION
  > Epoch.................. 2000-01-01 00:00:00.000
  > Time since epoch....... 196000000000 ns
  > Absolute time.......... 2000-01-01 00:03:16.000
  > Satellites............. 1584
  > Ground stations........ 101
  > Max. range GSL......... 1089686.4181956202m
  > Max. range ISL......... 5016591.233098428m

ISL INFORMATION
  > Total ISLs............. 3168
  > Min. ISLs/satellite.... 4
  > Max. ISLs/satellite.... 4

GSL INTERFACE INFORMATION
  > Min. GSL IFs/satellite........ 1
  > Max. GSL IFs/satellite........ 1
  > Min. GSL IFs/ground station... 1
  > Max. GSL IFs/ground_station... 1

GSL IN-RANGE INFORMATION
  > Min. satellites in range... 4
  > Max. satellites in range... 20
[MODE] SP_OVER_PID_QUOTIENT=True
  > Calculating Floyd-Warshall for graph without ground-station relays
  > Writing forwarding state to: gen_data/starlink_550_isls_plus_grid_ground_stations_top_100_with_hsinchu_algorithm_hierarchical_virtual_gid_27deg_k8/dynamic_state_2000ms_for_200s/fstate_196000000000.txt
  > [SIGNALING] 累計統計: 119 事件, 0 字節
[STATS-DEBUG] 開始生成統計文件... PID=1717092, TID=131768112112704
[DEBUG] output_dynamic_state_dir: gen_data/starlink_550_isls_plus_grid_ground_stations_top_100_with_hsinchu_algorithm_hierarchical_virtual_gid_27deg_k8/dynamic_state_2000ms_for_200s
[DEBUG] k_best: 8
[DEBUG] scenario_info: ''
[DEBUG] temp_dir_name: temp_grhr_k8
  > [SIGNALING] 累計統計: 121 事件, 0 字節
FORWARDING STATE AT T = 198000000000ns (= 198.0 seconds)

BASIC INFORMATION
  > Epoch.................. 2000-01-01 00:00:00.000
  > Time since epoch....... 198000000000 ns
  > Absolute time.......... 2000-01-01 00:03:18.000
  > Satellites............. 1584
  > Ground stations........ 101
  > Max. range GSL......... 1089686.4181956202m
  > Max. range ISL......... 5016591.233098428m

ISL INFORMATION
  > Total ISLs............. 3168
  > Min. ISLs/satellite.... 4
  > Max. ISLs/satellite.... 4

GSL INTERFACE INFORMATION
  > Min. GSL IFs/satellite........ 1
  > Max. GSL IFs/satellite........ 1
  > Min. GSL IFs/ground station... 1
  > Max. GSL IFs/ground_station... 1

GSL IN-RANGE INFORMATION
  > Min. satellites in range... 4
  > Max. satellites in range... 20
[MODE] SP_OVER_PID_QUOTIENT=True
  > Calculating Floyd-Warshall for graph without ground-station relays
  > Writing forwarding state to: gen_data/starlink_550_isls_plus_grid_ground_stations_top_100_with_hsinchu_algorithm_hierarchical_virtual_gid_27deg_k8/dynamic_state_2000ms_for_200s/fstate_198000000000.txt
  > [SIGNALING] 累計統計: 124 事件, 0 字節
[STATS-DEBUG] 開始生成統計文件... PID=1717092, TID=131768112112704
[DEBUG] output_dynamic_state_dir: gen_data/starlink_550_isls_plus_grid_ground_stations_top_100_with_hsinchu_algorithm_hierarchical_virtual_gid_27deg_k8/dynamic_state_2000ms_for_200s
[DEBUG] k_best: 8
[DEBUG] scenario_info: ''
[DEBUG] temp_dir_name: temp_grhr_k8
  > [SIGNALING] 累計統計: 126 事件, 0 字節
  > Min. GSL IFs/satellite........ 1
  > Max. GSL IFs/satellite........ 1
  > Min. GSL IFs/ground station... 1
  > Max. GSL IFs/ground_station... 1

GSL IN-RANGE INFORMATION
  > Min. satellites in range... 3
  > Max. satellites in range... 20
[MODE] SP_OVER_PID_QUOTIENT=True
  > Calculating Floyd-Warshall for graph without ground-station relays
  > Writing forwarding state to: gen_data/starlink_550_isls_plus_grid_ground_stations_top_100_with_hsinchu_algorithm_hierarchical_virtual_gid_27deg_k8/dynamic_state_2000ms_for_200s/fstate_142000000000.txt
  > [SIGNALING] 累計統計: 109 事件, 0 字節
[STATS-DEBUG] 開始生成統計文件... PID=1717091, TID=131768112112704
[DEBUG] output_dynamic_state_dir: gen_data/starlink_550_isls_plus_grid_ground_stations_top_100_with_hsinchu_algorithm_hierarchical_virtual_gid_27deg_k8/dynamic_state_2000ms_for_200s
[DEBUG] k_best: 8
[DEBUG] scenario_info: ''
[DEBUG] temp_dir_name: temp_grhr_k8
  > [SIGNALING] 累計統計: 111 事件, 0 字節
FORWARDING STATE AT T = 144000000000ns (= 144.0 seconds)

BASIC INFORMATION
  > Epoch.................. 2000-01-01 00:00:00.000
  > Time since epoch....... 144000000000 ns
  > Absolute time.......... 2000-01-01 00:02:24.000
  > Satellites............. 1584
  > Ground stations........ 101
  > Max. range GSL......... 1089686.4181956202m
  > Max. range ISL......... 5016591.233098428m

ISL INFORMATION
  > Total ISLs............. 3168
  > Min. ISLs/satellite.... 4
  > Max. ISLs/satellite.... 4

GSL INTERFACE INFORMATION
  > Min. GSL IFs/satellite........ 1
  > Max. GSL IFs/satellite........ 1
  > Min. GSL IFs/ground station... 1
  > Max. GSL IFs/ground_station... 1

GSL IN-RANGE INFORMATION
  > Min. satellites in range... 3
  > Max. satellites in range... 21
[MODE] SP_OVER_PID_QUOTIENT=True
  > Calculating Floyd-Warshall for graph without ground-station relays
  > Writing forwarding state to: gen_data/starlink_550_isls_plus_grid_ground_stations_top_100_with_hsinchu_algorithm_hierarchical_virtual_gid_27deg_k8/dynamic_state_2000ms_for_200s/fstate_144000000000.txt
  > [SIGNALING] 累計統計: 114 事件, 0 字節
[STATS-DEBUG] 開始生成統計文件... PID=1717091, TID=131768112112704
[DEBUG] output_dynamic_state_dir: gen_data/starlink_550_isls_plus_grid_ground_stations_top_100_with_hsinchu_algorithm_hierarchical_virtual_gid_27deg_k8/dynamic_state_2000ms_for_200s
[DEBUG] k_best: 8
[DEBUG] scenario_info: ''
[DEBUG] temp_dir_name: temp_grhr_k8
  > [SIGNALING] 累計統計: 116 事件, 0 字節
FORWARDING STATE AT T = 146000000000ns (= 146.0 seconds)

BASIC INFORMATION
  > Epoch.................. 2000-01-01 00:00:00.000
  > Time since epoch....... 146000000000 ns
  > Absolute time.......... 2000-01-01 00:02:26.000
  > Satellites............. 1584
  > Ground stations........ 101
  > Max. range GSL......... 1089686.4181956202m
  > Max. range ISL......... 5016591.233098428m

ISL INFORMATION
  > Total ISLs............. 3168
  > Min. ISLs/satellite.... 4
  > Max. ISLs/satellite.... 4

GSL INTERFACE INFORMATION
  > Min. GSL IFs/satellite........ 1
  > Max. GSL IFs/satellite........ 1
  > Min. GSL IFs/ground station... 1
  > Max. GSL IFs/ground_station... 1

GSL IN-RANGE INFORMATION
  > Min. satellites in range... 3
  > Max. satellites in range... 20
[MODE] SP_OVER_PID_QUOTIENT=True
  > Calculating Floyd-Warshall for graph without ground-station relays
  > Writing forwarding state to: gen_data/starlink_550_isls_plus_grid_ground_stations_top_100_with_hsinchu_algorithm_hierarchical_virtual_gid_27deg_k8/dynamic_state_2000ms_for_200s/fstate_146000000000.txt
  > [SIGNALING] 累計統計: 119 事件, 0 字節
[STATS-DEBUG] 開始生成統計文件... PID=1717091, TID=131768112112704
[DEBUG] output_dynamic_state_dir: gen_data/starlink_550_isls_plus_grid_ground_stations_top_100_with_hsinchu_algorithm_hierarchical_virtual_gid_27deg_k8/dynamic_state_2000ms_for_200s
[DEBUG] k_best: 8
[DEBUG] scenario_info: ''
[DEBUG] temp_dir_name: temp_grhr_k8
  > [SIGNALING] 累計統計: 121 事件, 0 字節
FORWARDING STATE AT T = 148000000000ns (= 148.0 seconds)

BASIC INFORMATION
  > Epoch.................. 2000-01-01 00:00:00.000
  > Time since epoch....... 148000000000 ns
  > Absolute time.......... 2000-01-01 00:02:28.000
  > Satellites............. 1584
  > Ground stations........ 101
  > Max. range GSL......... 1089686.4181956202m
  > Max. range ISL......... 5016591.233098428m

ISL INFORMATION
  > Total ISLs............. 3168
  > Min. ISLs/satellite.... 4
  > Max. ISLs/satellite.... 4

GSL INTERFACE INFORMATION
  > Min. GSL IFs/satellite........ 1
  > Max. GSL IFs/satellite........ 1
  > Min. GSL IFs/ground station... 1
  > Max. GSL IFs/ground_station... 1

GSL IN-RANGE INFORMATION
  > Min. satellites in range... 3
  > Max. satellites in range... 21
[MODE] SP_OVER_PID_QUOTIENT=True
  > Calculating Floyd-Warshall for graph without ground-station relays
  > Writing forwarding state to: gen_data/starlink_550_isls_plus_grid_ground_stations_top_100_with_hsinchu_algorithm_hierarchical_virtual_gid_27deg_k8/dynamic_state_2000ms_for_200s/fstate_148000000000.txt
  > [SIGNALING] 累計統計: 124 事件, 0 字節
[STATS-DEBUG] 開始生成統計文件... PID=1717091, TID=131768112112704
[DEBUG] output_dynamic_state_dir: gen_data/starlink_550_isls_plus_grid_ground_stations_top_100_with_hsinchu_algorithm_hierarchical_virtual_gid_27deg_k8/dynamic_state_2000ms_for_200s
[DEBUG] k_best: 8
[DEBUG] scenario_info: ''
[DEBUG] temp_dir_name: temp_grhr_k8
  > [SIGNALING] 累計統計: 126 事件, 0 字節
FORWARDING STATE AT T = 150000000000ns (= 150.0 seconds)

BASIC INFORMATION
  > Epoch.................. 2000-01-01 00:00:00.000
  > Time since epoch....... 150000000000 ns
  > Absolute time.......... 2000-01-01 00:02:30.000
  > Satellites............. 1584
  > Ground stations........ 101
  > Max. range GSL......... 1089686.4181956202m
  > Max. range ISL......... 5016591.233098428m

ISL INFORMATION
  > Total ISLs............. 3168
  > Min. ISLs/satellite.... 4
  > Max. ISLs/satellite.... 4

GSL INTERFACE INFORMATION
  > Min. GSL IFs/satellite........ 1
  > Max. GSL IFs/satellite........ 1
  > Min. GSL IFs/ground station... 1
  > Max. GSL IFs/ground_station... 1

GSL IN-RANGE INFORMATION
  > Min. satellites in range... 3
  > Max. satellites in range... 21
[MODE] SP_OVER_PID_QUOTIENT=True
  > Calculating Floyd-Warshall for graph without ground-station relays
  > Writing forwarding state to: gen_data/starlink_550_isls_plus_grid_ground_stations_top_100_with_hsinchu_algorithm_hierarchical_virtual_gid_27deg_k8/dynamic_state_2000ms_for_200s/fstate_150000000000.txt
  > [SIGNALING] 累計統計: 129 事件, 0 字節
[STATS-DEBUG] 開始生成統計文件... PID=1717091, TID=131768112112704
[DEBUG] output_dynamic_state_dir: gen_data/starlink_550_isls_plus_grid_ground_stations_top_100_with_hsinchu_algorithm_hierarchical_virtual_gid_27deg_k8/dynamic_state_2000ms_for_200s
[DEBUG] k_best: 8
[DEBUG] scenario_info: ''
[DEBUG] temp_dir_name: temp_grhr_k8
  > [SIGNALING] 累計統計: 131 事件, 0 字節
  > Max. GSL IFs/ground_station... 1

GSL IN-RANGE INFORMATION
  > Min. satellites in range... 3
  > Max. satellites in range... 19
[MODE] SP_OVER_PID_QUOTIENT=True
  > Calculating Floyd-Warshall for graph without ground-station relays
  > Writing forwarding state to: gen_data/starlink_550_isls_plus_grid_ground_stations_top_100_with_hsinchu_algorithm_hierarchical_virtual_gid_27deg_k8/dynamic_state_2000ms_for_200s/fstate_42000000000.txt
  > [SIGNALING] 累計統計: 109 事件, 0 字節
[STATS-DEBUG] 開始生成統計文件... PID=1717089, TID=131768112112704
[DEBUG] output_dynamic_state_dir: gen_data/starlink_550_isls_plus_grid_ground_stations_top_100_with_hsinchu_algorithm_hierarchical_virtual_gid_27deg_k8/dynamic_state_2000ms_for_200s
[DEBUG] k_best: 8
[DEBUG] scenario_info: ''
[DEBUG] temp_dir_name: temp_grhr_k8
  > [SIGNALING] 累計統計: 111 事件, 0 字節
FORWARDING STATE AT T = 44000000000ns (= 44.0 seconds)

BASIC INFORMATION
  > Epoch.................. 2000-01-01 00:00:00.000
  > Time since epoch....... 44000000000 ns
  > Absolute time.......... 2000-01-01 00:00:44.000
  > Satellites............. 1584
  > Ground stations........ 101
  > Max. range GSL......... 1089686.4181956202m
  > Max. range ISL......... 5016591.233098428m

ISL INFORMATION
  > Total ISLs............. 3168
  > Min. ISLs/satellite.... 4
  > Max. ISLs/satellite.... 4

GSL INTERFACE INFORMATION
  > Min. GSL IFs/satellite........ 1
  > Max. GSL IFs/satellite........ 1
  > Min. GSL IFs/ground station... 1
  > Max. GSL IFs/ground_station... 1

GSL IN-RANGE INFORMATION
  > Min. satellites in range... 3
  > Max. satellites in range... 19
[MODE] SP_OVER_PID_QUOTIENT=True
  > Calculating Floyd-Warshall for graph without ground-station relays
  > Writing forwarding state to: gen_data/starlink_550_isls_plus_grid_ground_stations_top_100_with_hsinchu_algorithm_hierarchical_virtual_gid_27deg_k8/dynamic_state_2000ms_for_200s/fstate_44000000000.txt
  > [SIGNALING] 累計統計: 114 事件, 0 字節
[STATS-DEBUG] 開始生成統計文件... PID=1717089, TID=131768112112704
[DEBUG] output_dynamic_state_dir: gen_data/starlink_550_isls_plus_grid_ground_stations_top_100_with_hsinchu_algorithm_hierarchical_virtual_gid_27deg_k8/dynamic_state_2000ms_for_200s
[DEBUG] k_best: 8
[DEBUG] scenario_info: ''
[DEBUG] temp_dir_name: temp_grhr_k8
  > [SIGNALING] 累計統計: 116 事件, 0 字節
FORWARDING STATE AT T = 46000000000ns (= 46.0 seconds)

BASIC INFORMATION
  > Epoch.................. 2000-01-01 00:00:00.000
  > Time since epoch....... 46000000000 ns
  > Absolute time.......... 2000-01-01 00:00:46.000
  > Satellites............. 1584
  > Ground stations........ 101
  > Max. range GSL......... 1089686.4181956202m
  > Max. range ISL......... 5016591.233098428m

ISL INFORMATION
  > Total ISLs............. 3168
  > Min. ISLs/satellite.... 4
  > Max. ISLs/satellite.... 4

GSL INTERFACE INFORMATION
  > Min. GSL IFs/satellite........ 1
  > Max. GSL IFs/satellite........ 1
  > Min. GSL IFs/ground station... 1
  > Max. GSL IFs/ground_station... 1

GSL IN-RANGE INFORMATION
  > Min. satellites in range... 3
  > Max. satellites in range... 18
[MODE] SP_OVER_PID_QUOTIENT=True
  > Calculating Floyd-Warshall for graph without ground-station relays
  > Writing forwarding state to: gen_data/starlink_550_isls_plus_grid_ground_stations_top_100_with_hsinchu_algorithm_hierarchical_virtual_gid_27deg_k8/dynamic_state_2000ms_for_200s/fstate_46000000000.txt
  > [SIGNALING] 累計統計: 119 事件, 0 字節
[STATS-DEBUG] 開始生成統計文件... PID=1717089, TID=131768112112704
[DEBUG] output_dynamic_state_dir: gen_data/starlink_550_isls_plus_grid_ground_stations_top_100_with_hsinchu_algorithm_hierarchical_virtual_gid_27deg_k8/dynamic_state_2000ms_for_200s
[DEBUG] k_best: 8
[DEBUG] scenario_info: ''
[DEBUG] temp_dir_name: temp_grhr_k8
  > [SIGNALING] 累計統計: 121 事件, 0 字節
FORWARDING STATE AT T = 48000000000ns (= 48.0 seconds)

BASIC INFORMATION
  > Epoch.................. 2000-01-01 00:00:00.000
  > Time since epoch....... 48000000000 ns
  > Absolute time.......... 2000-01-01 00:00:48.000
  > Satellites............. 1584
  > Ground stations........ 101
  > Max. range GSL......... 1089686.4181956202m
  > Max. range ISL......... 5016591.233098428m

ISL INFORMATION
  > Total ISLs............. 3168
  > Min. ISLs/satellite.... 4
  > Max. ISLs/satellite.... 4

GSL INTERFACE INFORMATION
  > Min. GSL IFs/satellite........ 1
  > Max. GSL IFs/satellite........ 1
  > Min. GSL IFs/ground station... 1
  > Max. GSL IFs/ground_station... 1

GSL IN-RANGE INFORMATION
  > Min. satellites in range... 2
  > Max. satellites in range... 19
[MODE] SP_OVER_PID_QUOTIENT=True
  > Calculating Floyd-Warshall for graph without ground-station relays
  > Writing forwarding state to: gen_data/starlink_550_isls_plus_grid_ground_stations_top_100_with_hsinchu_algorithm_hierarchical_virtual_gid_27deg_k8/dynamic_state_2000ms_for_200s/fstate_48000000000.txt
  > [SIGNALING] 累計統計: 124 事件, 0 字節
[STATS-DEBUG] 開始生成統計文件... PID=1717089, TID=131768112112704
[DEBUG] output_dynamic_state_dir: gen_data/starlink_550_isls_plus_grid_ground_stations_top_100_with_hsinchu_algorithm_hierarchical_virtual_gid_27deg_k8/dynamic_state_2000ms_for_200s
[DEBUG] k_best: 8
[DEBUG] scenario_info: ''
[DEBUG] temp_dir_name: temp_grhr_k8
  > [SIGNALING] 累計統計: 126 事件, 0 字節
FORWARDING STATE AT T = 50000000000ns (= 50.0 seconds)

BASIC INFORMATION
  > Epoch.................. 2000-01-01 00:00:00.000
  > Time since epoch....... 50000000000 ns
  > Absolute time.......... 2000-01-01 00:00:50.000
  > Satellites............. 1584
  > Ground stations........ 101
  > Max. range GSL......... 1089686.4181956202m
  > Max. range ISL......... 5016591.233098428m

ISL INFORMATION
  > Total ISLs............. 3168
  > Min. ISLs/satellite.... 4
  > Max. ISLs/satellite.... 4

GSL INTERFACE INFORMATION
  > Min. GSL IFs/satellite........ 1
  > Max. GSL IFs/satellite........ 1
  > Min. GSL IFs/ground station... 1
  > Max. GSL IFs/ground_station... 1

GSL IN-RANGE INFORMATION
  > Min. satellites in range... 2
  > Max. satellites in range... 20
[MODE] SP_OVER_PID_QUOTIENT=True
  > Calculating Floyd-Warshall for graph without ground-station relays
  > Writing forwarding state to: gen_data/starlink_550_isls_plus_grid_ground_stations_top_100_with_hsinchu_algorithm_hierarchical_virtual_gid_27deg_k8/dynamic_state_2000ms_for_200s/fstate_50000000000.txt
  > [SIGNALING] 累計統計: 129 事件, 0 字節
[STATS-DEBUG] 開始生成統計文件... PID=1717089, TID=131768112112704
[DEBUG] output_dynamic_state_dir: gen_data/starlink_550_isls_plus_grid_ground_stations_top_100_with_hsinchu_algorithm_hierarchical_virtual_gid_27deg_k8/dynamic_state_2000ms_for_200s
[DEBUG] k_best: 8
[DEBUG] scenario_info: ''
[DEBUG] temp_dir_name: temp_grhr_k8
  > [SIGNALING] 累計統計: 131 事件, 0 字節
  > Max. GSL IFs/ground_station... 1

GSL IN-RANGE INFORMATION
  > Min. satellites in range... 4
  > Max. satellites in range... 19
[MODE] SP_OVER_PID_QUOTIENT=True
  > Calculating Floyd-Warshall for graph without ground-station relays
  > Writing forwarding state to: gen_data/starlink_550_isls_plus_grid_ground_stations_top_100_with_hsinchu_algorithm_hierarchical_virtual_gid_27deg_k8/dynamic_state_2000ms_for_200s/fstate_92000000000.txt
  > [SIGNALING] 累計統計: 109 事件, 0 字節
[STATS-DEBUG] 開始生成統計文件... PID=1717090, TID=131768112112704
[DEBUG] output_dynamic_state_dir: gen_data/starlink_550_isls_plus_grid_ground_stations_top_100_with_hsinchu_algorithm_hierarchical_virtual_gid_27deg_k8/dynamic_state_2000ms_for_200s
[DEBUG] k_best: 8
[DEBUG] scenario_info: ''
[DEBUG] temp_dir_name: temp_grhr_k8
  > [SIGNALING] 累計統計: 111 事件, 0 字節
FORWARDING STATE AT T = 94000000000ns (= 94.0 seconds)

BASIC INFORMATION
  > Epoch.................. 2000-01-01 00:00:00.000
  > Time since epoch....... 94000000000 ns
  > Absolute time.......... 2000-01-01 00:01:34.000
  > Satellites............. 1584
  > Ground stations........ 101
  > Max. range GSL......... 1089686.4181956202m
  > Max. range ISL......... 5016591.233098428m

ISL INFORMATION
  > Total ISLs............. 3168
  > Min. ISLs/satellite.... 4
  > Max. ISLs/satellite.... 4

GSL INTERFACE INFORMATION
  > Min. GSL IFs/satellite........ 1
  > Max. GSL IFs/satellite........ 1
  > Min. GSL IFs/ground station... 1
  > Max. GSL IFs/ground_station... 1

GSL IN-RANGE INFORMATION
  > Min. satellites in range... 5
  > Max. satellites in range... 19
[MODE] SP_OVER_PID_QUOTIENT=True
  > Calculating Floyd-Warshall for graph without ground-station relays
  > Writing forwarding state to: gen_data/starlink_550_isls_plus_grid_ground_stations_top_100_with_hsinchu_algorithm_hierarchical_virtual_gid_27deg_k8/dynamic_state_2000ms_for_200s/fstate_94000000000.txt
  > [SIGNALING] 累計統計: 114 事件, 0 字節
[STATS-DEBUG] 開始生成統計文件... PID=1717090, TID=131768112112704
[DEBUG] output_dynamic_state_dir: gen_data/starlink_550_isls_plus_grid_ground_stations_top_100_with_hsinchu_algorithm_hierarchical_virtual_gid_27deg_k8/dynamic_state_2000ms_for_200s
[DEBUG] k_best: 8
[DEBUG] scenario_info: ''
[DEBUG] temp_dir_name: temp_grhr_k8
  > [SIGNALING] 累計統計: 116 事件, 0 字節
FORWARDING STATE AT T = 96000000000ns (= 96.0 seconds)

BASIC INFORMATION
  > Epoch.................. 2000-01-01 00:00:00.000
  > Time since epoch....... 96000000000 ns
  > Absolute time.......... 2000-01-01 00:01:36.000
  > Satellites............. 1584
  > Ground stations........ 101
  > Max. range GSL......... 1089686.4181956202m
  > Max. range ISL......... 5016591.233098428m

ISL INFORMATION
  > Total ISLs............. 3168
  > Min. ISLs/satellite.... 4
  > Max. ISLs/satellite.... 4

GSL INTERFACE INFORMATION
  > Min. GSL IFs/satellite........ 1
  > Max. GSL IFs/satellite........ 1
  > Min. GSL IFs/ground station... 1
  > Max. GSL IFs/ground_station... 1

GSL IN-RANGE INFORMATION
  > Min. satellites in range... 5
  > Max. satellites in range... 19
[MODE] SP_OVER_PID_QUOTIENT=True
  > Calculating Floyd-Warshall for graph without ground-station relays
  > Writing forwarding state to: gen_data/starlink_550_isls_plus_grid_ground_stations_top_100_with_hsinchu_algorithm_hierarchical_virtual_gid_27deg_k8/dynamic_state_2000ms_for_200s/fstate_96000000000.txt
  > [SIGNALING] 累計統計: 119 事件, 0 字節
[STATS-DEBUG] 開始生成統計文件... PID=1717090, TID=131768112112704
[DEBUG] output_dynamic_state_dir: gen_data/starlink_550_isls_plus_grid_ground_stations_top_100_with_hsinchu_algorithm_hierarchical_virtual_gid_27deg_k8/dynamic_state_2000ms_for_200s
[DEBUG] k_best: 8
[DEBUG] scenario_info: ''
[DEBUG] temp_dir_name: temp_grhr_k8
  > [SIGNALING] 累計統計: 121 事件, 0 字節
FORWARDING STATE AT T = 98000000000ns (= 98.0 seconds)

BASIC INFORMATION
  > Epoch.................. 2000-01-01 00:00:00.000
  > Time since epoch....... 98000000000 ns
  > Absolute time.......... 2000-01-01 00:01:38.000
  > Satellites............. 1584
  > Ground stations........ 101
  > Max. range GSL......... 1089686.4181956202m
  > Max. range ISL......... 5016591.233098428m

ISL INFORMATION
  > Total ISLs............. 3168
  > Min. ISLs/satellite.... 4
  > Max. ISLs/satellite.... 4

GSL INTERFACE INFORMATION
  > Min. GSL IFs/satellite........ 1
  > Max. GSL IFs/satellite........ 1
  > Min. GSL IFs/ground station... 1
  > Max. GSL IFs/ground_station... 1

GSL IN-RANGE INFORMATION
  > Min. satellites in range... 4
  > Max. satellites in range... 19
[MODE] SP_OVER_PID_QUOTIENT=True
  > Calculating Floyd-Warshall for graph without ground-station relays
  > Writing forwarding state to: gen_data/starlink_550_isls_plus_grid_ground_stations_top_100_with_hsinchu_algorithm_hierarchical_virtual_gid_27deg_k8/dynamic_state_2000ms_for_200s/fstate_98000000000.txt
  > [SIGNALING] 累計統計: 124 事件, 0 字節
[STATS-DEBUG] 開始生成統計文件... PID=1717090, TID=131768112112704
[DEBUG] output_dynamic_state_dir: gen_data/starlink_550_isls_plus_grid_ground_stations_top_100_with_hsinchu_algorithm_hierarchical_virtual_gid_27deg_k8/dynamic_state_2000ms_for_200s
[DEBUG] k_best: 8
[DEBUG] scenario_info: ''
[DEBUG] temp_dir_name: temp_grhr_k8
  > [SIGNALING] 累計統計: 126 事件, 0 字節
FORWARDING STATE AT T = 100000000000ns (= 100.0 seconds)

BASIC INFORMATION
  > Epoch.................. 2000-01-01 00:00:00.000
  > Time since epoch....... 100000000000 ns
  > Absolute time.......... 2000-01-01 00:01:40.000
  > Satellites............. 1584
  > Ground stations........ 101
  > Max. range GSL......... 1089686.4181956202m
  > Max. range ISL......... 5016591.233098428m

ISL INFORMATION
  > Total ISLs............. 3168
  > Min. ISLs/satellite.... 4
  > Max. ISLs/satellite.... 4

GSL INTERFACE INFORMATION
  > Min. GSL IFs/satellite........ 1
  > Max. GSL IFs/satellite........ 1
  > Min. GSL IFs/ground station... 1
  > Max. GSL IFs/ground_station... 1

GSL IN-RANGE INFORMATION
  > Min. satellites in range... 5
  > Max. satellites in range... 19
[MODE] SP_OVER_PID_QUOTIENT=True
  > Calculating Floyd-Warshall for graph without ground-station relays
  > Writing forwarding state to: gen_data/starlink_550_isls_plus_grid_ground_stations_top_100_with_hsinchu_algorithm_hierarchical_virtual_gid_27deg_k8/dynamic_state_2000ms_for_200s/fstate_100000000000.txt
  > [SIGNALING] 累計統計: 129 事件, 0 字節
[STATS-DEBUG] 開始生成統計文件... PID=1717090, TID=131768112112704
[DEBUG] output_dynamic_state_dir: gen_data/starlink_550_isls_plus_grid_ground_stations_top_100_with_hsinchu_algorithm_hierarchical_virtual_gid_27deg_k8/dynamic_state_2000ms_for_200s
[DEBUG] k_best: 8
[DEBUG] scenario_info: ''
[DEBUG] temp_dir_name: temp_grhr_k8
  > [SIGNALING] 累計統計: 131 事件, 0 字節
✅ Random P1 K8 完成

執行 Random P1 K999...
[GID] Setting grid degree to 27° and K-best to 999 for hierarchical GID algorithm
Generating ground stations...
Generating TLEs...
Generating ISLs...
Generating description...
Generating GSL interfaces info..
Generating forwarding state...
Thread 0 does interval [0.00 ms, 50000.00 ms]
Thread 1 does interval [50000.00 ms, 100000.00 ms]
Thread 2 does interval [100000.00 ms, 150000.00 ms]
Thread 3 does interval [150000.00 ms, 200000.00 ms]
FORWARDING STATE AT T = 100000000000ns (= 100.0 seconds)

BASIC INFORMATION
  > Epoch.................. 2000-01-01 00:00:00.000
  > Time since epoch....... 100000000000 ns
  > Absolute time.......... 2000-01-01 00:01:40.000
  > Satellites............. 1584
  > Ground stations........ 101
  > Max. range GSL......... 1089686.4181956202m
  > Max. range ISL......... 5016591.233098428m

ISL INFORMATION
  > Total ISLs............. 3168
  > Min. ISLs/satellite.... 4
  > Max. ISLs/satellite.... 4

GSL INTERFACE INFORMATION
  > Min. GSL IFs/satellite........ 1
  > Max. GSL IFs/satellite........ 1
  > Min. GSL IFs/ground station... 1
  > Max. GSL IFs/ground_station... 1

GSL IN-RANGE INFORMATION
  > Min. satellites in range... 5
  > Max. satellites in range... 19

============================================================
🐒 CHAOS MONKEY CONFIGURATION
============================================================
  ENABLE_CHAOS_MONKEY       = True
  CHAOS_FAILURE_RATE        = 0.01 (1.0%)
  CHAOS_INTERVAL_SNAPSHOTS  = 1 (every 0.1s)
  CHAOS_LOG_FILE            = ../../logs/chaos_p1_k999.log
============================================================

[MODE] SP_OVER_PID_QUOTIENT=True
  > Calculating Floyd-Warshall for graph without ground-station relays
  > Writing forwarding state to: gen_data/starlink_550_isls_plus_grid_ground_stations_top_100_with_hsinchu_algorithm_hierarchical_virtual_gid_27deg_k999/dynamic_state_2000ms_for_200s/fstate_100000000000.txt
  > [SIGNALING] 累計統計: 4 事件, 0 字節
[STATS-DEBUG] 開始生成統計文件... PID=1717619, TID=137689229714496
[DEBUG] output_dynamic_state_dir: gen_data/starlink_550_isls_plus_grid_ground_stations_top_100_with_hsinchu_algorithm_hierarchical_virtual_gid_27deg_k999/dynamic_state_2000ms_for_200s
[DEBUG] k_best: 999
[DEBUG] scenario_info: ''
[DEBUG] temp_dir_name: temp_grhr_k999
  > [SIGNALING] 累計統計: 5 事件, 0 字節
FORWARDING STATE AT T = 102000000000ns (= 102.0 seconds)

BASIC INFORMATION
  > Epoch.................. 2000-01-01 00:00:00.000
  > Time since epoch....... 102000000000 ns
  > Absolute time.......... 2000-01-01 00:01:42.000
  > Satellites............. 1584
  > Ground stations........ 101
  > Max. range GSL......... 1089686.4181956202m
  > Max. range ISL......... 5016591.233098428m

ISL INFORMATION
  > Total ISLs............. 3168
  > Min. ISLs/satellite.... 4
  > Max. ISLs/satellite.... 4

GSL INTERFACE INFORMATION
  > Min. GSL IFs/satellite........ 1
  > Max. GSL IFs/satellite........ 1
  > Min. GSL IFs/ground station... 1
  > Max. GSL IFs/ground_station... 1

GSL IN-RANGE INFORMATION
  > Min. satellites in range... 5
  > Max. satellites in range... 19
[MODE] SP_OVER_PID_QUOTIENT=True
  > Calculating Floyd-Warshall for graph without ground-station relays
  > Writing forwarding state to: gen_data/starlink_550_isls_plus_grid_ground_stations_top_100_with_hsinchu_algorithm_hierarchical_virtual_gid_27deg_k999/dynamic_state_2000ms_for_200s/fstate_102000000000.txt
  > [SIGNALING] 累計統計: 8 事件, 0 字節
[STATS-DEBUG] 開始生成統計文件... PID=1717619, TID=137689229714496
[DEBUG] output_dynamic_state_dir: gen_data/starlink_550_isls_plus_grid_ground_stations_top_100_with_hsinchu_algorithm_hierarchical_virtual_gid_27deg_k999/dynamic_state_2000ms_for_200s
[DEBUG] k_best: 999
[DEBUG] scenario_info: ''
[DEBUG] temp_dir_name: temp_grhr_k999
  > [SIGNALING] 累計統計: 9 事件, 0 字節
FORWARDING STATE AT T = 104000000000ns (= 104.0 seconds)

BASIC INFORMATION
  > Epoch.................. 2000-01-01 00:00:00.000
  > Time since epoch....... 104000000000 ns
  > Absolute time.......... 2000-01-01 00:01:44.000
  > Satellites............. 1584
  > Ground stations........ 101
  > Max. range GSL......... 1089686.4181956202m
  > Max. range ISL......... 5016591.233098428m

ISL INFORMATION
  > Total ISLs............. 3168
  > Min. ISLs/satellite.... 4
  > Max. ISLs/satellite.... 4

GSL INTERFACE INFORMATION
  > Min. GSL IFs/satellite........ 1
  > Max. GSL IFs/satellite........ 1
  > Min. GSL IFs/ground station... 1
  > Max. GSL IFs/ground_station... 1

GSL IN-RANGE INFORMATION
  > Min. satellites in range... 5
  > Max. satellites in range... 19
[MODE] SP_OVER_PID_QUOTIENT=True
  > Calculating Floyd-Warshall for graph without ground-station relays
  > Writing forwarding state to: gen_data/starlink_550_isls_plus_grid_ground_stations_top_100_with_hsinchu_algorithm_hierarchical_virtual_gid_27deg_k999/dynamic_state_2000ms_for_200s/fstate_104000000000.txt
  > [SIGNALING] 累計統計: 12 事件, 0 字節
[STATS-DEBUG] 開始生成統計文件... PID=1717619, TID=137689229714496
[DEBUG] output_dynamic_state_dir: gen_data/starlink_550_isls_plus_grid_ground_stations_top_100_with_hsinchu_algorithm_hierarchical_virtual_gid_27deg_k999/dynamic_state_2000ms_for_200s
[DEBUG] k_best: 999
[DEBUG] scenario_info: ''
[DEBUG] temp_dir_name: temp_grhr_k999
  > [SIGNALING] 累計統計: 13 事件, 0 字節
FORWARDING STATE AT T = 106000000000ns (= 106.0 seconds)

BASIC INFORMATION
  > Epoch.................. 2000-01-01 00:00:00.000
  > Time since epoch....... 106000000000 ns
  > Absolute time.......... 2000-01-01 00:01:46.000
  > Satellites............. 1584
  > Ground stations........ 101
  > Max. range GSL......... 1089686.4181956202m
  > Max. range ISL......... 5016591.233098428m

ISL INFORMATION
  > Total ISLs............. 3168
  > Min. ISLs/satellite.... 4
  > Max. ISLs/satellite.... 4

GSL INTERFACE INFORMATION
  > Min. GSL IFs/satellite........ 1
  > Max. GSL IFs/satellite........ 1
  > Min. GSL IFs/ground station... 1
  > Max. GSL IFs/ground_station... 1

GSL IN-RANGE INFORMATION
  > Min. satellites in range... 5
  > Max. satellites in range... 19
[MODE] SP_OVER_PID_QUOTIENT=True
  > Calculating Floyd-Warshall for graph without ground-station relays
  > Writing forwarding state to: gen_data/starlink_550_isls_plus_grid_ground_stations_top_100_with_hsinchu_algorithm_hierarchical_virtual_gid_27deg_k999/dynamic_state_2000ms_for_200s/fstate_106000000000.txt
  > [SIGNALING] 累計統計: 16 事件, 0 字節
[STATS-DEBUG] 開始生成統計文件... PID=1717619, TID=137689229714496
[DEBUG] output_dynamic_state_dir: gen_data/starlink_550_isls_plus_grid_ground_stations_top_100_with_hsinchu_algorithm_hierarchical_virtual_gid_27deg_k999/dynamic_state_2000ms_for_200s
[DEBUG] k_best: 999
[DEBUG] scenario_info: ''
[DEBUG] temp_dir_name: temp_grhr_k999
  > [SIGNALING] 累計統計: 17 事件, 0 字節
FORWARDING STATE AT T = 108000000000ns (= 108.0 seconds)

BASIC INFORMATION
  > Epoch.................. 2000-01-01 00:00:00.000
  > Time since epoch....... 108000000000 ns
  > Absolute time.......... 2000-01-01 00:01:48.000
  > Satellites............. 1584
  > Ground stations........ 101
  > Max. range GSL......... 1089686.4181956202m
  > Max. range ISL......... 5016591.233098428m

ISL INFORMATION
  > Total ISLs............. 3168
  > Min. ISLs/satellite.... 4
  > Max. ISLs/satellite.... 4

GSL INTERFACE INFORMATION
  > Min. GSL IFs/satellite........ 1
  > Max. GSL IFs/satellite........ 1
  > Min. GSL IFs/ground station... 1
  > Max. GSL IFs/ground_station... 1

GSL IN-RANGE INFORMATION
  > Min. satellites in range... 5
  > Max. satellites in range... 19
[MODE] SP_OVER_PID_QUOTIENT=True
  > Calculating Floyd-Warshall for graph without ground-station relays
  > Writing forwarding state to: gen_data/starlink_550_isls_plus_grid_ground_stations_top_100_with_hsinchu_algorithm_hierarchical_virtual_gid_27deg_k999/dynamic_state_2000ms_for_200s/fstate_108000000000.txt
  > [SIGNALING] 累計統計: 20 事件, 0 字節
[STATS-DEBUG] 開始生成統計文件... PID=1717619, TID=137689229714496
[DEBUG] output_dynamic_state_dir: gen_data/starlink_550_isls_plus_grid_ground_stations_top_100_with_hsinchu_algorithm_hierarchical_virtual_gid_27deg_k999/dynamic_state_2000ms_for_200s
[DEBUG] k_best: 999
[DEBUG] scenario_info: ''
[DEBUG] temp_dir_name: temp_grhr_k999
  > [SIGNALING] 累計統計: 21 事件, 0 字節
FORWARDING STATE AT T = 110000000000ns (= 110.0 seconds)

BASIC INFORMATION
  > Epoch.................. 2000-01-01 00:00:00.000
  > Time since epoch....... 110000000000 ns
FORWARDING STATE AT T = 150000000000ns (= 150.0 seconds)

BASIC INFORMATION
  > Epoch.................. 2000-01-01 00:00:00.000
  > Time since epoch....... 150000000000 ns
  > Absolute time.......... 2000-01-01 00:02:30.000
  > Satellites............. 1584
  > Ground stations........ 101
  > Max. range GSL......... 1089686.4181956202m
  > Max. range ISL......... 5016591.233098428m

ISL INFORMATION
  > Total ISLs............. 3168
  > Min. ISLs/satellite.... 4
  > Max. ISLs/satellite.... 4

GSL INTERFACE INFORMATION
  > Min. GSL IFs/satellite........ 1
  > Max. GSL IFs/satellite........ 1
  > Min. GSL IFs/ground station... 1
  > Max. GSL IFs/ground_station... 1

GSL IN-RANGE INFORMATION
  > Min. satellites in range... 3
  > Max. satellites in range... 21

============================================================
🐒 CHAOS MONKEY CONFIGURATION
============================================================
  ENABLE_CHAOS_MONKEY       = True
  CHAOS_FAILURE_RATE        = 0.01 (1.0%)
  CHAOS_INTERVAL_SNAPSHOTS  = 1 (every 0.1s)
  CHAOS_LOG_FILE            = ../../logs/chaos_p1_k999.log
============================================================

[MODE] SP_OVER_PID_QUOTIENT=True
  > Calculating Floyd-Warshall for graph without ground-station relays
  > Writing forwarding state to: gen_data/starlink_550_isls_plus_grid_ground_stations_top_100_with_hsinchu_algorithm_hierarchical_virtual_gid_27deg_k999/dynamic_state_2000ms_for_200s/fstate_150000000000.txt
  > [SIGNALING] 累計統計: 4 事件, 0 字節
[STATS-DEBUG] 開始生成統計文件... PID=1717620, TID=137689229714496
[DEBUG] output_dynamic_state_dir: gen_data/starlink_550_isls_plus_grid_ground_stations_top_100_with_hsinchu_algorithm_hierarchical_virtual_gid_27deg_k999/dynamic_state_2000ms_for_200s
[DEBUG] k_best: 999
[DEBUG] scenario_info: ''
[DEBUG] temp_dir_name: temp_grhr_k999
  > [SIGNALING] 累計統計: 5 事件, 0 字節
FORWARDING STATE AT T = 152000000000ns (= 152.0 seconds)

BASIC INFORMATION
  > Epoch.................. 2000-01-01 00:00:00.000
  > Time since epoch....... 152000000000 ns
  > Absolute time.......... 2000-01-01 00:02:32.000
  > Satellites............. 1584
  > Ground stations........ 101
  > Max. range GSL......... 1089686.4181956202m
  > Max. range ISL......... 5016591.233098428m

ISL INFORMATION
  > Total ISLs............. 3168
  > Min. ISLs/satellite.... 4
  > Max. ISLs/satellite.... 4

GSL INTERFACE INFORMATION
  > Min. GSL IFs/satellite........ 1
  > Max. GSL IFs/satellite........ 1
  > Min. GSL IFs/ground station... 1
  > Max. GSL IFs/ground_station... 1

GSL IN-RANGE INFORMATION
  > Min. satellites in range... 5
  > Max. satellites in range... 20
[MODE] SP_OVER_PID_QUOTIENT=True
  > Calculating Floyd-Warshall for graph without ground-station relays
  > Writing forwarding state to: gen_data/starlink_550_isls_plus_grid_ground_stations_top_100_with_hsinchu_algorithm_hierarchical_virtual_gid_27deg_k999/dynamic_state_2000ms_for_200s/fstate_152000000000.txt
  > [SIGNALING] 累計統計: 8 事件, 0 字節
[STATS-DEBUG] 開始生成統計文件... PID=1717620, TID=137689229714496
[DEBUG] output_dynamic_state_dir: gen_data/starlink_550_isls_plus_grid_ground_stations_top_100_with_hsinchu_algorithm_hierarchical_virtual_gid_27deg_k999/dynamic_state_2000ms_for_200s
[DEBUG] k_best: 999
[DEBUG] scenario_info: ''
[DEBUG] temp_dir_name: temp_grhr_k999
  > [SIGNALING] 累計統計: 9 事件, 0 字節
FORWARDING STATE AT T = 154000000000ns (= 154.0 seconds)

BASIC INFORMATION
  > Epoch.................. 2000-01-01 00:00:00.000
  > Time since epoch....... 154000000000 ns
  > Absolute time.......... 2000-01-01 00:02:34.000
  > Satellites............. 1584
  > Ground stations........ 101
  > Max. range GSL......... 1089686.4181956202m
  > Max. range ISL......... 5016591.233098428m

ISL INFORMATION
  > Total ISLs............. 3168
  > Min. ISLs/satellite.... 4
  > Max. ISLs/satellite.... 4

GSL INTERFACE INFORMATION
  > Min. GSL IFs/satellite........ 1
  > Max. GSL IFs/satellite........ 1
  > Min. GSL IFs/ground station... 1
  > Max. GSL IFs/ground_station... 1

GSL IN-RANGE INFORMATION
  > Min. satellites in range... 5
  > Max. satellites in range... 21
[MODE] SP_OVER_PID_QUOTIENT=True
  > Calculating Floyd-Warshall for graph without ground-station relays
  > Writing forwarding state to: gen_data/starlink_550_isls_plus_grid_ground_stations_top_100_with_hsinchu_algorithm_hierarchical_virtual_gid_27deg_k999/dynamic_state_2000ms_for_200s/fstate_154000000000.txt
  > [SIGNALING] 累計統計: 12 事件, 0 字節
[STATS-DEBUG] 開始生成統計文件... PID=1717620, TID=137689229714496
[DEBUG] output_dynamic_state_dir: gen_data/starlink_550_isls_plus_grid_ground_stations_top_100_with_hsinchu_algorithm_hierarchical_virtual_gid_27deg_k999/dynamic_state_2000ms_for_200s
[DEBUG] k_best: 999
[DEBUG] scenario_info: ''
[DEBUG] temp_dir_name: temp_grhr_k999
  > [SIGNALING] 累計統計: 13 事件, 0 字節
FORWARDING STATE AT T = 156000000000ns (= 156.0 seconds)

BASIC INFORMATION
  > Epoch.................. 2000-01-01 00:00:00.000
  > Time since epoch....... 156000000000 ns
  > Absolute time.......... 2000-01-01 00:02:36.000
  > Satellites............. 1584
  > Ground stations........ 101
  > Max. range GSL......... 1089686.4181956202m
  > Max. range ISL......... 5016591.233098428m

ISL INFORMATION
  > Total ISLs............. 3168
  > Min. ISLs/satellite.... 4
  > Max. ISLs/satellite.... 4

GSL INTERFACE INFORMATION
  > Min. GSL IFs/satellite........ 1
  > Max. GSL IFs/satellite........ 1
  > Min. GSL IFs/ground station... 1
  > Max. GSL IFs/ground_station... 1

GSL IN-RANGE INFORMATION
  > Min. satellites in range... 5
  > Max. satellites in range... 21
[MODE] SP_OVER_PID_QUOTIENT=True
  > Calculating Floyd-Warshall for graph without ground-station relays
  > Writing forwarding state to: gen_data/starlink_550_isls_plus_grid_ground_stations_top_100_with_hsinchu_algorithm_hierarchical_virtual_gid_27deg_k999/dynamic_state_2000ms_for_200s/fstate_156000000000.txt
  > [SIGNALING] 累計統計: 16 事件, 0 字節
[STATS-DEBUG] 開始生成統計文件... PID=1717620, TID=137689229714496
[DEBUG] output_dynamic_state_dir: gen_data/starlink_550_isls_plus_grid_ground_stations_top_100_with_hsinchu_algorithm_hierarchical_virtual_gid_27deg_k999/dynamic_state_2000ms_for_200s
[DEBUG] k_best: 999
[DEBUG] scenario_info: ''
[DEBUG] temp_dir_name: temp_grhr_k999
  > [SIGNALING] 累計統計: 17 事件, 0 字節
FORWARDING STATE AT T = 158000000000ns (= 158.0 seconds)

BASIC INFORMATION
  > Epoch.................. 2000-01-01 00:00:00.000
  > Time since epoch....... 158000000000 ns
  > Absolute time.......... 2000-01-01 00:02:38.000
  > Satellites............. 1584
  > Ground stations........ 101
  > Max. range GSL......... 1089686.4181956202m
  > Max. range ISL......... 5016591.233098428m

ISL INFORMATION
  > Total ISLs............. 3168
  > Min. ISLs/satellite.... 4
  > Max. ISLs/satellite.... 4

GSL INTERFACE INFORMATION
  > Min. GSL IFs/satellite........ 1
  > Max. GSL IFs/satellite........ 1
  > Min. GSL IFs/ground station... 1
  > Max. GSL IFs/ground_station... 1

GSL IN-RANGE INFORMATION
  > Min. satellites in range... 5
  > Max. satellites in range... 20
[MODE] SP_OVER_PID_QUOTIENT=True
  > Calculating Floyd-Warshall for graph without ground-station relays
  > Writing forwarding state to: gen_data/starlink_550_isls_plus_grid_ground_stations_top_100_with_hsinchu_algorithm_hierarchical_virtual_gid_27deg_k999/dynamic_state_2000ms_for_200s/fstate_158000000000.txt
  > [SIGNALING] 累計統計: 20 事件, 0 字節
[STATS-DEBUG] 開始生成統計文件... PID=1717620, TID=137689229714496
[DEBUG] output_dynamic_state_dir: gen_data/starlink_550_isls_plus_grid_ground_stations_top_100_with_hsinchu_algorithm_hierarchical_virtual_gid_27deg_k999/dynamic_state_2000ms_for_200s
[DEBUG] k_best: 999
[DEBUG] scenario_info: ''
[DEBUG] temp_dir_name: temp_grhr_k999
  > [SIGNALING] 累計統計: 21 事件, 0 字節
FORWARDING STATE AT T = 160000000000ns (= 160.0 seconds)

BASIC INFORMATION
  > Epoch.................. 2000-01-01 00:00:00.000
  > Time since epoch....... 160000000000 ns
FORWARDING STATE AT T = 50000000000ns (= 50.0 seconds)

BASIC INFORMATION
  > Epoch.................. 2000-01-01 00:00:00.000
  > Time since epoch....... 50000000000 ns
  > Absolute time.......... 2000-01-01 00:00:50.000
  > Satellites............. 1584
  > Ground stations........ 101
  > Max. range GSL......... 1089686.4181956202m
  > Max. range ISL......... 5016591.233098428m

ISL INFORMATION
  > Total ISLs............. 3168
  > Min. ISLs/satellite.... 4
  > Max. ISLs/satellite.... 4

GSL INTERFACE INFORMATION
  > Min. GSL IFs/satellite........ 1
  > Max. GSL IFs/satellite........ 1
  > Min. GSL IFs/ground station... 1
  > Max. GSL IFs/ground_station... 1

GSL IN-RANGE INFORMATION
  > Min. satellites in range... 2
  > Max. satellites in range... 20

============================================================
🐒 CHAOS MONKEY CONFIGURATION
============================================================
  ENABLE_CHAOS_MONKEY       = True
  CHAOS_FAILURE_RATE        = 0.01 (1.0%)
  CHAOS_INTERVAL_SNAPSHOTS  = 1 (every 0.1s)
  CHAOS_LOG_FILE            = ../../logs/chaos_p1_k999.log
============================================================

[MODE] SP_OVER_PID_QUOTIENT=True
  > Calculating Floyd-Warshall for graph without ground-station relays
  > Writing forwarding state to: gen_data/starlink_550_isls_plus_grid_ground_stations_top_100_with_hsinchu_algorithm_hierarchical_virtual_gid_27deg_k999/dynamic_state_2000ms_for_200s/fstate_50000000000.txt
  > [SIGNALING] 累計統計: 4 事件, 0 字節
[STATS-DEBUG] 開始生成統計文件... PID=1717618, TID=137689229714496
[DEBUG] output_dynamic_state_dir: gen_data/starlink_550_isls_plus_grid_ground_stations_top_100_with_hsinchu_algorithm_hierarchical_virtual_gid_27deg_k999/dynamic_state_2000ms_for_200s
[DEBUG] k_best: 999
[DEBUG] scenario_info: ''
[DEBUG] temp_dir_name: temp_grhr_k999
  > [SIGNALING] 累計統計: 5 事件, 0 字節
FORWARDING STATE AT T = 52000000000ns (= 52.0 seconds)

BASIC INFORMATION
  > Epoch.................. 2000-01-01 00:00:00.000
  > Time since epoch....... 52000000000 ns
  > Absolute time.......... 2000-01-01 00:00:52.000
  > Satellites............. 1584
  > Ground stations........ 101
  > Max. range GSL......... 1089686.4181956202m
  > Max. range ISL......... 5016591.233098428m

ISL INFORMATION
  > Total ISLs............. 3168
  > Min. ISLs/satellite.... 4
  > Max. ISLs/satellite.... 4

GSL INTERFACE INFORMATION
  > Min. GSL IFs/satellite........ 1
  > Max. GSL IFs/satellite........ 1
  > Min. GSL IFs/ground station... 1
  > Max. GSL IFs/ground_station... 1

GSL IN-RANGE INFORMATION
  > Min. satellites in range... 2
  > Max. satellites in range... 20
[MODE] SP_OVER_PID_QUOTIENT=True
  > Calculating Floyd-Warshall for graph without ground-station relays
  > Writing forwarding state to: gen_data/starlink_550_isls_plus_grid_ground_stations_top_100_with_hsinchu_algorithm_hierarchical_virtual_gid_27deg_k999/dynamic_state_2000ms_for_200s/fstate_52000000000.txt
  > [SIGNALING] 累計統計: 8 事件, 0 字節
[STATS-DEBUG] 開始生成統計文件... PID=1717618, TID=137689229714496
[DEBUG] output_dynamic_state_dir: gen_data/starlink_550_isls_plus_grid_ground_stations_top_100_with_hsinchu_algorithm_hierarchical_virtual_gid_27deg_k999/dynamic_state_2000ms_for_200s
[DEBUG] k_best: 999
[DEBUG] scenario_info: ''
[DEBUG] temp_dir_name: temp_grhr_k999
  > [SIGNALING] 累計統計: 9 事件, 0 字節
FORWARDING STATE AT T = 54000000000ns (= 54.0 seconds)

BASIC INFORMATION
  > Epoch.................. 2000-01-01 00:00:00.000
  > Time since epoch....... 54000000000 ns
  > Absolute time.......... 2000-01-01 00:00:54.000
  > Satellites............. 1584
  > Ground stations........ 101
  > Max. range GSL......... 1089686.4181956202m
  > Max. range ISL......... 5016591.233098428m

ISL INFORMATION
  > Total ISLs............. 3168
  > Min. ISLs/satellite.... 4
  > Max. ISLs/satellite.... 4

GSL INTERFACE INFORMATION
  > Min. GSL IFs/satellite........ 1
  > Max. GSL IFs/satellite........ 1
  > Min. GSL IFs/ground station... 1
  > Max. GSL IFs/ground_station... 1

GSL IN-RANGE INFORMATION
  > Min. satellites in range... 2
  > Max. satellites in range... 20
[MODE] SP_OVER_PID_QUOTIENT=True
  > Calculating Floyd-Warshall for graph without ground-station relays
  > Writing forwarding state to: gen_data/starlink_550_isls_plus_grid_ground_stations_top_100_with_hsinchu_algorithm_hierarchical_virtual_gid_27deg_k999/dynamic_state_2000ms_for_200s/fstate_54000000000.txt
  > [SIGNALING] 累計統計: 12 事件, 0 字節
[STATS-DEBUG] 開始生成統計文件... PID=1717618, TID=137689229714496
[DEBUG] output_dynamic_state_dir: gen_data/starlink_550_isls_plus_grid_ground_stations_top_100_with_hsinchu_algorithm_hierarchical_virtual_gid_27deg_k999/dynamic_state_2000ms_for_200s
[DEBUG] k_best: 999
[DEBUG] scenario_info: ''
[DEBUG] temp_dir_name: temp_grhr_k999
  > [SIGNALING] 累計統計: 13 事件, 0 字節
FORWARDING STATE AT T = 56000000000ns (= 56.0 seconds)

BASIC INFORMATION
  > Epoch.................. 2000-01-01 00:00:00.000
  > Time since epoch....... 56000000000 ns
  > Absolute time.......... 2000-01-01 00:00:56.000
  > Satellites............. 1584
  > Ground stations........ 101
  > Max. range GSL......... 1089686.4181956202m
  > Max. range ISL......... 5016591.233098428m

ISL INFORMATION
  > Total ISLs............. 3168
  > Min. ISLs/satellite.... 4
  > Max. ISLs/satellite.... 4

GSL INTERFACE INFORMATION
  > Min. GSL IFs/satellite........ 1
  > Max. GSL IFs/satellite........ 1
  > Min. GSL IFs/ground station... 1
  > Max. GSL IFs/ground_station... 1

GSL IN-RANGE INFORMATION
  > Min. satellites in range... 2
  > Max. satellites in range... 20
[MODE] SP_OVER_PID_QUOTIENT=True
  > Calculating Floyd-Warshall for graph without ground-station relays
  > Writing forwarding state to: gen_data/starlink_550_isls_plus_grid_ground_stations_top_100_with_hsinchu_algorithm_hierarchical_virtual_gid_27deg_k999/dynamic_state_2000ms_for_200s/fstate_56000000000.txt
  > [SIGNALING] 累計統計: 16 事件, 0 字節
[STATS-DEBUG] 開始生成統計文件... PID=1717618, TID=137689229714496
[DEBUG] output_dynamic_state_dir: gen_data/starlink_550_isls_plus_grid_ground_stations_top_100_with_hsinchu_algorithm_hierarchical_virtual_gid_27deg_k999/dynamic_state_2000ms_for_200s
[DEBUG] k_best: 999
[DEBUG] scenario_info: ''
[DEBUG] temp_dir_name: temp_grhr_k999
  > [SIGNALING] 累計統計: 17 事件, 0 字節
FORWARDING STATE AT T = 58000000000ns (= 58.0 seconds)

BASIC INFORMATION
  > Epoch.................. 2000-01-01 00:00:00.000
  > Time since epoch....... 58000000000 ns
  > Absolute time.......... 2000-01-01 00:00:58.000
  > Satellites............. 1584
  > Ground stations........ 101
  > Max. range GSL......... 1089686.4181956202m
  > Max. range ISL......... 5016591.233098428m

ISL INFORMATION
  > Total ISLs............. 3168
  > Min. ISLs/satellite.... 4
  > Max. ISLs/satellite.... 4

GSL INTERFACE INFORMATION
  > Min. GSL IFs/satellite........ 1
  > Max. GSL IFs/satellite........ 1
  > Min. GSL IFs/ground station... 1
  > Max. GSL IFs/ground_station... 1

GSL IN-RANGE INFORMATION
  > Min. satellites in range... 3
  > Max. satellites in range... 20
[MODE] SP_OVER_PID_QUOTIENT=True
  > Calculating Floyd-Warshall for graph without ground-station relays
  > Writing forwarding state to: gen_data/starlink_550_isls_plus_grid_ground_stations_top_100_with_hsinchu_algorithm_hierarchical_virtual_gid_27deg_k999/dynamic_state_2000ms_for_200s/fstate_58000000000.txt
  > [SIGNALING] 累計統計: 20 事件, 0 字節
[STATS-DEBUG] 開始生成統計文件... PID=1717618, TID=137689229714496
[DEBUG] output_dynamic_state_dir: gen_data/starlink_550_isls_plus_grid_ground_stations_top_100_with_hsinchu_algorithm_hierarchical_virtual_gid_27deg_k999/dynamic_state_2000ms_for_200s
[DEBUG] k_best: 999
[DEBUG] scenario_info: ''
[DEBUG] temp_dir_name: temp_grhr_k999
  > [SIGNALING] 累計統計: 21 事件, 0 字節
FORWARDING STATE AT T = 60000000000ns (= 60.0 seconds)

BASIC INFORMATION
  > Epoch.................. 2000-01-01 00:00:00.000
  > Time since epoch....... 60000000000 ns
  > Absolute time.......... 2000-01-01 00:01:00.000
FORWARDING STATE AT T = 0ns (= 0.0 seconds)

BASIC INFORMATION
  > Epoch.................. 2000-01-01 00:00:00.000
  > Time since epoch....... 0 ns
  > Absolute time.......... 2000-01-01 00:00:00.000
  > Satellites............. 1584
  > Ground stations........ 101
  > Max. range GSL......... 1089686.4181956202m
  > Max. range ISL......... 5016591.233098428m

ISL INFORMATION
  > Total ISLs............. 3168
  > Min. ISLs/satellite.... 4
  > Max. ISLs/satellite.... 4

GSL INTERFACE INFORMATION
  > Min. GSL IFs/satellite........ 1
  > Max. GSL IFs/satellite........ 1
  > Min. GSL IFs/ground station... 1
  > Max. GSL IFs/ground_station... 1

GSL IN-RANGE INFORMATION
  > Min. satellites in range... 4
  > Max. satellites in range... 20

============================================================
🐒 CHAOS MONKEY CONFIGURATION
============================================================
  ENABLE_CHAOS_MONKEY       = True
  CHAOS_FAILURE_RATE        = 0.01 (1.0%)
  CHAOS_INTERVAL_SNAPSHOTS  = 1 (every 0.1s)
  CHAOS_LOG_FILE            = ../../logs/chaos_p1_k999.log
============================================================

[MODE] SP_OVER_PID_QUOTIENT=True
  > Calculating Floyd-Warshall for graph without ground-station relays
  > Writing forwarding state to: gen_data/starlink_550_isls_plus_grid_ground_stations_top_100_with_hsinchu_algorithm_hierarchical_virtual_gid_27deg_k999/dynamic_state_2000ms_for_200s/fstate_0.txt
  > [SIGNALING] 累計統計: 4 事件, 0 字節
[STATS-DEBUG] 開始生成統計文件... PID=1717617, TID=137689229714496
[DEBUG] output_dynamic_state_dir: gen_data/starlink_550_isls_plus_grid_ground_stations_top_100_with_hsinchu_algorithm_hierarchical_virtual_gid_27deg_k999/dynamic_state_2000ms_for_200s
[DEBUG] k_best: 999
[DEBUG] scenario_info: ''
[DEBUG] temp_dir_name: temp_grhr_k999
  > [SIGNALING] 累計統計: 5 事件, 0 字節
FORWARDING STATE AT T = 2000000000ns (= 2.0 seconds)

BASIC INFORMATION
  > Epoch.................. 2000-01-01 00:00:00.000
  > Time since epoch....... 2000000000 ns
  > Absolute time.......... 2000-01-01 00:00:02.000
  > Satellites............. 1584
  > Ground stations........ 101
  > Max. range GSL......... 1089686.4181956202m
  > Max. range ISL......... 5016591.233098428m

ISL INFORMATION
  > Total ISLs............. 3168
  > Min. ISLs/satellite.... 4
  > Max. ISLs/satellite.... 4

GSL INTERFACE INFORMATION
  > Min. GSL IFs/satellite........ 1
  > Max. GSL IFs/satellite........ 1
  > Min. GSL IFs/ground station... 1
  > Max. GSL IFs/ground_station... 1

GSL IN-RANGE INFORMATION
  > Min. satellites in range... 4
  > Max. satellites in range... 20
[MODE] SP_OVER_PID_QUOTIENT=True
  > Calculating Floyd-Warshall for graph without ground-station relays
  > Writing forwarding state to: gen_data/starlink_550_isls_plus_grid_ground_stations_top_100_with_hsinchu_algorithm_hierarchical_virtual_gid_27deg_k999/dynamic_state_2000ms_for_200s/fstate_2000000000.txt
  > [SIGNALING] 累計統計: 8 事件, 0 字節
[STATS-DEBUG] 開始生成統計文件... PID=1717617, TID=137689229714496
[DEBUG] output_dynamic_state_dir: gen_data/starlink_550_isls_plus_grid_ground_stations_top_100_with_hsinchu_algorithm_hierarchical_virtual_gid_27deg_k999/dynamic_state_2000ms_for_200s
[DEBUG] k_best: 999
[DEBUG] scenario_info: ''
[DEBUG] temp_dir_name: temp_grhr_k999
  > [SIGNALING] 累計統計: 9 事件, 0 字節
FORWARDING STATE AT T = 4000000000ns (= 4.0 seconds)

BASIC INFORMATION
  > Epoch.................. 2000-01-01 00:00:00.000
  > Time since epoch....... 4000000000 ns
  > Absolute time.......... 2000-01-01 00:00:04.000
  > Satellites............. 1584
  > Ground stations........ 101
  > Max. range GSL......... 1089686.4181956202m
  > Max. range ISL......... 5016591.233098428m

ISL INFORMATION
  > Total ISLs............. 3168
  > Min. ISLs/satellite.... 4
  > Max. ISLs/satellite.... 4

GSL INTERFACE INFORMATION
  > Min. GSL IFs/satellite........ 1
  > Max. GSL IFs/satellite........ 1
  > Min. GSL IFs/ground station... 1
  > Max. GSL IFs/ground_station... 1

GSL IN-RANGE INFORMATION
  > Min. satellites in range... 4
  > Max. satellites in range... 20
[MODE] SP_OVER_PID_QUOTIENT=True
  > Calculating Floyd-Warshall for graph without ground-station relays
  > Writing forwarding state to: gen_data/starlink_550_isls_plus_grid_ground_stations_top_100_with_hsinchu_algorithm_hierarchical_virtual_gid_27deg_k999/dynamic_state_2000ms_for_200s/fstate_4000000000.txt
  > [SIGNALING] 累計統計: 12 事件, 0 字節
[STATS-DEBUG] 開始生成統計文件... PID=1717617, TID=137689229714496
[DEBUG] output_dynamic_state_dir: gen_data/starlink_550_isls_plus_grid_ground_stations_top_100_with_hsinchu_algorithm_hierarchical_virtual_gid_27deg_k999/dynamic_state_2000ms_for_200s
[DEBUG] k_best: 999
[DEBUG] scenario_info: ''
[DEBUG] temp_dir_name: temp_grhr_k999
  > [SIGNALING] 累計統計: 13 事件, 0 字節
FORWARDING STATE AT T = 6000000000ns (= 6.0 seconds)

BASIC INFORMATION
  > Epoch.................. 2000-01-01 00:00:00.000
  > Time since epoch....... 6000000000 ns
  > Absolute time.......... 2000-01-01 00:00:06.000
  > Satellites............. 1584
  > Ground stations........ 101
  > Max. range GSL......... 1089686.4181956202m
  > Max. range ISL......... 5016591.233098428m

ISL INFORMATION
  > Total ISLs............. 3168
  > Min. ISLs/satellite.... 4
  > Max. ISLs/satellite.... 4

GSL INTERFACE INFORMATION
  > Min. GSL IFs/satellite........ 1
  > Max. GSL IFs/satellite........ 1
  > Min. GSL IFs/ground station... 1
  > Max. GSL IFs/ground_station... 1

GSL IN-RANGE INFORMATION
  > Min. satellites in range... 4
  > Max. satellites in range... 20
[MODE] SP_OVER_PID_QUOTIENT=True
  > Calculating Floyd-Warshall for graph without ground-station relays
  > Writing forwarding state to: gen_data/starlink_550_isls_plus_grid_ground_stations_top_100_with_hsinchu_algorithm_hierarchical_virtual_gid_27deg_k999/dynamic_state_2000ms_for_200s/fstate_6000000000.txt
  > [SIGNALING] 累計統計: 16 事件, 0 字節
[STATS-DEBUG] 開始生成統計文件... PID=1717617, TID=137689229714496
[DEBUG] output_dynamic_state_dir: gen_data/starlink_550_isls_plus_grid_ground_stations_top_100_with_hsinchu_algorithm_hierarchical_virtual_gid_27deg_k999/dynamic_state_2000ms_for_200s
[DEBUG] k_best: 999
[DEBUG] scenario_info: ''
[DEBUG] temp_dir_name: temp_grhr_k999
  > [SIGNALING] 累計統計: 17 事件, 0 字節
FORWARDING STATE AT T = 8000000000ns (= 8.0 seconds)

BASIC INFORMATION
  > Epoch.................. 2000-01-01 00:00:00.000
  > Time since epoch....... 8000000000 ns
  > Absolute time.......... 2000-01-01 00:00:08.000
  > Satellites............. 1584
  > Ground stations........ 101
  > Max. range GSL......... 1089686.4181956202m
  > Max. range ISL......... 5016591.233098428m

ISL INFORMATION
  > Total ISLs............. 3168
  > Min. ISLs/satellite.... 4
  > Max. ISLs/satellite.... 4

GSL INTERFACE INFORMATION
  > Min. GSL IFs/satellite........ 1
  > Max. GSL IFs/satellite........ 1
  > Min. GSL IFs/ground station... 1
  > Max. GSL IFs/ground_station... 1

GSL IN-RANGE INFORMATION
  > Min. satellites in range... 4
  > Max. satellites in range... 19
[MODE] SP_OVER_PID_QUOTIENT=True
  > Calculating Floyd-Warshall for graph without ground-station relays
  > Writing forwarding state to: gen_data/starlink_550_isls_plus_grid_ground_stations_top_100_with_hsinchu_algorithm_hierarchical_virtual_gid_27deg_k999/dynamic_state_2000ms_for_200s/fstate_8000000000.txt
  > [SIGNALING] 累計統計: 20 事件, 0 字節
[STATS-DEBUG] 開始生成統計文件... PID=1717617, TID=137689229714496
[DEBUG] output_dynamic_state_dir: gen_data/starlink_550_isls_plus_grid_ground_stations_top_100_with_hsinchu_algorithm_hierarchical_virtual_gid_27deg_k999/dynamic_state_2000ms_for_200s
[DEBUG] k_best: 999
[DEBUG] scenario_info: ''
[DEBUG] temp_dir_name: temp_grhr_k999
  > [SIGNALING] 累計統計: 21 事件, 0 字節
FORWARDING STATE AT T = 10000000000ns (= 10.0 seconds)

BASIC INFORMATION
  > Epoch.................. 2000-01-01 00:00:00.000
  > Time since epoch....... 10000000000 ns
  > Absolute time.......... 2000-01-01 00:00:10.000
  > Satellites............. 1584
  > Absolute time.......... 2000-01-01 00:01:50.000
  > Satellites............. 1584
  > Ground stations........ 101
  > Max. range GSL......... 1089686.4181956202m
  > Max. range ISL......... 5016591.233098428m

ISL INFORMATION
  > Total ISLs............. 3168
  > Min. ISLs/satellite.... 4
  > Max. ISLs/satellite.... 4

GSL INTERFACE INFORMATION
  > Min. GSL IFs/satellite........ 1
  > Max. GSL IFs/satellite........ 1
  > Min. GSL IFs/ground station... 1
  > Max. GSL IFs/ground_station... 1

GSL IN-RANGE INFORMATION
  > Min. satellites in range... 4
  > Max. satellites in range... 20
[MODE] SP_OVER_PID_QUOTIENT=True
  > Calculating Floyd-Warshall for graph without ground-station relays
  > Writing forwarding state to: gen_data/starlink_550_isls_plus_grid_ground_stations_top_100_with_hsinchu_algorithm_hierarchical_virtual_gid_27deg_k999/dynamic_state_2000ms_for_200s/fstate_110000000000.txt
  > [SIGNALING] 累計統計: 24 事件, 0 字節
[STATS-DEBUG] 開始生成統計文件... PID=1717619, TID=137689229714496
[DEBUG] output_dynamic_state_dir: gen_data/starlink_550_isls_plus_grid_ground_stations_top_100_with_hsinchu_algorithm_hierarchical_virtual_gid_27deg_k999/dynamic_state_2000ms_for_200s
[DEBUG] k_best: 999
[DEBUG] scenario_info: ''
[DEBUG] temp_dir_name: temp_grhr_k999
  > [SIGNALING] 累計統計: 25 事件, 0 字節
FORWARDING STATE AT T = 112000000000ns (= 112.0 seconds)

BASIC INFORMATION
  > Epoch.................. 2000-01-01 00:00:00.000
  > Time since epoch....... 112000000000 ns
  > Absolute time.......... 2000-01-01 00:01:52.000
  > Satellites............. 1584
  > Ground stations........ 101
  > Max. range GSL......... 1089686.4181956202m
  > Max. range ISL......... 5016591.233098428m

ISL INFORMATION
  > Total ISLs............. 3168
  > Min. ISLs/satellite.... 4
  > Max. ISLs/satellite.... 4

GSL INTERFACE INFORMATION
  > Min. GSL IFs/satellite........ 1
  > Max. GSL IFs/satellite........ 1
  > Min. GSL IFs/ground station... 1
  > Max. GSL IFs/ground_station... 1

GSL IN-RANGE INFORMATION
  > Min. satellites in range... 4
  > Max. satellites in range... 20
[MODE] SP_OVER_PID_QUOTIENT=True
  > Calculating Floyd-Warshall for graph without ground-station relays
  > Writing forwarding state to: gen_data/starlink_550_isls_plus_grid_ground_stations_top_100_with_hsinchu_algorithm_hierarchical_virtual_gid_27deg_k999/dynamic_state_2000ms_for_200s/fstate_112000000000.txt
  > [SIGNALING] 累計統計: 28 事件, 0 字節
[STATS-DEBUG] 開始生成統計文件... PID=1717619, TID=137689229714496
[DEBUG] output_dynamic_state_dir: gen_data/starlink_550_isls_plus_grid_ground_stations_top_100_with_hsinchu_algorithm_hierarchical_virtual_gid_27deg_k999/dynamic_state_2000ms_for_200s
[DEBUG] k_best: 999
[DEBUG] scenario_info: ''
[DEBUG] temp_dir_name: temp_grhr_k999
  > [SIGNALING] 累計統計: 29 事件, 0 字節
FORWARDING STATE AT T = 114000000000ns (= 114.0 seconds)

BASIC INFORMATION
  > Epoch.................. 2000-01-01 00:00:00.000
  > Time since epoch....... 114000000000 ns
  > Absolute time.......... 2000-01-01 00:01:54.000
  > Satellites............. 1584
  > Ground stations........ 101
  > Max. range GSL......... 1089686.4181956202m
  > Max. range ISL......... 5016591.233098428m

ISL INFORMATION
  > Total ISLs............. 3168
  > Min. ISLs/satellite.... 4
  > Max. ISLs/satellite.... 4

GSL INTERFACE INFORMATION
  > Min. GSL IFs/satellite........ 1
  > Max. GSL IFs/satellite........ 1
  > Min. GSL IFs/ground station... 1
  > Max. GSL IFs/ground_station... 1

GSL IN-RANGE INFORMATION
  > Min. satellites in range... 4
  > Max. satellites in range... 20
[MODE] SP_OVER_PID_QUOTIENT=True
  > Calculating Floyd-Warshall for graph without ground-station relays
  > Writing forwarding state to: gen_data/starlink_550_isls_plus_grid_ground_stations_top_100_with_hsinchu_algorithm_hierarchical_virtual_gid_27deg_k999/dynamic_state_2000ms_for_200s/fstate_114000000000.txt
  > [SIGNALING] 累計統計: 32 事件, 0 字節
[STATS-DEBUG] 開始生成統計文件... PID=1717619, TID=137689229714496
[DEBUG] output_dynamic_state_dir: gen_data/starlink_550_isls_plus_grid_ground_stations_top_100_with_hsinchu_algorithm_hierarchical_virtual_gid_27deg_k999/dynamic_state_2000ms_for_200s
[DEBUG] k_best: 999
[DEBUG] scenario_info: ''
[DEBUG] temp_dir_name: temp_grhr_k999
  > [SIGNALING] 累計統計: 33 事件, 0 字節
FORWARDING STATE AT T = 116000000000ns (= 116.0 seconds)

BASIC INFORMATION
  > Epoch.................. 2000-01-01 00:00:00.000
  > Time since epoch....... 116000000000 ns
  > Absolute time.......... 2000-01-01 00:01:56.000
  > Satellites............. 1584
  > Ground stations........ 101
  > Max. range GSL......... 1089686.4181956202m
  > Max. range ISL......... 5016591.233098428m

ISL INFORMATION
  > Total ISLs............. 3168
  > Min. ISLs/satellite.... 4
  > Max. ISLs/satellite.... 4

GSL INTERFACE INFORMATION
  > Min. GSL IFs/satellite........ 1
  > Max. GSL IFs/satellite........ 1
  > Min. GSL IFs/ground station... 1
  > Max. GSL IFs/ground_station... 1

GSL IN-RANGE INFORMATION
  > Min. satellites in range... 4
  > Max. satellites in range... 20
[MODE] SP_OVER_PID_QUOTIENT=True
  > Calculating Floyd-Warshall for graph without ground-station relays
  > Writing forwarding state to: gen_data/starlink_550_isls_plus_grid_ground_stations_top_100_with_hsinchu_algorithm_hierarchical_virtual_gid_27deg_k999/dynamic_state_2000ms_for_200s/fstate_116000000000.txt
  > [SIGNALING] 累計統計: 36 事件, 0 字節
[STATS-DEBUG] 開始生成統計文件... PID=1717619, TID=137689229714496
[DEBUG] output_dynamic_state_dir: gen_data/starlink_550_isls_plus_grid_ground_stations_top_100_with_hsinchu_algorithm_hierarchical_virtual_gid_27deg_k999/dynamic_state_2000ms_for_200s
[DEBUG] k_best: 999
[DEBUG] scenario_info: ''
[DEBUG] temp_dir_name: temp_grhr_k999
  > [SIGNALING] 累計統計: 37 事件, 0 字節
FORWARDING STATE AT T = 118000000000ns (= 118.0 seconds)

BASIC INFORMATION
  > Epoch.................. 2000-01-01 00:00:00.000
  > Time since epoch....... 118000000000 ns
  > Absolute time.......... 2000-01-01 00:01:58.000
  > Satellites............. 1584
  > Ground stations........ 101
  > Max. range GSL......... 1089686.4181956202m
  > Max. range ISL......... 5016591.233098428m

ISL INFORMATION
  > Total ISLs............. 3168
  > Min. ISLs/satellite.... 4
  > Max. ISLs/satellite.... 4

GSL INTERFACE INFORMATION
  > Min. GSL IFs/satellite........ 1
  > Max. GSL IFs/satellite........ 1
  > Min. GSL IFs/ground station... 1
  > Max. GSL IFs/ground_station... 1

GSL IN-RANGE INFORMATION
  > Min. satellites in range... 4
  > Max. satellites in range... 20
[MODE] SP_OVER_PID_QUOTIENT=True
  > Calculating Floyd-Warshall for graph without ground-station relays
  > Writing forwarding state to: gen_data/starlink_550_isls_plus_grid_ground_stations_top_100_with_hsinchu_algorithm_hierarchical_virtual_gid_27deg_k999/dynamic_state_2000ms_for_200s/fstate_118000000000.txt
  > [SIGNALING] 累計統計: 40 事件, 0 字節
[STATS-DEBUG] 開始生成統計文件... PID=1717619, TID=137689229714496
[DEBUG] output_dynamic_state_dir: gen_data/starlink_550_isls_plus_grid_ground_stations_top_100_with_hsinchu_algorithm_hierarchical_virtual_gid_27deg_k999/dynamic_state_2000ms_for_200s
[DEBUG] k_best: 999
[DEBUG] scenario_info: ''
[DEBUG] temp_dir_name: temp_grhr_k999
  > [SIGNALING] 累計統計: 41 事件, 0 字節
FORWARDING STATE AT T = 120000000000ns (= 120.0 seconds)

BASIC INFORMATION
  > Epoch.................. 2000-01-01 00:00:00.000
  > Time since epoch....... 120000000000 ns
  > Absolute time.......... 2000-01-01 00:02:00.000
  > Satellites............. 1584
  > Ground stations........ 101
  > Max. range GSL......... 1089686.4181956202m
  > Max. range ISL......... 5016591.233098428m

ISL INFORMATION
  > Total ISLs............. 3168
  > Min. ISLs/satellite.... 4
  > Max. ISLs/satellite.... 4

GSL INTERFACE INFORMATION
  > Min. GSL IFs/satellite........ 1
  > Max. GSL IFs/satellite........ 1
  > Min. GSL IFs/ground station... 1
  > Max. GSL IFs/ground_station... 1

GSL IN-RANGE INFORMATION
  > Min. satellites in range... 4
  > Max. satellites in range... 20
  > Absolute time.......... 2000-01-01 00:02:40.000
  > Satellites............. 1584
  > Ground stations........ 101
  > Max. range GSL......... 1089686.4181956202m
  > Max. range ISL......... 5016591.233098428m

ISL INFORMATION
  > Total ISLs............. 3168
  > Min. ISLs/satellite.... 4
  > Max. ISLs/satellite.... 4

GSL INTERFACE INFORMATION
  > Min. GSL IFs/satellite........ 1
  > Max. GSL IFs/satellite........ 1
  > Min. GSL IFs/ground station... 1
  > Max. GSL IFs/ground_station... 1

GSL IN-RANGE INFORMATION
  > Min. satellites in range... 5
  > Max. satellites in range... 19
[MODE] SP_OVER_PID_QUOTIENT=True
  > Calculating Floyd-Warshall for graph without ground-station relays
  > Writing forwarding state to: gen_data/starlink_550_isls_plus_grid_ground_stations_top_100_with_hsinchu_algorithm_hierarchical_virtual_gid_27deg_k999/dynamic_state_2000ms_for_200s/fstate_160000000000.txt
  > [SIGNALING] 累計統計: 24 事件, 0 字節
[STATS-DEBUG] 開始生成統計文件... PID=1717620, TID=137689229714496
[DEBUG] output_dynamic_state_dir: gen_data/starlink_550_isls_plus_grid_ground_stations_top_100_with_hsinchu_algorithm_hierarchical_virtual_gid_27deg_k999/dynamic_state_2000ms_for_200s
[DEBUG] k_best: 999
[DEBUG] scenario_info: ''
[DEBUG] temp_dir_name: temp_grhr_k999
  > [SIGNALING] 累計統計: 25 事件, 0 字節
FORWARDING STATE AT T = 162000000000ns (= 162.0 seconds)

BASIC INFORMATION
  > Epoch.................. 2000-01-01 00:00:00.000
  > Time since epoch....... 162000000000 ns
  > Absolute time.......... 2000-01-01 00:02:42.000
  > Satellites............. 1584
  > Ground stations........ 101
  > Max. range GSL......... 1089686.4181956202m
  > Max. range ISL......... 5016591.233098428m

ISL INFORMATION
  > Total ISLs............. 3168
  > Min. ISLs/satellite.... 4
  > Max. ISLs/satellite.... 4

GSL INTERFACE INFORMATION
  > Min. GSL IFs/satellite........ 1
  > Max. GSL IFs/satellite........ 1
  > Min. GSL IFs/ground station... 1
  > Max. GSL IFs/ground_station... 1

GSL IN-RANGE INFORMATION
  > Min. satellites in range... 5
  > Max. satellites in range... 19
[MODE] SP_OVER_PID_QUOTIENT=True
  > Calculating Floyd-Warshall for graph without ground-station relays
  > Writing forwarding state to: gen_data/starlink_550_isls_plus_grid_ground_stations_top_100_with_hsinchu_algorithm_hierarchical_virtual_gid_27deg_k999/dynamic_state_2000ms_for_200s/fstate_162000000000.txt
  > [SIGNALING] 累計統計: 28 事件, 0 字節
[STATS-DEBUG] 開始生成統計文件... PID=1717620, TID=137689229714496
[DEBUG] output_dynamic_state_dir: gen_data/starlink_550_isls_plus_grid_ground_stations_top_100_with_hsinchu_algorithm_hierarchical_virtual_gid_27deg_k999/dynamic_state_2000ms_for_200s
[DEBUG] k_best: 999
[DEBUG] scenario_info: ''
[DEBUG] temp_dir_name: temp_grhr_k999
  > [SIGNALING] 累計統計: 29 事件, 0 字節
FORWARDING STATE AT T = 164000000000ns (= 164.0 seconds)

BASIC INFORMATION
  > Epoch.................. 2000-01-01 00:00:00.000
  > Time since epoch....... 164000000000 ns
  > Absolute time.......... 2000-01-01 00:02:44.000
  > Satellites............. 1584
  > Ground stations........ 101
  > Max. range GSL......... 1089686.4181956202m
  > Max. range ISL......... 5016591.233098428m

ISL INFORMATION
  > Total ISLs............. 3168
  > Min. ISLs/satellite.... 4
  > Max. ISLs/satellite.... 4

GSL INTERFACE INFORMATION
  > Min. GSL IFs/satellite........ 1
  > Max. GSL IFs/satellite........ 1
  > Min. GSL IFs/ground station... 1
  > Max. GSL IFs/ground_station... 1

GSL IN-RANGE INFORMATION
  > Min. satellites in range... 5
  > Max. satellites in range... 20
[MODE] SP_OVER_PID_QUOTIENT=True
  > Calculating Floyd-Warshall for graph without ground-station relays
  > Writing forwarding state to: gen_data/starlink_550_isls_plus_grid_ground_stations_top_100_with_hsinchu_algorithm_hierarchical_virtual_gid_27deg_k999/dynamic_state_2000ms_for_200s/fstate_164000000000.txt
  > [SIGNALING] 累計統計: 32 事件, 0 字節
[STATS-DEBUG] 開始生成統計文件... PID=1717620, TID=137689229714496
[DEBUG] output_dynamic_state_dir: gen_data/starlink_550_isls_plus_grid_ground_stations_top_100_with_hsinchu_algorithm_hierarchical_virtual_gid_27deg_k999/dynamic_state_2000ms_for_200s
[DEBUG] k_best: 999
[DEBUG] scenario_info: ''
[DEBUG] temp_dir_name: temp_grhr_k999
  > [SIGNALING] 累計統計: 33 事件, 0 字節
FORWARDING STATE AT T = 166000000000ns (= 166.0 seconds)

BASIC INFORMATION
  > Epoch.................. 2000-01-01 00:00:00.000
  > Time since epoch....... 166000000000 ns
  > Absolute time.......... 2000-01-01 00:02:46.000
  > Satellites............. 1584
  > Ground stations........ 101
  > Max. range GSL......... 1089686.4181956202m
  > Max. range ISL......... 5016591.233098428m

ISL INFORMATION
  > Total ISLs............. 3168
  > Min. ISLs/satellite.... 4
  > Max. ISLs/satellite.... 4

GSL INTERFACE INFORMATION
  > Min. GSL IFs/satellite........ 1
  > Max. GSL IFs/satellite........ 1
  > Min. GSL IFs/ground station... 1
  > Max. GSL IFs/ground_station... 1

GSL IN-RANGE INFORMATION
  > Min. satellites in range... 5
  > Max. satellites in range... 20
[MODE] SP_OVER_PID_QUOTIENT=True
  > Calculating Floyd-Warshall for graph without ground-station relays
  > Writing forwarding state to: gen_data/starlink_550_isls_plus_grid_ground_stations_top_100_with_hsinchu_algorithm_hierarchical_virtual_gid_27deg_k999/dynamic_state_2000ms_for_200s/fstate_166000000000.txt
  > [SIGNALING] 累計統計: 36 事件, 0 字節
[STATS-DEBUG] 開始生成統計文件... PID=1717620, TID=137689229714496
[DEBUG] output_dynamic_state_dir: gen_data/starlink_550_isls_plus_grid_ground_stations_top_100_with_hsinchu_algorithm_hierarchical_virtual_gid_27deg_k999/dynamic_state_2000ms_for_200s
[DEBUG] k_best: 999
[DEBUG] scenario_info: ''
[DEBUG] temp_dir_name: temp_grhr_k999
  > [SIGNALING] 累計統計: 37 事件, 0 字節
FORWARDING STATE AT T = 168000000000ns (= 168.0 seconds)

BASIC INFORMATION
  > Epoch.................. 2000-01-01 00:00:00.000
  > Time since epoch....... 168000000000 ns
  > Absolute time.......... 2000-01-01 00:02:48.000
  > Satellites............. 1584
  > Ground stations........ 101
  > Max. range GSL......... 1089686.4181956202m
  > Max. range ISL......... 5016591.233098428m

ISL INFORMATION
  > Total ISLs............. 3168
  > Min. ISLs/satellite.... 4
  > Max. ISLs/satellite.... 4

GSL INTERFACE INFORMATION
  > Min. GSL IFs/satellite........ 1
  > Max. GSL IFs/satellite........ 1
  > Min. GSL IFs/ground station... 1
  > Max. GSL IFs/ground_station... 1

GSL IN-RANGE INFORMATION
  > Min. satellites in range... 4
  > Max. satellites in range... 19
[MODE] SP_OVER_PID_QUOTIENT=True
  > Calculating Floyd-Warshall for graph without ground-station relays
  > Writing forwarding state to: gen_data/starlink_550_isls_plus_grid_ground_stations_top_100_with_hsinchu_algorithm_hierarchical_virtual_gid_27deg_k999/dynamic_state_2000ms_for_200s/fstate_168000000000.txt
  > [SIGNALING] 累計統計: 40 事件, 0 字節
[STATS-DEBUG] 開始生成統計文件... PID=1717620, TID=137689229714496
[DEBUG] output_dynamic_state_dir: gen_data/starlink_550_isls_plus_grid_ground_stations_top_100_with_hsinchu_algorithm_hierarchical_virtual_gid_27deg_k999/dynamic_state_2000ms_for_200s
[DEBUG] k_best: 999
[DEBUG] scenario_info: ''
[DEBUG] temp_dir_name: temp_grhr_k999
  > [SIGNALING] 累計統計: 41 事件, 0 字節
FORWARDING STATE AT T = 170000000000ns (= 170.0 seconds)

BASIC INFORMATION
  > Epoch.................. 2000-01-01 00:00:00.000
  > Time since epoch....... 170000000000 ns
  > Absolute time.......... 2000-01-01 00:02:50.000
  > Satellites............. 1584
  > Ground stations........ 101
  > Max. range GSL......... 1089686.4181956202m
  > Max. range ISL......... 5016591.233098428m

ISL INFORMATION
  > Total ISLs............. 3168
  > Min. ISLs/satellite.... 4
  > Max. ISLs/satellite.... 4

GSL INTERFACE INFORMATION
  > Min. GSL IFs/satellite........ 1
  > Max. GSL IFs/satellite........ 1
  > Min. GSL IFs/ground station... 1
  > Max. GSL IFs/ground_station... 1

GSL IN-RANGE INFORMATION
  > Min. satellites in range... 4
  > Max. satellites in range... 20
  > Satellites............. 1584
  > Ground stations........ 101
  > Max. range GSL......... 1089686.4181956202m
  > Max. range ISL......... 5016591.233098428m

ISL INFORMATION
  > Total ISLs............. 3168
  > Min. ISLs/satellite.... 4
  > Max. ISLs/satellite.... 4

GSL INTERFACE INFORMATION
  > Min. GSL IFs/satellite........ 1
  > Max. GSL IFs/satellite........ 1
  > Min. GSL IFs/ground station... 1
  > Max. GSL IFs/ground_station... 1

GSL IN-RANGE INFORMATION
  > Min. satellites in range... 3
  > Max. satellites in range... 20
[MODE] SP_OVER_PID_QUOTIENT=True
  > Calculating Floyd-Warshall for graph without ground-station relays
  > Writing forwarding state to: gen_data/starlink_550_isls_plus_grid_ground_stations_top_100_with_hsinchu_algorithm_hierarchical_virtual_gid_27deg_k999/dynamic_state_2000ms_for_200s/fstate_60000000000.txt
  > [SIGNALING] 累計統計: 24 事件, 0 字節
[STATS-DEBUG] 開始生成統計文件... PID=1717618, TID=137689229714496
[DEBUG] output_dynamic_state_dir: gen_data/starlink_550_isls_plus_grid_ground_stations_top_100_with_hsinchu_algorithm_hierarchical_virtual_gid_27deg_k999/dynamic_state_2000ms_for_200s
[DEBUG] k_best: 999
[DEBUG] scenario_info: ''
[DEBUG] temp_dir_name: temp_grhr_k999
  > [SIGNALING] 累計統計: 25 事件, 0 字節
FORWARDING STATE AT T = 62000000000ns (= 62.0 seconds)

BASIC INFORMATION
  > Epoch.................. 2000-01-01 00:00:00.000
  > Time since epoch....... 62000000000 ns
  > Absolute time.......... 2000-01-01 00:01:02.000
  > Satellites............. 1584
  > Ground stations........ 101
  > Max. range GSL......... 1089686.4181956202m
  > Max. range ISL......... 5016591.233098428m

ISL INFORMATION
  > Total ISLs............. 3168
  > Min. ISLs/satellite.... 4
  > Max. ISLs/satellite.... 4

GSL INTERFACE INFORMATION
  > Min. GSL IFs/satellite........ 1
  > Max. GSL IFs/satellite........ 1
  > Min. GSL IFs/ground station... 1
  > Max. GSL IFs/ground_station... 1

GSL IN-RANGE INFORMATION
  > Min. satellites in range... 3
  > Max. satellites in range... 21
[MODE] SP_OVER_PID_QUOTIENT=True
  > Calculating Floyd-Warshall for graph without ground-station relays
  > Writing forwarding state to: gen_data/starlink_550_isls_plus_grid_ground_stations_top_100_with_hsinchu_algorithm_hierarchical_virtual_gid_27deg_k999/dynamic_state_2000ms_for_200s/fstate_62000000000.txt
  > [SIGNALING] 累計統計: 28 事件, 0 字節
[STATS-DEBUG] 開始生成統計文件... PID=1717618, TID=137689229714496
[DEBUG] output_dynamic_state_dir: gen_data/starlink_550_isls_plus_grid_ground_stations_top_100_with_hsinchu_algorithm_hierarchical_virtual_gid_27deg_k999/dynamic_state_2000ms_for_200s
[DEBUG] k_best: 999
[DEBUG] scenario_info: ''
[DEBUG] temp_dir_name: temp_grhr_k999
  > [SIGNALING] 累計統計: 29 事件, 0 字節
FORWARDING STATE AT T = 64000000000ns (= 64.0 seconds)

BASIC INFORMATION
  > Epoch.................. 2000-01-01 00:00:00.000
  > Time since epoch....... 64000000000 ns
  > Absolute time.......... 2000-01-01 00:01:04.000
  > Satellites............. 1584
  > Ground stations........ 101
  > Max. range GSL......... 1089686.4181956202m
  > Max. range ISL......... 5016591.233098428m

ISL INFORMATION
  > Total ISLs............. 3168
  > Min. ISLs/satellite.... 4
  > Max. ISLs/satellite.... 4

GSL INTERFACE INFORMATION
  > Min. GSL IFs/satellite........ 1
  > Max. GSL IFs/satellite........ 1
  > Min. GSL IFs/ground station... 1
  > Max. GSL IFs/ground_station... 1

GSL IN-RANGE INFORMATION
  > Min. satellites in range... 3
  > Max. satellites in range... 20
[MODE] SP_OVER_PID_QUOTIENT=True
  > Calculating Floyd-Warshall for graph without ground-station relays
  > Writing forwarding state to: gen_data/starlink_550_isls_plus_grid_ground_stations_top_100_with_hsinchu_algorithm_hierarchical_virtual_gid_27deg_k999/dynamic_state_2000ms_for_200s/fstate_64000000000.txt
  > [SIGNALING] 累計統計: 32 事件, 0 字節
[STATS-DEBUG] 開始生成統計文件... PID=1717618, TID=137689229714496
[DEBUG] output_dynamic_state_dir: gen_data/starlink_550_isls_plus_grid_ground_stations_top_100_with_hsinchu_algorithm_hierarchical_virtual_gid_27deg_k999/dynamic_state_2000ms_for_200s
[DEBUG] k_best: 999
[DEBUG] scenario_info: ''
[DEBUG] temp_dir_name: temp_grhr_k999
  > [SIGNALING] 累計統計: 33 事件, 0 字節
FORWARDING STATE AT T = 66000000000ns (= 66.0 seconds)

BASIC INFORMATION
  > Epoch.................. 2000-01-01 00:00:00.000
  > Time since epoch....... 66000000000 ns
  > Absolute time.......... 2000-01-01 00:01:06.000
  > Satellites............. 1584
  > Ground stations........ 101
  > Max. range GSL......... 1089686.4181956202m
  > Max. range ISL......... 5016591.233098428m

ISL INFORMATION
  > Total ISLs............. 3168
  > Min. ISLs/satellite.... 4
  > Max. ISLs/satellite.... 4

GSL INTERFACE INFORMATION
  > Min. GSL IFs/satellite........ 1
  > Max. GSL IFs/satellite........ 1
  > Min. GSL IFs/ground station... 1
  > Max. GSL IFs/ground_station... 1

GSL IN-RANGE INFORMATION
  > Min. satellites in range... 3
  > Max. satellites in range... 20
[MODE] SP_OVER_PID_QUOTIENT=True
  > Calculating Floyd-Warshall for graph without ground-station relays
  > Writing forwarding state to: gen_data/starlink_550_isls_plus_grid_ground_stations_top_100_with_hsinchu_algorithm_hierarchical_virtual_gid_27deg_k999/dynamic_state_2000ms_for_200s/fstate_66000000000.txt
  > [SIGNALING] 累計統計: 36 事件, 0 字節
[STATS-DEBUG] 開始生成統計文件... PID=1717618, TID=137689229714496
[DEBUG] output_dynamic_state_dir: gen_data/starlink_550_isls_plus_grid_ground_stations_top_100_with_hsinchu_algorithm_hierarchical_virtual_gid_27deg_k999/dynamic_state_2000ms_for_200s
[DEBUG] k_best: 999
[DEBUG] scenario_info: ''
[DEBUG] temp_dir_name: temp_grhr_k999
  > [SIGNALING] 累計統計: 37 事件, 0 字節
FORWARDING STATE AT T = 68000000000ns (= 68.0 seconds)

BASIC INFORMATION
  > Epoch.................. 2000-01-01 00:00:00.000
  > Time since epoch....... 68000000000 ns
  > Absolute time.......... 2000-01-01 00:01:08.000
  > Satellites............. 1584
  > Ground stations........ 101
  > Max. range GSL......... 1089686.4181956202m
  > Max. range ISL......... 5016591.233098428m

ISL INFORMATION
  > Total ISLs............. 3168
  > Min. ISLs/satellite.... 4
  > Max. ISLs/satellite.... 4

GSL INTERFACE INFORMATION
  > Min. GSL IFs/satellite........ 1
  > Max. GSL IFs/satellite........ 1
  > Min. GSL IFs/ground station... 1
  > Max. GSL IFs/ground_station... 1

GSL IN-RANGE INFORMATION
  > Min. satellites in range... 3
  > Max. satellites in range... 20
[MODE] SP_OVER_PID_QUOTIENT=True
  > Calculating Floyd-Warshall for graph without ground-station relays
  > Writing forwarding state to: gen_data/starlink_550_isls_plus_grid_ground_stations_top_100_with_hsinchu_algorithm_hierarchical_virtual_gid_27deg_k999/dynamic_state_2000ms_for_200s/fstate_68000000000.txt
  > [SIGNALING] 累計統計: 40 事件, 0 字節
[STATS-DEBUG] 開始生成統計文件... PID=1717618, TID=137689229714496
[DEBUG] output_dynamic_state_dir: gen_data/starlink_550_isls_plus_grid_ground_stations_top_100_with_hsinchu_algorithm_hierarchical_virtual_gid_27deg_k999/dynamic_state_2000ms_for_200s
[DEBUG] k_best: 999
[DEBUG] scenario_info: ''
[DEBUG] temp_dir_name: temp_grhr_k999
  > [SIGNALING] 累計統計: 41 事件, 0 字節
FORWARDING STATE AT T = 70000000000ns (= 70.0 seconds)

BASIC INFORMATION
  > Epoch.................. 2000-01-01 00:00:00.000
  > Time since epoch....... 70000000000 ns
  > Absolute time.......... 2000-01-01 00:01:10.000
  > Satellites............. 1584
  > Ground stations........ 101
  > Max. range GSL......... 1089686.4181956202m
  > Max. range ISL......... 5016591.233098428m

ISL INFORMATION
  > Total ISLs............. 3168
  > Min. ISLs/satellite.... 4
  > Max. ISLs/satellite.... 4

GSL INTERFACE INFORMATION
  > Min. GSL IFs/satellite........ 1
  > Max. GSL IFs/satellite........ 1
  > Min. GSL IFs/ground station... 1
  > Max. GSL IFs/ground_station... 1

GSL IN-RANGE INFORMATION
  > Min. satellites in range... 3
  > Max. satellites in range... 21
[MODE] SP_OVER_PID_QUOTIENT=True
  > Ground stations........ 101
  > Max. range GSL......... 1089686.4181956202m
  > Max. range ISL......... 5016591.233098428m

ISL INFORMATION
  > Total ISLs............. 3168
  > Min. ISLs/satellite.... 4
  > Max. ISLs/satellite.... 4

GSL INTERFACE INFORMATION
  > Min. GSL IFs/satellite........ 1
  > Max. GSL IFs/satellite........ 1
  > Min. GSL IFs/ground station... 1
  > Max. GSL IFs/ground_station... 1

GSL IN-RANGE INFORMATION
  > Min. satellites in range... 4
  > Max. satellites in range... 20
[MODE] SP_OVER_PID_QUOTIENT=True
  > Calculating Floyd-Warshall for graph without ground-station relays
  > Writing forwarding state to: gen_data/starlink_550_isls_plus_grid_ground_stations_top_100_with_hsinchu_algorithm_hierarchical_virtual_gid_27deg_k999/dynamic_state_2000ms_for_200s/fstate_10000000000.txt
  > [SIGNALING] 累計統計: 24 事件, 0 字節
[STATS-DEBUG] 開始生成統計文件... PID=1717617, TID=137689229714496
[DEBUG] output_dynamic_state_dir: gen_data/starlink_550_isls_plus_grid_ground_stations_top_100_with_hsinchu_algorithm_hierarchical_virtual_gid_27deg_k999/dynamic_state_2000ms_for_200s
[DEBUG] k_best: 999
[DEBUG] scenario_info: ''
[DEBUG] temp_dir_name: temp_grhr_k999
  > [SIGNALING] 累計統計: 25 事件, 0 字節
FORWARDING STATE AT T = 12000000000ns (= 12.0 seconds)

BASIC INFORMATION
  > Epoch.................. 2000-01-01 00:00:00.000
  > Time since epoch....... 12000000000 ns
  > Absolute time.......... 2000-01-01 00:00:12.000
  > Satellites............. 1584
  > Ground stations........ 101
  > Max. range GSL......... 1089686.4181956202m
  > Max. range ISL......... 5016591.233098428m

ISL INFORMATION
  > Total ISLs............. 3168
  > Min. ISLs/satellite.... 4
  > Max. ISLs/satellite.... 4

GSL INTERFACE INFORMATION
  > Min. GSL IFs/satellite........ 1
  > Max. GSL IFs/satellite........ 1
  > Min. GSL IFs/ground station... 1
  > Max. GSL IFs/ground_station... 1

GSL IN-RANGE INFORMATION
  > Min. satellites in range... 4
  > Max. satellites in range... 20
[MODE] SP_OVER_PID_QUOTIENT=True
  > Calculating Floyd-Warshall for graph without ground-station relays
  > Writing forwarding state to: gen_data/starlink_550_isls_plus_grid_ground_stations_top_100_with_hsinchu_algorithm_hierarchical_virtual_gid_27deg_k999/dynamic_state_2000ms_for_200s/fstate_12000000000.txt
  > [SIGNALING] 累計統計: 28 事件, 0 字節
[STATS-DEBUG] 開始生成統計文件... PID=1717617, TID=137689229714496
[DEBUG] output_dynamic_state_dir: gen_data/starlink_550_isls_plus_grid_ground_stations_top_100_with_hsinchu_algorithm_hierarchical_virtual_gid_27deg_k999/dynamic_state_2000ms_for_200s
[DEBUG] k_best: 999
[DEBUG] scenario_info: ''
[DEBUG] temp_dir_name: temp_grhr_k999
  > [SIGNALING] 累計統計: 29 事件, 0 字節
FORWARDING STATE AT T = 14000000000ns (= 14.0 seconds)

BASIC INFORMATION
  > Epoch.................. 2000-01-01 00:00:00.000
  > Time since epoch....... 14000000000 ns
  > Absolute time.......... 2000-01-01 00:00:14.000
  > Satellites............. 1584
  > Ground stations........ 101
  > Max. range GSL......... 1089686.4181956202m
  > Max. range ISL......... 5016591.233098428m

ISL INFORMATION
  > Total ISLs............. 3168
  > Min. ISLs/satellite.... 4
  > Max. ISLs/satellite.... 4

GSL INTERFACE INFORMATION
  > Min. GSL IFs/satellite........ 1
  > Max. GSL IFs/satellite........ 1
  > Min. GSL IFs/ground station... 1
  > Max. GSL IFs/ground_station... 1

GSL IN-RANGE INFORMATION
  > Min. satellites in range... 4
  > Max. satellites in range... 20
[MODE] SP_OVER_PID_QUOTIENT=True
  > Calculating Floyd-Warshall for graph without ground-station relays
  > Writing forwarding state to: gen_data/starlink_550_isls_plus_grid_ground_stations_top_100_with_hsinchu_algorithm_hierarchical_virtual_gid_27deg_k999/dynamic_state_2000ms_for_200s/fstate_14000000000.txt
  > [SIGNALING] 累計統計: 32 事件, 0 字節
[STATS-DEBUG] 開始生成統計文件... PID=1717617, TID=137689229714496
[DEBUG] output_dynamic_state_dir: gen_data/starlink_550_isls_plus_grid_ground_stations_top_100_with_hsinchu_algorithm_hierarchical_virtual_gid_27deg_k999/dynamic_state_2000ms_for_200s
[DEBUG] k_best: 999
[DEBUG] scenario_info: ''
[DEBUG] temp_dir_name: temp_grhr_k999
  > [SIGNALING] 累計統計: 33 事件, 0 字節
FORWARDING STATE AT T = 16000000000ns (= 16.0 seconds)

BASIC INFORMATION
  > Epoch.................. 2000-01-01 00:00:00.000
  > Time since epoch....... 16000000000 ns
  > Absolute time.......... 2000-01-01 00:00:16.000
  > Satellites............. 1584
  > Ground stations........ 101
  > Max. range GSL......... 1089686.4181956202m
  > Max. range ISL......... 5016591.233098428m

ISL INFORMATION
  > Total ISLs............. 3168
  > Min. ISLs/satellite.... 4
  > Max. ISLs/satellite.... 4

GSL INTERFACE INFORMATION
  > Min. GSL IFs/satellite........ 1
  > Max. GSL IFs/satellite........ 1
  > Min. GSL IFs/ground station... 1
  > Max. GSL IFs/ground_station... 1

GSL IN-RANGE INFORMATION
  > Min. satellites in range... 4
  > Max. satellites in range... 20
[MODE] SP_OVER_PID_QUOTIENT=True
  > Calculating Floyd-Warshall for graph without ground-station relays
  > Writing forwarding state to: gen_data/starlink_550_isls_plus_grid_ground_stations_top_100_with_hsinchu_algorithm_hierarchical_virtual_gid_27deg_k999/dynamic_state_2000ms_for_200s/fstate_16000000000.txt
  > [SIGNALING] 累計統計: 36 事件, 0 字節
[STATS-DEBUG] 開始生成統計文件... PID=1717617, TID=137689229714496
[DEBUG] output_dynamic_state_dir: gen_data/starlink_550_isls_plus_grid_ground_stations_top_100_with_hsinchu_algorithm_hierarchical_virtual_gid_27deg_k999/dynamic_state_2000ms_for_200s
[DEBUG] k_best: 999
[DEBUG] scenario_info: ''
[DEBUG] temp_dir_name: temp_grhr_k999
  > [SIGNALING] 累計統計: 37 事件, 0 字節
FORWARDING STATE AT T = 18000000000ns (= 18.0 seconds)

BASIC INFORMATION
  > Epoch.................. 2000-01-01 00:00:00.000
  > Time since epoch....... 18000000000 ns
  > Absolute time.......... 2000-01-01 00:00:18.000
  > Satellites............. 1584
  > Ground stations........ 101
  > Max. range GSL......... 1089686.4181956202m
  > Max. range ISL......... 5016591.233098428m

ISL INFORMATION
  > Total ISLs............. 3168
  > Min. ISLs/satellite.... 4
  > Max. ISLs/satellite.... 4

GSL INTERFACE INFORMATION
  > Min. GSL IFs/satellite........ 1
  > Max. GSL IFs/satellite........ 1
  > Min. GSL IFs/ground station... 1
  > Max. GSL IFs/ground_station... 1

GSL IN-RANGE INFORMATION
  > Min. satellites in range... 4
  > Max. satellites in range... 20
[MODE] SP_OVER_PID_QUOTIENT=True
  > Calculating Floyd-Warshall for graph without ground-station relays
  > Writing forwarding state to: gen_data/starlink_550_isls_plus_grid_ground_stations_top_100_with_hsinchu_algorithm_hierarchical_virtual_gid_27deg_k999/dynamic_state_2000ms_for_200s/fstate_18000000000.txt
  > [SIGNALING] 累計統計: 40 事件, 0 字節
[STATS-DEBUG] 開始生成統計文件... PID=1717617, TID=137689229714496
[DEBUG] output_dynamic_state_dir: gen_data/starlink_550_isls_plus_grid_ground_stations_top_100_with_hsinchu_algorithm_hierarchical_virtual_gid_27deg_k999/dynamic_state_2000ms_for_200s
[DEBUG] k_best: 999
[DEBUG] scenario_info: ''
[DEBUG] temp_dir_name: temp_grhr_k999
  > [SIGNALING] 累計統計: 41 事件, 0 字節
FORWARDING STATE AT T = 20000000000ns (= 20.0 seconds)

BASIC INFORMATION
  > Epoch.................. 2000-01-01 00:00:00.000
  > Time since epoch....... 20000000000 ns
  > Absolute time.......... 2000-01-01 00:00:20.000
  > Satellites............. 1584
  > Ground stations........ 101
  > Max. range GSL......... 1089686.4181956202m
  > Max. range ISL......... 5016591.233098428m

ISL INFORMATION
  > Total ISLs............. 3168
  > Min. ISLs/satellite.... 4
  > Max. ISLs/satellite.... 4

GSL INTERFACE INFORMATION
  > Min. GSL IFs/satellite........ 1
  > Max. GSL IFs/satellite........ 1
  > Min. GSL IFs/ground station... 1
  > Max. GSL IFs/ground_station... 1

GSL IN-RANGE INFORMATION
  > Min. satellites in range... 4
  > Max. satellites in range... 20
[MODE] SP_OVER_PID_QUOTIENT=True
  > Calculating Floyd-Warshall for graph without ground-station relays
[MODE] SP_OVER_PID_QUOTIENT=True
  > Calculating Floyd-Warshall for graph without ground-station relays
  > Writing forwarding state to: gen_data/starlink_550_isls_plus_grid_ground_stations_top_100_with_hsinchu_algorithm_hierarchical_virtual_gid_27deg_k999/dynamic_state_2000ms_for_200s/fstate_120000000000.txt
  > [SIGNALING] 累計統計: 44 事件, 0 字節
[STATS-DEBUG] 開始生成統計文件... PID=1717619, TID=137689229714496
[DEBUG] output_dynamic_state_dir: gen_data/starlink_550_isls_plus_grid_ground_stations_top_100_with_hsinchu_algorithm_hierarchical_virtual_gid_27deg_k999/dynamic_state_2000ms_for_200s
[DEBUG] k_best: 999
[DEBUG] scenario_info: ''
[DEBUG] temp_dir_name: temp_grhr_k999
  > [SIGNALING] 累計統計: 45 事件, 0 字節
FORWARDING STATE AT T = 122000000000ns (= 122.0 seconds)

BASIC INFORMATION
  > Epoch.................. 2000-01-01 00:00:00.000
  > Time since epoch....... 122000000000 ns
  > Absolute time.......... 2000-01-01 00:02:02.000
  > Satellites............. 1584
  > Ground stations........ 101
  > Max. range GSL......... 1089686.4181956202m
  > Max. range ISL......... 5016591.233098428m

ISL INFORMATION
  > Total ISLs............. 3168
  > Min. ISLs/satellite.... 4
  > Max. ISLs/satellite.... 4

GSL INTERFACE INFORMATION
  > Min. GSL IFs/satellite........ 1
  > Max. GSL IFs/satellite........ 1
  > Min. GSL IFs/ground station... 1
  > Max. GSL IFs/ground_station... 1

GSL IN-RANGE INFORMATION
  > Min. satellites in range... 4
  > Max. satellites in range... 20
[MODE] SP_OVER_PID_QUOTIENT=True
  > Calculating Floyd-Warshall for graph without ground-station relays
  > Writing forwarding state to: gen_data/starlink_550_isls_plus_grid_ground_stations_top_100_with_hsinchu_algorithm_hierarchical_virtual_gid_27deg_k999/dynamic_state_2000ms_for_200s/fstate_122000000000.txt
  > [SIGNALING] 累計統計: 48 事件, 0 字節
[STATS-DEBUG] 開始生成統計文件... PID=1717619, TID=137689229714496
[DEBUG] output_dynamic_state_dir: gen_data/starlink_550_isls_plus_grid_ground_stations_top_100_with_hsinchu_algorithm_hierarchical_virtual_gid_27deg_k999/dynamic_state_2000ms_for_200s
[DEBUG] k_best: 999
[DEBUG] scenario_info: ''
[DEBUG] temp_dir_name: temp_grhr_k999
  > [SIGNALING] 累計統計: 49 事件, 0 字節
FORWARDING STATE AT T = 124000000000ns (= 124.0 seconds)

BASIC INFORMATION
  > Epoch.................. 2000-01-01 00:00:00.000
  > Time since epoch....... 124000000000 ns
  > Absolute time.......... 2000-01-01 00:02:04.000
  > Satellites............. 1584
  > Ground stations........ 101
  > Max. range GSL......... 1089686.4181956202m
  > Max. range ISL......... 5016591.233098428m

ISL INFORMATION
  > Total ISLs............. 3168
  > Min. ISLs/satellite.... 4
  > Max. ISLs/satellite.... 4

GSL INTERFACE INFORMATION
  > Min. GSL IFs/satellite........ 1
  > Max. GSL IFs/satellite........ 1
  > Min. GSL IFs/ground station... 1
  > Max. GSL IFs/ground_station... 1

GSL IN-RANGE INFORMATION
  > Min. satellites in range... 4
  > Max. satellites in range... 20
[MODE] SP_OVER_PID_QUOTIENT=True
  > Calculating Floyd-Warshall for graph without ground-station relays
  > Writing forwarding state to: gen_data/starlink_550_isls_plus_grid_ground_stations_top_100_with_hsinchu_algorithm_hierarchical_virtual_gid_27deg_k999/dynamic_state_2000ms_for_200s/fstate_124000000000.txt
  > [SIGNALING] 累計統計: 52 事件, 0 字節
[STATS-DEBUG] 開始生成統計文件... PID=1717619, TID=137689229714496
[DEBUG] output_dynamic_state_dir: gen_data/starlink_550_isls_plus_grid_ground_stations_top_100_with_hsinchu_algorithm_hierarchical_virtual_gid_27deg_k999/dynamic_state_2000ms_for_200s
[DEBUG] k_best: 999
[DEBUG] scenario_info: ''
[DEBUG] temp_dir_name: temp_grhr_k999
  > [SIGNALING] 累計統計: 53 事件, 0 字節
FORWARDING STATE AT T = 126000000000ns (= 126.0 seconds)

BASIC INFORMATION
  > Epoch.................. 2000-01-01 00:00:00.000
  > Time since epoch....... 126000000000 ns
  > Absolute time.......... 2000-01-01 00:02:06.000
  > Satellites............. 1584
  > Ground stations........ 101
  > Max. range GSL......... 1089686.4181956202m
  > Max. range ISL......... 5016591.233098428m

ISL INFORMATION
  > Total ISLs............. 3168
  > Min. ISLs/satellite.... 4
  > Max. ISLs/satellite.... 4

GSL INTERFACE INFORMATION
  > Min. GSL IFs/satellite........ 1
  > Max. GSL IFs/satellite........ 1
  > Min. GSL IFs/ground station... 1
  > Max. GSL IFs/ground_station... 1

GSL IN-RANGE INFORMATION
  > Min. satellites in range... 3
  > Max. satellites in range... 20
[MODE] SP_OVER_PID_QUOTIENT=True
  > Calculating Floyd-Warshall for graph without ground-station relays
  > Writing forwarding state to: gen_data/starlink_550_isls_plus_grid_ground_stations_top_100_with_hsinchu_algorithm_hierarchical_virtual_gid_27deg_k999/dynamic_state_2000ms_for_200s/fstate_126000000000.txt
  > [SIGNALING] 累計統計: 56 事件, 0 字節
[STATS-DEBUG] 開始生成統計文件... PID=1717619, TID=137689229714496
[DEBUG] output_dynamic_state_dir: gen_data/starlink_550_isls_plus_grid_ground_stations_top_100_with_hsinchu_algorithm_hierarchical_virtual_gid_27deg_k999/dynamic_state_2000ms_for_200s
[DEBUG] k_best: 999
[DEBUG] scenario_info: ''
[DEBUG] temp_dir_name: temp_grhr_k999
  > [SIGNALING] 累計統計: 57 事件, 0 字節
FORWARDING STATE AT T = 128000000000ns (= 128.0 seconds)

BASIC INFORMATION
  > Epoch.................. 2000-01-01 00:00:00.000
  > Time since epoch....... 128000000000 ns
  > Absolute time.......... 2000-01-01 00:02:08.000
  > Satellites............. 1584
  > Ground stations........ 101
  > Max. range GSL......... 1089686.4181956202m
  > Max. range ISL......... 5016591.233098428m

ISL INFORMATION
  > Total ISLs............. 3168
  > Min. ISLs/satellite.... 4
  > Max. ISLs/satellite.... 4

GSL INTERFACE INFORMATION
  > Min. GSL IFs/satellite........ 1
  > Max. GSL IFs/satellite........ 1
  > Min. GSL IFs/ground station... 1
  > Max. GSL IFs/ground_station... 1

GSL IN-RANGE INFORMATION
  > Min. satellites in range... 3
  > Max. satellites in range... 20
[MODE] SP_OVER_PID_QUOTIENT=True
  > Calculating Floyd-Warshall for graph without ground-station relays
  > Writing forwarding state to: gen_data/starlink_550_isls_plus_grid_ground_stations_top_100_with_hsinchu_algorithm_hierarchical_virtual_gid_27deg_k999/dynamic_state_2000ms_for_200s/fstate_128000000000.txt
  > [SIGNALING] 累計統計: 60 事件, 0 字節
[STATS-DEBUG] 開始生成統計文件... PID=1717619, TID=137689229714496
[DEBUG] output_dynamic_state_dir: gen_data/starlink_550_isls_plus_grid_ground_stations_top_100_with_hsinchu_algorithm_hierarchical_virtual_gid_27deg_k999/dynamic_state_2000ms_for_200s
[DEBUG] k_best: 999
[DEBUG] scenario_info: ''
[DEBUG] temp_dir_name: temp_grhr_k999
  > [SIGNALING] 累計統計: 61 事件, 0 字節
FORWARDING STATE AT T = 130000000000ns (= 130.0 seconds)

BASIC INFORMATION
  > Epoch.................. 2000-01-01 00:00:00.000
  > Time since epoch....... 130000000000 ns
  > Absolute time.......... 2000-01-01 00:02:10.000
  > Satellites............. 1584
  > Ground stations........ 101
  > Max. range GSL......... 1089686.4181956202m
  > Max. range ISL......... 5016591.233098428m

ISL INFORMATION
  > Total ISLs............. 3168
  > Min. ISLs/satellite.... 4
  > Max. ISLs/satellite.... 4

GSL INTERFACE INFORMATION
  > Min. GSL IFs/satellite........ 1
  > Max. GSL IFs/satellite........ 1
  > Min. GSL IFs/ground station... 1
  > Max. GSL IFs/ground_station... 1

GSL IN-RANGE INFORMATION
  > Min. satellites in range... 3
  > Max. satellites in range... 20
[MODE] SP_OVER_PID_QUOTIENT=True
  > Calculating Floyd-Warshall for graph without ground-station relays
  > Writing forwarding state to: gen_data/starlink_550_isls_plus_grid_ground_stations_top_100_with_hsinchu_algorithm_hierarchical_virtual_gid_27deg_k999/dynamic_state_2000ms_for_200s/fstate_130000000000.txt
  > [SIGNALING] 累計統計: 64 事件, 0 字節
[STATS-DEBUG] 開始生成統計文件... PID=1717619, TID=137689229714496
[MODE] SP_OVER_PID_QUOTIENT=True
  > Calculating Floyd-Warshall for graph without ground-station relays
  > Writing forwarding state to: gen_data/starlink_550_isls_plus_grid_ground_stations_top_100_with_hsinchu_algorithm_hierarchical_virtual_gid_27deg_k999/dynamic_state_2000ms_for_200s/fstate_170000000000.txt
  > [SIGNALING] 累計統計: 44 事件, 0 字節
[STATS-DEBUG] 開始生成統計文件... PID=1717620, TID=137689229714496
[DEBUG] output_dynamic_state_dir: gen_data/starlink_550_isls_plus_grid_ground_stations_top_100_with_hsinchu_algorithm_hierarchical_virtual_gid_27deg_k999/dynamic_state_2000ms_for_200s
[DEBUG] k_best: 999
[DEBUG] scenario_info: ''
[DEBUG] temp_dir_name: temp_grhr_k999
  > [SIGNALING] 累計統計: 45 事件, 0 字節
FORWARDING STATE AT T = 172000000000ns (= 172.0 seconds)

BASIC INFORMATION
  > Epoch.................. 2000-01-01 00:00:00.000
  > Time since epoch....... 172000000000 ns
  > Absolute time.......... 2000-01-01 00:02:52.000
  > Satellites............. 1584
  > Ground stations........ 101
  > Max. range GSL......... 1089686.4181956202m
  > Max. range ISL......... 5016591.233098428m

ISL INFORMATION
  > Total ISLs............. 3168
  > Min. ISLs/satellite.... 4
  > Max. ISLs/satellite.... 4

GSL INTERFACE INFORMATION
  > Min. GSL IFs/satellite........ 1
  > Max. GSL IFs/satellite........ 1
  > Min. GSL IFs/ground station... 1
  > Max. GSL IFs/ground_station... 1

GSL IN-RANGE INFORMATION
  > Min. satellites in range... 4
  > Max. satellites in range... 20
[MODE] SP_OVER_PID_QUOTIENT=True
  > Calculating Floyd-Warshall for graph without ground-station relays
  > Writing forwarding state to: gen_data/starlink_550_isls_plus_grid_ground_stations_top_100_with_hsinchu_algorithm_hierarchical_virtual_gid_27deg_k999/dynamic_state_2000ms_for_200s/fstate_172000000000.txt
  > [SIGNALING] 累計統計: 48 事件, 0 字節
[STATS-DEBUG] 開始生成統計文件... PID=1717620, TID=137689229714496
[DEBUG] output_dynamic_state_dir: gen_data/starlink_550_isls_plus_grid_ground_stations_top_100_with_hsinchu_algorithm_hierarchical_virtual_gid_27deg_k999/dynamic_state_2000ms_for_200s
[DEBUG] k_best: 999
[DEBUG] scenario_info: ''
[DEBUG] temp_dir_name: temp_grhr_k999
  > [SIGNALING] 累計統計: 49 事件, 0 字節
FORWARDING STATE AT T = 174000000000ns (= 174.0 seconds)

BASIC INFORMATION
  > Epoch.................. 2000-01-01 00:00:00.000
  > Time since epoch....... 174000000000 ns
  > Absolute time.......... 2000-01-01 00:02:54.000
  > Satellites............. 1584
  > Ground stations........ 101
  > Max. range GSL......... 1089686.4181956202m
  > Max. range ISL......... 5016591.233098428m

ISL INFORMATION
  > Total ISLs............. 3168
  > Min. ISLs/satellite.... 4
  > Max. ISLs/satellite.... 4

GSL INTERFACE INFORMATION
  > Min. GSL IFs/satellite........ 1
  > Max. GSL IFs/satellite........ 1
  > Min. GSL IFs/ground station... 1
  > Max. GSL IFs/ground_station... 1

GSL IN-RANGE INFORMATION
  > Min. satellites in range... 4
  > Max. satellites in range... 20
[MODE] SP_OVER_PID_QUOTIENT=True
  > Calculating Floyd-Warshall for graph without ground-station relays
  > Writing forwarding state to: gen_data/starlink_550_isls_plus_grid_ground_stations_top_100_with_hsinchu_algorithm_hierarchical_virtual_gid_27deg_k999/dynamic_state_2000ms_for_200s/fstate_174000000000.txt
  > [SIGNALING] 累計統計: 52 事件, 0 字節
[STATS-DEBUG] 開始生成統計文件... PID=1717620, TID=137689229714496
[DEBUG] output_dynamic_state_dir: gen_data/starlink_550_isls_plus_grid_ground_stations_top_100_with_hsinchu_algorithm_hierarchical_virtual_gid_27deg_k999/dynamic_state_2000ms_for_200s
[DEBUG] k_best: 999
[DEBUG] scenario_info: ''
[DEBUG] temp_dir_name: temp_grhr_k999
  > [SIGNALING] 累計統計: 53 事件, 0 字節
FORWARDING STATE AT T = 176000000000ns (= 176.0 seconds)

BASIC INFORMATION
  > Epoch.................. 2000-01-01 00:00:00.000
  > Time since epoch....... 176000000000 ns
  > Absolute time.......... 2000-01-01 00:02:56.000
  > Satellites............. 1584
  > Ground stations........ 101
  > Max. range GSL......... 1089686.4181956202m
  > Max. range ISL......... 5016591.233098428m

ISL INFORMATION
  > Total ISLs............. 3168
  > Min. ISLs/satellite.... 4
  > Max. ISLs/satellite.... 4

GSL INTERFACE INFORMATION
  > Min. GSL IFs/satellite........ 1
  > Max. GSL IFs/satellite........ 1
  > Min. GSL IFs/ground station... 1
  > Max. GSL IFs/ground_station... 1

GSL IN-RANGE INFORMATION
  > Min. satellites in range... 4
  > Max. satellites in range... 20
[MODE] SP_OVER_PID_QUOTIENT=True
  > Calculating Floyd-Warshall for graph without ground-station relays
  > Writing forwarding state to: gen_data/starlink_550_isls_plus_grid_ground_stations_top_100_with_hsinchu_algorithm_hierarchical_virtual_gid_27deg_k999/dynamic_state_2000ms_for_200s/fstate_176000000000.txt
  > [SIGNALING] 累計統計: 56 事件, 0 字節
[STATS-DEBUG] 開始生成統計文件... PID=1717620, TID=137689229714496
[DEBUG] output_dynamic_state_dir: gen_data/starlink_550_isls_plus_grid_ground_stations_top_100_with_hsinchu_algorithm_hierarchical_virtual_gid_27deg_k999/dynamic_state_2000ms_for_200s
[DEBUG] k_best: 999
[DEBUG] scenario_info: ''
[DEBUG] temp_dir_name: temp_grhr_k999
  > [SIGNALING] 累計統計: 57 事件, 0 字節
FORWARDING STATE AT T = 178000000000ns (= 178.0 seconds)

BASIC INFORMATION
  > Epoch.................. 2000-01-01 00:00:00.000
  > Time since epoch....... 178000000000 ns
  > Absolute time.......... 2000-01-01 00:02:58.000
  > Satellites............. 1584
  > Ground stations........ 101
  > Max. range GSL......... 1089686.4181956202m
  > Max. range ISL......... 5016591.233098428m

ISL INFORMATION
  > Total ISLs............. 3168
  > Min. ISLs/satellite.... 4
  > Max. ISLs/satellite.... 4

GSL INTERFACE INFORMATION
  > Min. GSL IFs/satellite........ 1
  > Max. GSL IFs/satellite........ 1
  > Min. GSL IFs/ground station... 1
  > Max. GSL IFs/ground_station... 1

GSL IN-RANGE INFORMATION
  > Min. satellites in range... 4
  > Max. satellites in range... 20
[MODE] SP_OVER_PID_QUOTIENT=True
  > Calculating Floyd-Warshall for graph without ground-station relays
  > Writing forwarding state to: gen_data/starlink_550_isls_plus_grid_ground_stations_top_100_with_hsinchu_algorithm_hierarchical_virtual_gid_27deg_k999/dynamic_state_2000ms_for_200s/fstate_178000000000.txt
  > [SIGNALING] 累計統計: 60 事件, 0 字節
[STATS-DEBUG] 開始生成統計文件... PID=1717620, TID=137689229714496
[DEBUG] output_dynamic_state_dir: gen_data/starlink_550_isls_plus_grid_ground_stations_top_100_with_hsinchu_algorithm_hierarchical_virtual_gid_27deg_k999/dynamic_state_2000ms_for_200s
[DEBUG] k_best: 999
[DEBUG] scenario_info: ''
[DEBUG] temp_dir_name: temp_grhr_k999
  > [SIGNALING] 累計統計: 61 事件, 0 字節
FORWARDING STATE AT T = 180000000000ns (= 180.0 seconds)

BASIC INFORMATION
  > Epoch.................. 2000-01-01 00:00:00.000
  > Time since epoch....... 180000000000 ns
  > Absolute time.......... 2000-01-01 00:03:00.000
  > Satellites............. 1584
  > Ground stations........ 101
  > Max. range GSL......... 1089686.4181956202m
  > Max. range ISL......... 5016591.233098428m

ISL INFORMATION
  > Total ISLs............. 3168
  > Min. ISLs/satellite.... 4
  > Max. ISLs/satellite.... 4

GSL INTERFACE INFORMATION
  > Min. GSL IFs/satellite........ 1
  > Max. GSL IFs/satellite........ 1
  > Min. GSL IFs/ground station... 1
  > Max. GSL IFs/ground_station... 1

GSL IN-RANGE INFORMATION
  > Min. satellites in range... 4
  > Max. satellites in range... 20
[MODE] SP_OVER_PID_QUOTIENT=True
  > Calculating Floyd-Warshall for graph without ground-station relays
  > Writing forwarding state to: gen_data/starlink_550_isls_plus_grid_ground_stations_top_100_with_hsinchu_algorithm_hierarchical_virtual_gid_27deg_k999/dynamic_state_2000ms_for_200s/fstate_180000000000.txt
  > [SIGNALING] 累計統計: 64 事件, 0 字節
[STATS-DEBUG] 開始生成統計文件... PID=1717620, TID=137689229714496
  > Writing forwarding state to: gen_data/starlink_550_isls_plus_grid_ground_stations_top_100_with_hsinchu_algorithm_hierarchical_virtual_gid_27deg_k999/dynamic_state_2000ms_for_200s/fstate_20000000000.txt
  > [SIGNALING] 累計統計: 44 事件, 0 字節
[STATS-DEBUG] 開始生成統計文件... PID=1717617, TID=137689229714496
[DEBUG] output_dynamic_state_dir: gen_data/starlink_550_isls_plus_grid_ground_stations_top_100_with_hsinchu_algorithm_hierarchical_virtual_gid_27deg_k999/dynamic_state_2000ms_for_200s
[DEBUG] k_best: 999
[DEBUG] scenario_info: ''
[DEBUG] temp_dir_name: temp_grhr_k999
  > [SIGNALING] 累計統計: 45 事件, 0 字節
FORWARDING STATE AT T = 22000000000ns (= 22.0 seconds)

BASIC INFORMATION
  > Epoch.................. 2000-01-01 00:00:00.000
  > Time since epoch....... 22000000000 ns
  > Absolute time.......... 2000-01-01 00:00:22.000
  > Satellites............. 1584
  > Ground stations........ 101
  > Max. range GSL......... 1089686.4181956202m
  > Max. range ISL......... 5016591.233098428m

ISL INFORMATION
  > Total ISLs............. 3168
  > Min. ISLs/satellite.... 4
  > Max. ISLs/satellite.... 4

GSL INTERFACE INFORMATION
  > Min. GSL IFs/satellite........ 1
  > Max. GSL IFs/satellite........ 1
  > Min. GSL IFs/ground station... 1
  > Max. GSL IFs/ground_station... 1

GSL IN-RANGE INFORMATION
  > Min. satellites in range... 4
  > Max. satellites in range... 20
[MODE] SP_OVER_PID_QUOTIENT=True
  > Calculating Floyd-Warshall for graph without ground-station relays
  > Writing forwarding state to: gen_data/starlink_550_isls_plus_grid_ground_stations_top_100_with_hsinchu_algorithm_hierarchical_virtual_gid_27deg_k999/dynamic_state_2000ms_for_200s/fstate_22000000000.txt
  > [SIGNALING] 累計統計: 48 事件, 0 字節
[STATS-DEBUG] 開始生成統計文件... PID=1717617, TID=137689229714496
[DEBUG] output_dynamic_state_dir: gen_data/starlink_550_isls_plus_grid_ground_stations_top_100_with_hsinchu_algorithm_hierarchical_virtual_gid_27deg_k999/dynamic_state_2000ms_for_200s
[DEBUG] k_best: 999
[DEBUG] scenario_info: ''
[DEBUG] temp_dir_name: temp_grhr_k999
  > [SIGNALING] 累計統計: 49 事件, 0 字節
FORWARDING STATE AT T = 24000000000ns (= 24.0 seconds)

BASIC INFORMATION
  > Epoch.................. 2000-01-01 00:00:00.000
  > Time since epoch....... 24000000000 ns
  > Absolute time.......... 2000-01-01 00:00:24.000
  > Satellites............. 1584
  > Ground stations........ 101
  > Max. range GSL......... 1089686.4181956202m
  > Max. range ISL......... 5016591.233098428m

ISL INFORMATION
  > Total ISLs............. 3168
  > Min. ISLs/satellite.... 4
  > Max. ISLs/satellite.... 4

GSL INTERFACE INFORMATION
  > Min. GSL IFs/satellite........ 1
  > Max. GSL IFs/satellite........ 1
  > Min. GSL IFs/ground station... 1
  > Max. GSL IFs/ground_station... 1

GSL IN-RANGE INFORMATION
  > Min. satellites in range... 4
  > Max. satellites in range... 19
[MODE] SP_OVER_PID_QUOTIENT=True
  > Calculating Floyd-Warshall for graph without ground-station relays
  > Writing forwarding state to: gen_data/starlink_550_isls_plus_grid_ground_stations_top_100_with_hsinchu_algorithm_hierarchical_virtual_gid_27deg_k999/dynamic_state_2000ms_for_200s/fstate_24000000000.txt
  > [SIGNALING] 累計統計: 52 事件, 0 字節
[STATS-DEBUG] 開始生成統計文件... PID=1717617, TID=137689229714496
[DEBUG] output_dynamic_state_dir: gen_data/starlink_550_isls_plus_grid_ground_stations_top_100_with_hsinchu_algorithm_hierarchical_virtual_gid_27deg_k999/dynamic_state_2000ms_for_200s
[DEBUG] k_best: 999
[DEBUG] scenario_info: ''
[DEBUG] temp_dir_name: temp_grhr_k999
  > [SIGNALING] 累計統計: 53 事件, 0 字節
FORWARDING STATE AT T = 26000000000ns (= 26.0 seconds)

BASIC INFORMATION
  > Epoch.................. 2000-01-01 00:00:00.000
  > Time since epoch....... 26000000000 ns
  > Absolute time.......... 2000-01-01 00:00:26.000
  > Satellites............. 1584
  > Ground stations........ 101
  > Max. range GSL......... 1089686.4181956202m
  > Max. range ISL......... 5016591.233098428m

ISL INFORMATION
  > Total ISLs............. 3168
  > Min. ISLs/satellite.... 4
  > Max. ISLs/satellite.... 4

GSL INTERFACE INFORMATION
  > Min. GSL IFs/satellite........ 1
  > Max. GSL IFs/satellite........ 1
  > Min. GSL IFs/ground station... 1
  > Max. GSL IFs/ground_station... 1

GSL IN-RANGE INFORMATION
  > Min. satellites in range... 4
  > Max. satellites in range... 19
[MODE] SP_OVER_PID_QUOTIENT=True
  > Calculating Floyd-Warshall for graph without ground-station relays
  > Writing forwarding state to: gen_data/starlink_550_isls_plus_grid_ground_stations_top_100_with_hsinchu_algorithm_hierarchical_virtual_gid_27deg_k999/dynamic_state_2000ms_for_200s/fstate_26000000000.txt
  > [SIGNALING] 累計統計: 56 事件, 0 字節
[STATS-DEBUG] 開始生成統計文件... PID=1717617, TID=137689229714496
[DEBUG] output_dynamic_state_dir: gen_data/starlink_550_isls_plus_grid_ground_stations_top_100_with_hsinchu_algorithm_hierarchical_virtual_gid_27deg_k999/dynamic_state_2000ms_for_200s
[DEBUG] k_best: 999
[DEBUG] scenario_info: ''
[DEBUG] temp_dir_name: temp_grhr_k999
  > [SIGNALING] 累計統計: 57 事件, 0 字節
FORWARDING STATE AT T = 28000000000ns (= 28.0 seconds)

BASIC INFORMATION
  > Epoch.................. 2000-01-01 00:00:00.000
  > Time since epoch....... 28000000000 ns
  > Absolute time.......... 2000-01-01 00:00:28.000
  > Satellites............. 1584
  > Ground stations........ 101
  > Max. range GSL......... 1089686.4181956202m
  > Max. range ISL......... 5016591.233098428m

ISL INFORMATION
  > Total ISLs............. 3168
  > Min. ISLs/satellite.... 4
  > Max. ISLs/satellite.... 4

GSL INTERFACE INFORMATION
  > Min. GSL IFs/satellite........ 1
  > Max. GSL IFs/satellite........ 1
  > Min. GSL IFs/ground station... 1
  > Max. GSL IFs/ground_station... 1

GSL IN-RANGE INFORMATION
  > Min. satellites in range... 4
  > Max. satellites in range... 19
[MODE] SP_OVER_PID_QUOTIENT=True
  > Calculating Floyd-Warshall for graph without ground-station relays
  > Writing forwarding state to: gen_data/starlink_550_isls_plus_grid_ground_stations_top_100_with_hsinchu_algorithm_hierarchical_virtual_gid_27deg_k999/dynamic_state_2000ms_for_200s/fstate_28000000000.txt
  > [SIGNALING] 累計統計: 60 事件, 0 字節
[STATS-DEBUG] 開始生成統計文件... PID=1717617, TID=137689229714496
[DEBUG] output_dynamic_state_dir: gen_data/starlink_550_isls_plus_grid_ground_stations_top_100_with_hsinchu_algorithm_hierarchical_virtual_gid_27deg_k999/dynamic_state_2000ms_for_200s
[DEBUG] k_best: 999
[DEBUG] scenario_info: ''
[DEBUG] temp_dir_name: temp_grhr_k999
  > [SIGNALING] 累計統計: 61 事件, 0 字節
FORWARDING STATE AT T = 30000000000ns (= 30.0 seconds)

BASIC INFORMATION
  > Epoch.................. 2000-01-01 00:00:00.000
  > Time since epoch....... 30000000000 ns
  > Absolute time.......... 2000-01-01 00:00:30.000
  > Satellites............. 1584
  > Ground stations........ 101
  > Max. range GSL......... 1089686.4181956202m
  > Max. range ISL......... 5016591.233098428m

ISL INFORMATION
  > Total ISLs............. 3168
  > Min. ISLs/satellite.... 4
  > Max. ISLs/satellite.... 4

GSL INTERFACE INFORMATION
  > Min. GSL IFs/satellite........ 1
  > Max. GSL IFs/satellite........ 1
  > Min. GSL IFs/ground station... 1
  > Max. GSL IFs/ground_station... 1

GSL IN-RANGE INFORMATION
  > Min. satellites in range... 4
  > Max. satellites in range... 19
[MODE] SP_OVER_PID_QUOTIENT=True
  > Calculating Floyd-Warshall for graph without ground-station relays
  > Writing forwarding state to: gen_data/starlink_550_isls_plus_grid_ground_stations_top_100_with_hsinchu_algorithm_hierarchical_virtual_gid_27deg_k999/dynamic_state_2000ms_for_200s/fstate_30000000000.txt
  > [SIGNALING] 累計統計: 64 事件, 0 字節
[STATS-DEBUG] 開始生成統計文件... PID=1717617, TID=137689229714496
[DEBUG] output_dynamic_state_dir: gen_data/starlink_550_isls_plus_grid_ground_stations_top_100_with_hsinchu_algorithm_hierarchical_virtual_gid_27deg_k999/dynamic_state_2000ms_for_200s
[DEBUG] k_best: 999
[DEBUG] scenario_info: ''
[DEBUG] temp_dir_name: temp_grhr_k999
  > Calculating Floyd-Warshall for graph without ground-station relays
  > Writing forwarding state to: gen_data/starlink_550_isls_plus_grid_ground_stations_top_100_with_hsinchu_algorithm_hierarchical_virtual_gid_27deg_k999/dynamic_state_2000ms_for_200s/fstate_70000000000.txt
  > [SIGNALING] 累計統計: 44 事件, 0 字節
[STATS-DEBUG] 開始生成統計文件... PID=1717618, TID=137689229714496
[DEBUG] output_dynamic_state_dir: gen_data/starlink_550_isls_plus_grid_ground_stations_top_100_with_hsinchu_algorithm_hierarchical_virtual_gid_27deg_k999/dynamic_state_2000ms_for_200s
[DEBUG] k_best: 999
[DEBUG] scenario_info: ''
[DEBUG] temp_dir_name: temp_grhr_k999
  > [SIGNALING] 累計統計: 45 事件, 0 字節
FORWARDING STATE AT T = 72000000000ns (= 72.0 seconds)

BASIC INFORMATION
  > Epoch.................. 2000-01-01 00:00:00.000
  > Time since epoch....... 72000000000 ns
  > Absolute time.......... 2000-01-01 00:01:12.000
  > Satellites............. 1584
  > Ground stations........ 101
  > Max. range GSL......... 1089686.4181956202m
  > Max. range ISL......... 5016591.233098428m

ISL INFORMATION
  > Total ISLs............. 3168
  > Min. ISLs/satellite.... 4
  > Max. ISLs/satellite.... 4

GSL INTERFACE INFORMATION
  > Min. GSL IFs/satellite........ 1
  > Max. GSL IFs/satellite........ 1
  > Min. GSL IFs/ground station... 1
  > Max. GSL IFs/ground_station... 1

GSL IN-RANGE INFORMATION
  > Min. satellites in range... 4
  > Max. satellites in range... 21
[MODE] SP_OVER_PID_QUOTIENT=True
  > Calculating Floyd-Warshall for graph without ground-station relays
  > Writing forwarding state to: gen_data/starlink_550_isls_plus_grid_ground_stations_top_100_with_hsinchu_algorithm_hierarchical_virtual_gid_27deg_k999/dynamic_state_2000ms_for_200s/fstate_72000000000.txt
  > [SIGNALING] 累計統計: 48 事件, 0 字節
[STATS-DEBUG] 開始生成統計文件... PID=1717618, TID=137689229714496
[DEBUG] output_dynamic_state_dir: gen_data/starlink_550_isls_plus_grid_ground_stations_top_100_with_hsinchu_algorithm_hierarchical_virtual_gid_27deg_k999/dynamic_state_2000ms_for_200s
[DEBUG] k_best: 999
[DEBUG] scenario_info: ''
[DEBUG] temp_dir_name: temp_grhr_k999
  > [SIGNALING] 累計統計: 49 事件, 0 字節
FORWARDING STATE AT T = 74000000000ns (= 74.0 seconds)

BASIC INFORMATION
  > Epoch.................. 2000-01-01 00:00:00.000
  > Time since epoch....... 74000000000 ns
  > Absolute time.......... 2000-01-01 00:01:14.000
  > Satellites............. 1584
  > Ground stations........ 101
  > Max. range GSL......... 1089686.4181956202m
  > Max. range ISL......... 5016591.233098428m

ISL INFORMATION
  > Total ISLs............. 3168
  > Min. ISLs/satellite.... 4
  > Max. ISLs/satellite.... 4

GSL INTERFACE INFORMATION
  > Min. GSL IFs/satellite........ 1
  > Max. GSL IFs/satellite........ 1
  > Min. GSL IFs/ground station... 1
  > Max. GSL IFs/ground_station... 1

GSL IN-RANGE INFORMATION
  > Min. satellites in range... 4
  > Max. satellites in range... 18
[MODE] SP_OVER_PID_QUOTIENT=True
  > Calculating Floyd-Warshall for graph without ground-station relays
  > Writing forwarding state to: gen_data/starlink_550_isls_plus_grid_ground_stations_top_100_with_hsinchu_algorithm_hierarchical_virtual_gid_27deg_k999/dynamic_state_2000ms_for_200s/fstate_74000000000.txt
  > [SIGNALING] 累計統計: 52 事件, 0 字節
[STATS-DEBUG] 開始生成統計文件... PID=1717618, TID=137689229714496
[DEBUG] output_dynamic_state_dir: gen_data/starlink_550_isls_plus_grid_ground_stations_top_100_with_hsinchu_algorithm_hierarchical_virtual_gid_27deg_k999/dynamic_state_2000ms_for_200s
[DEBUG] k_best: 999
[DEBUG] scenario_info: ''
[DEBUG] temp_dir_name: temp_grhr_k999
  > [SIGNALING] 累計統計: 53 事件, 0 字節
FORWARDING STATE AT T = 76000000000ns (= 76.0 seconds)

BASIC INFORMATION
  > Epoch.................. 2000-01-01 00:00:00.000
  > Time since epoch....... 76000000000 ns
  > Absolute time.......... 2000-01-01 00:01:16.000
  > Satellites............. 1584
  > Ground stations........ 101
  > Max. range GSL......... 1089686.4181956202m
  > Max. range ISL......... 5016591.233098428m

ISL INFORMATION
  > Total ISLs............. 3168
  > Min. ISLs/satellite.... 4
  > Max. ISLs/satellite.... 4

GSL INTERFACE INFORMATION
  > Min. GSL IFs/satellite........ 1
  > Max. GSL IFs/satellite........ 1
  > Min. GSL IFs/ground station... 1
  > Max. GSL IFs/ground_station... 1

GSL IN-RANGE INFORMATION
  > Min. satellites in range... 4
  > Max. satellites in range... 18
[MODE] SP_OVER_PID_QUOTIENT=True
  > Calculating Floyd-Warshall for graph without ground-station relays
  > Writing forwarding state to: gen_data/starlink_550_isls_plus_grid_ground_stations_top_100_with_hsinchu_algorithm_hierarchical_virtual_gid_27deg_k999/dynamic_state_2000ms_for_200s/fstate_76000000000.txt
  > [SIGNALING] 累計統計: 56 事件, 0 字節
[STATS-DEBUG] 開始生成統計文件... PID=1717618, TID=137689229714496
[DEBUG] output_dynamic_state_dir: gen_data/starlink_550_isls_plus_grid_ground_stations_top_100_with_hsinchu_algorithm_hierarchical_virtual_gid_27deg_k999/dynamic_state_2000ms_for_200s
[DEBUG] k_best: 999
[DEBUG] scenario_info: ''
[DEBUG] temp_dir_name: temp_grhr_k999
  > [SIGNALING] 累計統計: 57 事件, 0 字節
FORWARDING STATE AT T = 78000000000ns (= 78.0 seconds)

BASIC INFORMATION
  > Epoch.................. 2000-01-01 00:00:00.000
  > Time since epoch....... 78000000000 ns
  > Absolute time.......... 2000-01-01 00:01:18.000
  > Satellites............. 1584
  > Ground stations........ 101
  > Max. range GSL......... 1089686.4181956202m
  > Max. range ISL......... 5016591.233098428m

ISL INFORMATION
  > Total ISLs............. 3168
  > Min. ISLs/satellite.... 4
  > Max. ISLs/satellite.... 4

GSL INTERFACE INFORMATION
  > Min. GSL IFs/satellite........ 1
  > Max. GSL IFs/satellite........ 1
  > Min. GSL IFs/ground station... 1
  > Max. GSL IFs/ground_station... 1

GSL IN-RANGE INFORMATION
  > Min. satellites in range... 4
  > Max. satellites in range... 18
[MODE] SP_OVER_PID_QUOTIENT=True
  > Calculating Floyd-Warshall for graph without ground-station relays
  > Writing forwarding state to: gen_data/starlink_550_isls_plus_grid_ground_stations_top_100_with_hsinchu_algorithm_hierarchical_virtual_gid_27deg_k999/dynamic_state_2000ms_for_200s/fstate_78000000000.txt
  > [SIGNALING] 累計統計: 60 事件, 0 字節
[STATS-DEBUG] 開始生成統計文件... PID=1717618, TID=137689229714496
[DEBUG] output_dynamic_state_dir: gen_data/starlink_550_isls_plus_grid_ground_stations_top_100_with_hsinchu_algorithm_hierarchical_virtual_gid_27deg_k999/dynamic_state_2000ms_for_200s
[DEBUG] k_best: 999
[DEBUG] scenario_info: ''
[DEBUG] temp_dir_name: temp_grhr_k999
  > [SIGNALING] 累計統計: 61 事件, 0 字節
FORWARDING STATE AT T = 80000000000ns (= 80.0 seconds)

BASIC INFORMATION
  > Epoch.................. 2000-01-01 00:00:00.000
  > Time since epoch....... 80000000000 ns
  > Absolute time.......... 2000-01-01 00:01:20.000
  > Satellites............. 1584
  > Ground stations........ 101
  > Max. range GSL......... 1089686.4181956202m
  > Max. range ISL......... 5016591.233098428m

ISL INFORMATION
  > Total ISLs............. 3168
  > Min. ISLs/satellite.... 4
  > Max. ISLs/satellite.... 4

GSL INTERFACE INFORMATION
  > Min. GSL IFs/satellite........ 1
  > Max. GSL IFs/satellite........ 1
  > Min. GSL IFs/ground station... 1
  > Max. GSL IFs/ground_station... 1

GSL IN-RANGE INFORMATION
  > Min. satellites in range... 4
  > Max. satellites in range... 18
[MODE] SP_OVER_PID_QUOTIENT=True
  > Calculating Floyd-Warshall for graph without ground-station relays
  > Writing forwarding state to: gen_data/starlink_550_isls_plus_grid_ground_stations_top_100_with_hsinchu_algorithm_hierarchical_virtual_gid_27deg_k999/dynamic_state_2000ms_for_200s/fstate_80000000000.txt
  > [SIGNALING] 累計統計: 64 事件, 0 字節
[STATS-DEBUG] 開始生成統計文件... PID=1717618, TID=137689229714496
[DEBUG] output_dynamic_state_dir: gen_data/starlink_550_isls_plus_grid_ground_stations_top_100_with_hsinchu_algorithm_hierarchical_virtual_gid_27deg_k999/dynamic_state_2000ms_for_200s
[DEBUG] k_best: 999
[DEBUG] output_dynamic_state_dir: gen_data/starlink_550_isls_plus_grid_ground_stations_top_100_with_hsinchu_algorithm_hierarchical_virtual_gid_27deg_k999/dynamic_state_2000ms_for_200s
[DEBUG] k_best: 999
[DEBUG] scenario_info: ''
[DEBUG] temp_dir_name: temp_grhr_k999
  > [SIGNALING] 累計統計: 65 事件, 0 字節
FORWARDING STATE AT T = 132000000000ns (= 132.0 seconds)

BASIC INFORMATION
  > Epoch.................. 2000-01-01 00:00:00.000
  > Time since epoch....... 132000000000 ns
  > Absolute time.......... 2000-01-01 00:02:12.000
  > Satellites............. 1584
  > Ground stations........ 101
  > Max. range GSL......... 1089686.4181956202m
  > Max. range ISL......... 5016591.233098428m

ISL INFORMATION
  > Total ISLs............. 3168
  > Min. ISLs/satellite.... 4
  > Max. ISLs/satellite.... 4

GSL INTERFACE INFORMATION
  > Min. GSL IFs/satellite........ 1
  > Max. GSL IFs/satellite........ 1
  > Min. GSL IFs/ground station... 1
  > Max. GSL IFs/ground_station... 1

GSL IN-RANGE INFORMATION
  > Min. satellites in range... 3
  > Max. satellites in range... 20
[MODE] SP_OVER_PID_QUOTIENT=True
  > Calculating Floyd-Warshall for graph without ground-station relays
  > Writing forwarding state to: gen_data/starlink_550_isls_plus_grid_ground_stations_top_100_with_hsinchu_algorithm_hierarchical_virtual_gid_27deg_k999/dynamic_state_2000ms_for_200s/fstate_132000000000.txt
  > [SIGNALING] 累計統計: 68 事件, 0 字節
[STATS-DEBUG] 開始生成統計文件... PID=1717619, TID=137689229714496
[DEBUG] output_dynamic_state_dir: gen_data/starlink_550_isls_plus_grid_ground_stations_top_100_with_hsinchu_algorithm_hierarchical_virtual_gid_27deg_k999/dynamic_state_2000ms_for_200s
[DEBUG] k_best: 999
[DEBUG] scenario_info: ''
[DEBUG] temp_dir_name: temp_grhr_k999
  > [SIGNALING] 累計統計: 69 事件, 0 字節
FORWARDING STATE AT T = 134000000000ns (= 134.0 seconds)

BASIC INFORMATION
  > Epoch.................. 2000-01-01 00:00:00.000
  > Time since epoch....... 134000000000 ns
  > Absolute time.......... 2000-01-01 00:02:14.000
  > Satellites............. 1584
  > Ground stations........ 101
  > Max. range GSL......... 1089686.4181956202m
  > Max. range ISL......... 5016591.233098428m

ISL INFORMATION
  > Total ISLs............. 3168
  > Min. ISLs/satellite.... 4
  > Max. ISLs/satellite.... 4

GSL INTERFACE INFORMATION
  > Min. GSL IFs/satellite........ 1
  > Max. GSL IFs/satellite........ 1
  > Min. GSL IFs/ground station... 1
  > Max. GSL IFs/ground_station... 1

GSL IN-RANGE INFORMATION
  > Min. satellites in range... 3
  > Max. satellites in range... 20
[MODE] SP_OVER_PID_QUOTIENT=True
  > Calculating Floyd-Warshall for graph without ground-station relays
  > Writing forwarding state to: gen_data/starlink_550_isls_plus_grid_ground_stations_top_100_with_hsinchu_algorithm_hierarchical_virtual_gid_27deg_k999/dynamic_state_2000ms_for_200s/fstate_134000000000.txt
  > [SIGNALING] 累計統計: 72 事件, 0 字節
[STATS-DEBUG] 開始生成統計文件... PID=1717619, TID=137689229714496
[DEBUG] output_dynamic_state_dir: gen_data/starlink_550_isls_plus_grid_ground_stations_top_100_with_hsinchu_algorithm_hierarchical_virtual_gid_27deg_k999/dynamic_state_2000ms_for_200s
[DEBUG] k_best: 999
[DEBUG] scenario_info: ''
[DEBUG] temp_dir_name: temp_grhr_k999
  > [SIGNALING] 累計統計: 73 事件, 0 字節
FORWARDING STATE AT T = 136000000000ns (= 136.0 seconds)

BASIC INFORMATION
  > Epoch.................. 2000-01-01 00:00:00.000
  > Time since epoch....... 136000000000 ns
  > Absolute time.......... 2000-01-01 00:02:16.000
  > Satellites............. 1584
  > Ground stations........ 101
  > Max. range GSL......... 1089686.4181956202m
  > Max. range ISL......... 5016591.233098428m

ISL INFORMATION
  > Total ISLs............. 3168
  > Min. ISLs/satellite.... 4
  > Max. ISLs/satellite.... 4

GSL INTERFACE INFORMATION
  > Min. GSL IFs/satellite........ 1
  > Max. GSL IFs/satellite........ 1
  > Min. GSL IFs/ground station... 1
  > Max. GSL IFs/ground_station... 1

GSL IN-RANGE INFORMATION
  > Min. satellites in range... 3
  > Max. satellites in range... 20
[MODE] SP_OVER_PID_QUOTIENT=True
  > Calculating Floyd-Warshall for graph without ground-station relays
  > Writing forwarding state to: gen_data/starlink_550_isls_plus_grid_ground_stations_top_100_with_hsinchu_algorithm_hierarchical_virtual_gid_27deg_k999/dynamic_state_2000ms_for_200s/fstate_136000000000.txt
  > [SIGNALING] 累計統計: 76 事件, 0 字節
[STATS-DEBUG] 開始生成統計文件... PID=1717619, TID=137689229714496
[DEBUG] output_dynamic_state_dir: gen_data/starlink_550_isls_plus_grid_ground_stations_top_100_with_hsinchu_algorithm_hierarchical_virtual_gid_27deg_k999/dynamic_state_2000ms_for_200s
[DEBUG] k_best: 999
[DEBUG] scenario_info: ''
[DEBUG] temp_dir_name: temp_grhr_k999
  > [SIGNALING] 累計統計: 77 事件, 0 字節
FORWARDING STATE AT T = 138000000000ns (= 138.0 seconds)

BASIC INFORMATION
  > Epoch.................. 2000-01-01 00:00:00.000
  > Time since epoch....... 138000000000 ns
  > Absolute time.......... 2000-01-01 00:02:18.000
  > Satellites............. 1584
  > Ground stations........ 101
  > Max. range GSL......... 1089686.4181956202m
  > Max. range ISL......... 5016591.233098428m

ISL INFORMATION
  > Total ISLs............. 3168
  > Min. ISLs/satellite.... 4
  > Max. ISLs/satellite.... 4

GSL INTERFACE INFORMATION
  > Min. GSL IFs/satellite........ 1
  > Max. GSL IFs/satellite........ 1
  > Min. GSL IFs/ground station... 1
  > Max. GSL IFs/ground_station... 1

GSL IN-RANGE INFORMATION
  > Min. satellites in range... 3
  > Max. satellites in range... 20
[MODE] SP_OVER_PID_QUOTIENT=True
  > Calculating Floyd-Warshall for graph without ground-station relays
  > Writing forwarding state to: gen_data/starlink_550_isls_plus_grid_ground_stations_top_100_with_hsinchu_algorithm_hierarchical_virtual_gid_27deg_k999/dynamic_state_2000ms_for_200s/fstate_138000000000.txt
  > [SIGNALING] 累計統計: 80 事件, 0 字節
[STATS-DEBUG] 開始生成統計文件... PID=1717619, TID=137689229714496
[DEBUG] output_dynamic_state_dir: gen_data/starlink_550_isls_plus_grid_ground_stations_top_100_with_hsinchu_algorithm_hierarchical_virtual_gid_27deg_k999/dynamic_state_2000ms_for_200s
[DEBUG] k_best: 999
[DEBUG] scenario_info: ''
[DEBUG] temp_dir_name: temp_grhr_k999
  > [SIGNALING] 累計統計: 81 事件, 0 字節
FORWARDING STATE AT T = 140000000000ns (= 140.0 seconds)

BASIC INFORMATION
  > Epoch.................. 2000-01-01 00:00:00.000
  > Time since epoch....... 140000000000 ns
  > Absolute time.......... 2000-01-01 00:02:20.000
  > Satellites............. 1584
  > Ground stations........ 101
  > Max. range GSL......... 1089686.4181956202m
  > Max. range ISL......... 5016591.233098428m

ISL INFORMATION
  > Total ISLs............. 3168
  > Min. ISLs/satellite.... 4
  > Max. ISLs/satellite.... 4

GSL INTERFACE INFORMATION
  > Min. GSL IFs/satellite........ 1
  > Max. GSL IFs/satellite........ 1
  > Min. GSL IFs/ground station... 1
  > Max. GSL IFs/ground_station... 1

GSL IN-RANGE INFORMATION
  > Min. satellites in range... 3
  > Max. satellites in range... 20
[MODE] SP_OVER_PID_QUOTIENT=True
  > Calculating Floyd-Warshall for graph without ground-station relays
  > Writing forwarding state to: gen_data/starlink_550_isls_plus_grid_ground_stations_top_100_with_hsinchu_algorithm_hierarchical_virtual_gid_27deg_k999/dynamic_state_2000ms_for_200s/fstate_140000000000.txt
  > [SIGNALING] 累計統計: 84 事件, 0 字節
[STATS-DEBUG] 開始生成統計文件... PID=1717619, TID=137689229714496
[DEBUG] output_dynamic_state_dir: gen_data/starlink_550_isls_plus_grid_ground_stations_top_100_with_hsinchu_algorithm_hierarchical_virtual_gid_27deg_k999/dynamic_state_2000ms_for_200s
[DEBUG] k_best: 999
[DEBUG] scenario_info: ''
[DEBUG] temp_dir_name: temp_grhr_k999
  > [SIGNALING] 累計統計: 85 事件, 0 字節
FORWARDING STATE AT T = 142000000000ns (= 142.0 seconds)

BASIC INFORMATION
  > Epoch.................. 2000-01-01 00:00:00.000
  > Time since epoch....... 142000000000 ns
  > Absolute time.......... 2000-01-01 00:02:22.000
  > Satellites............. 1584
[DEBUG] output_dynamic_state_dir: gen_data/starlink_550_isls_plus_grid_ground_stations_top_100_with_hsinchu_algorithm_hierarchical_virtual_gid_27deg_k999/dynamic_state_2000ms_for_200s
[DEBUG] k_best: 999
[DEBUG] scenario_info: ''
[DEBUG] temp_dir_name: temp_grhr_k999
  > [SIGNALING] 累計統計: 65 事件, 0 字節
FORWARDING STATE AT T = 182000000000ns (= 182.0 seconds)

BASIC INFORMATION
  > Epoch.................. 2000-01-01 00:00:00.000
  > Time since epoch....... 182000000000 ns
  > Absolute time.......... 2000-01-01 00:03:02.000
  > Satellites............. 1584
  > Ground stations........ 101
  > Max. range GSL......... 1089686.4181956202m
  > Max. range ISL......... 5016591.233098428m

ISL INFORMATION
  > Total ISLs............. 3168
  > Min. ISLs/satellite.... 4
  > Max. ISLs/satellite.... 4

GSL INTERFACE INFORMATION
  > Min. GSL IFs/satellite........ 1
  > Max. GSL IFs/satellite........ 1
  > Min. GSL IFs/ground station... 1
  > Max. GSL IFs/ground_station... 1

GSL IN-RANGE INFORMATION
  > Min. satellites in range... 4
  > Max. satellites in range... 20
[MODE] SP_OVER_PID_QUOTIENT=True
  > Calculating Floyd-Warshall for graph without ground-station relays
  > Writing forwarding state to: gen_data/starlink_550_isls_plus_grid_ground_stations_top_100_with_hsinchu_algorithm_hierarchical_virtual_gid_27deg_k999/dynamic_state_2000ms_for_200s/fstate_182000000000.txt
  > [SIGNALING] 累計統計: 68 事件, 0 字節
[STATS-DEBUG] 開始生成統計文件... PID=1717620, TID=137689229714496
[DEBUG] output_dynamic_state_dir: gen_data/starlink_550_isls_plus_grid_ground_stations_top_100_with_hsinchu_algorithm_hierarchical_virtual_gid_27deg_k999/dynamic_state_2000ms_for_200s
[DEBUG] k_best: 999
[DEBUG] scenario_info: ''
[DEBUG] temp_dir_name: temp_grhr_k999
  > [SIGNALING] 累計統計: 69 事件, 0 字節
FORWARDING STATE AT T = 184000000000ns (= 184.0 seconds)

BASIC INFORMATION
  > Epoch.................. 2000-01-01 00:00:00.000
  > Time since epoch....... 184000000000 ns
  > Absolute time.......... 2000-01-01 00:03:04.000
  > Satellites............. 1584
  > Ground stations........ 101
  > Max. range GSL......... 1089686.4181956202m
  > Max. range ISL......... 5016591.233098428m

ISL INFORMATION
  > Total ISLs............. 3168
  > Min. ISLs/satellite.... 4
  > Max. ISLs/satellite.... 4

GSL INTERFACE INFORMATION
  > Min. GSL IFs/satellite........ 1
  > Max. GSL IFs/satellite........ 1
  > Min. GSL IFs/ground station... 1
  > Max. GSL IFs/ground_station... 1

GSL IN-RANGE INFORMATION
  > Min. satellites in range... 4
  > Max. satellites in range... 20
[MODE] SP_OVER_PID_QUOTIENT=True
  > Calculating Floyd-Warshall for graph without ground-station relays
  > Writing forwarding state to: gen_data/starlink_550_isls_plus_grid_ground_stations_top_100_with_hsinchu_algorithm_hierarchical_virtual_gid_27deg_k999/dynamic_state_2000ms_for_200s/fstate_184000000000.txt
  > [SIGNALING] 累計統計: 72 事件, 0 字節
[STATS-DEBUG] 開始生成統計文件... PID=1717620, TID=137689229714496
[DEBUG] output_dynamic_state_dir: gen_data/starlink_550_isls_plus_grid_ground_stations_top_100_with_hsinchu_algorithm_hierarchical_virtual_gid_27deg_k999/dynamic_state_2000ms_for_200s
[DEBUG] k_best: 999
[DEBUG] scenario_info: ''
[DEBUG] temp_dir_name: temp_grhr_k999
  > [SIGNALING] 累計統計: 73 事件, 0 字節
FORWARDING STATE AT T = 186000000000ns (= 186.0 seconds)

BASIC INFORMATION
  > Epoch.................. 2000-01-01 00:00:00.000
  > Time since epoch....... 186000000000 ns
  > Absolute time.......... 2000-01-01 00:03:06.000
  > Satellites............. 1584
  > Ground stations........ 101
  > Max. range GSL......... 1089686.4181956202m
  > Max. range ISL......... 5016591.233098428m

ISL INFORMATION
  > Total ISLs............. 3168
  > Min. ISLs/satellite.... 4
  > Max. ISLs/satellite.... 4

GSL INTERFACE INFORMATION
  > Min. GSL IFs/satellite........ 1
  > Max. GSL IFs/satellite........ 1
  > Min. GSL IFs/ground station... 1
  > Max. GSL IFs/ground_station... 1

GSL IN-RANGE INFORMATION
  > Min. satellites in range... 4
  > Max. satellites in range... 20
[MODE] SP_OVER_PID_QUOTIENT=True
  > Calculating Floyd-Warshall for graph without ground-station relays
  > Writing forwarding state to: gen_data/starlink_550_isls_plus_grid_ground_stations_top_100_with_hsinchu_algorithm_hierarchical_virtual_gid_27deg_k999/dynamic_state_2000ms_for_200s/fstate_186000000000.txt
  > [SIGNALING] 累計統計: 76 事件, 0 字節
[STATS-DEBUG] 開始生成統計文件... PID=1717620, TID=137689229714496
[DEBUG] output_dynamic_state_dir: gen_data/starlink_550_isls_plus_grid_ground_stations_top_100_with_hsinchu_algorithm_hierarchical_virtual_gid_27deg_k999/dynamic_state_2000ms_for_200s
[DEBUG] k_best: 999
[DEBUG] scenario_info: ''
[DEBUG] temp_dir_name: temp_grhr_k999
  > [SIGNALING] 累計統計: 77 事件, 0 字節
FORWARDING STATE AT T = 188000000000ns (= 188.0 seconds)

BASIC INFORMATION
  > Epoch.................. 2000-01-01 00:00:00.000
  > Time since epoch....... 188000000000 ns
  > Absolute time.......... 2000-01-01 00:03:08.000
  > Satellites............. 1584
  > Ground stations........ 101
  > Max. range GSL......... 1089686.4181956202m
  > Max. range ISL......... 5016591.233098428m

ISL INFORMATION
  > Total ISLs............. 3168
  > Min. ISLs/satellite.... 4
  > Max. ISLs/satellite.... 4

GSL INTERFACE INFORMATION
  > Min. GSL IFs/satellite........ 1
  > Max. GSL IFs/satellite........ 1
  > Min. GSL IFs/ground station... 1
  > Max. GSL IFs/ground_station... 1

GSL IN-RANGE INFORMATION
  > Min. satellites in range... 4
  > Max. satellites in range... 20
[MODE] SP_OVER_PID_QUOTIENT=True
  > Calculating Floyd-Warshall for graph without ground-station relays
  > Writing forwarding state to: gen_data/starlink_550_isls_plus_grid_ground_stations_top_100_with_hsinchu_algorithm_hierarchical_virtual_gid_27deg_k999/dynamic_state_2000ms_for_200s/fstate_188000000000.txt
  > [SIGNALING] 累計統計: 80 事件, 0 字節
[STATS-DEBUG] 開始生成統計文件... PID=1717620, TID=137689229714496
[DEBUG] output_dynamic_state_dir: gen_data/starlink_550_isls_plus_grid_ground_stations_top_100_with_hsinchu_algorithm_hierarchical_virtual_gid_27deg_k999/dynamic_state_2000ms_for_200s
[DEBUG] k_best: 999
[DEBUG] scenario_info: ''
[DEBUG] temp_dir_name: temp_grhr_k999
  > [SIGNALING] 累計統計: 81 事件, 0 字節
FORWARDING STATE AT T = 190000000000ns (= 190.0 seconds)

BASIC INFORMATION
  > Epoch.................. 2000-01-01 00:00:00.000
  > Time since epoch....... 190000000000 ns
  > Absolute time.......... 2000-01-01 00:03:10.000
  > Satellites............. 1584
  > Ground stations........ 101
  > Max. range GSL......... 1089686.4181956202m
  > Max. range ISL......... 5016591.233098428m

ISL INFORMATION
  > Total ISLs............. 3168
  > Min. ISLs/satellite.... 4
  > Max. ISLs/satellite.... 4

GSL INTERFACE INFORMATION
  > Min. GSL IFs/satellite........ 1
  > Max. GSL IFs/satellite........ 1
  > Min. GSL IFs/ground station... 1
  > Max. GSL IFs/ground_station... 1

GSL IN-RANGE INFORMATION
  > Min. satellites in range... 4
  > Max. satellites in range... 20
[MODE] SP_OVER_PID_QUOTIENT=True
  > Calculating Floyd-Warshall for graph without ground-station relays
  > Writing forwarding state to: gen_data/starlink_550_isls_plus_grid_ground_stations_top_100_with_hsinchu_algorithm_hierarchical_virtual_gid_27deg_k999/dynamic_state_2000ms_for_200s/fstate_190000000000.txt
  > [SIGNALING] 累計統計: 84 事件, 0 字節
[STATS-DEBUG] 開始生成統計文件... PID=1717620, TID=137689229714496
[DEBUG] output_dynamic_state_dir: gen_data/starlink_550_isls_plus_grid_ground_stations_top_100_with_hsinchu_algorithm_hierarchical_virtual_gid_27deg_k999/dynamic_state_2000ms_for_200s
[DEBUG] k_best: 999
[DEBUG] scenario_info: ''
[DEBUG] temp_dir_name: temp_grhr_k999
  > [SIGNALING] 累計統計: 85 事件, 0 字節
FORWARDING STATE AT T = 192000000000ns (= 192.0 seconds)

BASIC INFORMATION
  > Epoch.................. 2000-01-01 00:00:00.000
  > Time since epoch....... 192000000000 ns
  > Absolute time.......... 2000-01-01 00:03:12.000
  > Satellites............. 1584
  > [SIGNALING] 累計統計: 65 事件, 0 字節
FORWARDING STATE AT T = 32000000000ns (= 32.0 seconds)

BASIC INFORMATION
  > Epoch.................. 2000-01-01 00:00:00.000
  > Time since epoch....... 32000000000 ns
  > Absolute time.......... 2000-01-01 00:00:32.000
  > Satellites............. 1584
  > Ground stations........ 101
  > Max. range GSL......... 1089686.4181956202m
  > Max. range ISL......... 5016591.233098428m

ISL INFORMATION
  > Total ISLs............. 3168
  > Min. ISLs/satellite.... 4
  > Max. ISLs/satellite.... 4

GSL INTERFACE INFORMATION
  > Min. GSL IFs/satellite........ 1
  > Max. GSL IFs/satellite........ 1
  > Min. GSL IFs/ground station... 1
  > Max. GSL IFs/ground_station... 1

GSL IN-RANGE INFORMATION
  > Min. satellites in range... 4
  > Max. satellites in range... 19
[MODE] SP_OVER_PID_QUOTIENT=True
  > Calculating Floyd-Warshall for graph without ground-station relays
  > Writing forwarding state to: gen_data/starlink_550_isls_plus_grid_ground_stations_top_100_with_hsinchu_algorithm_hierarchical_virtual_gid_27deg_k999/dynamic_state_2000ms_for_200s/fstate_32000000000.txt
  > [SIGNALING] 累計統計: 68 事件, 0 字節
[STATS-DEBUG] 開始生成統計文件... PID=1717617, TID=137689229714496
[DEBUG] output_dynamic_state_dir: gen_data/starlink_550_isls_plus_grid_ground_stations_top_100_with_hsinchu_algorithm_hierarchical_virtual_gid_27deg_k999/dynamic_state_2000ms_for_200s
[DEBUG] k_best: 999
[DEBUG] scenario_info: ''
[DEBUG] temp_dir_name: temp_grhr_k999
  > [SIGNALING] 累計統計: 69 事件, 0 字節
FORWARDING STATE AT T = 34000000000ns (= 34.0 seconds)

BASIC INFORMATION
  > Epoch.................. 2000-01-01 00:00:00.000
  > Time since epoch....... 34000000000 ns
  > Absolute time.......... 2000-01-01 00:00:34.000
  > Satellites............. 1584
  > Ground stations........ 101
  > Max. range GSL......... 1089686.4181956202m
  > Max. range ISL......... 5016591.233098428m

ISL INFORMATION
  > Total ISLs............. 3168
  > Min. ISLs/satellite.... 4
  > Max. ISLs/satellite.... 4

GSL INTERFACE INFORMATION
  > Min. GSL IFs/satellite........ 1
  > Max. GSL IFs/satellite........ 1
  > Min. GSL IFs/ground station... 1
  > Max. GSL IFs/ground_station... 1

GSL IN-RANGE INFORMATION
  > Min. satellites in range... 4
  > Max. satellites in range... 19
[MODE] SP_OVER_PID_QUOTIENT=True
  > Calculating Floyd-Warshall for graph without ground-station relays
  > Writing forwarding state to: gen_data/starlink_550_isls_plus_grid_ground_stations_top_100_with_hsinchu_algorithm_hierarchical_virtual_gid_27deg_k999/dynamic_state_2000ms_for_200s/fstate_34000000000.txt
  > [SIGNALING] 累計統計: 72 事件, 0 字節
[STATS-DEBUG] 開始生成統計文件... PID=1717617, TID=137689229714496
[DEBUG] output_dynamic_state_dir: gen_data/starlink_550_isls_plus_grid_ground_stations_top_100_with_hsinchu_algorithm_hierarchical_virtual_gid_27deg_k999/dynamic_state_2000ms_for_200s
[DEBUG] k_best: 999
[DEBUG] scenario_info: ''
[DEBUG] temp_dir_name: temp_grhr_k999
  > [SIGNALING] 累計統計: 73 事件, 0 字節
FORWARDING STATE AT T = 36000000000ns (= 36.0 seconds)

BASIC INFORMATION
  > Epoch.................. 2000-01-01 00:00:00.000
  > Time since epoch....... 36000000000 ns
  > Absolute time.......... 2000-01-01 00:00:36.000
  > Satellites............. 1584
  > Ground stations........ 101
  > Max. range GSL......... 1089686.4181956202m
  > Max. range ISL......... 5016591.233098428m

ISL INFORMATION
  > Total ISLs............. 3168
  > Min. ISLs/satellite.... 4
  > Max. ISLs/satellite.... 4

GSL INTERFACE INFORMATION
  > Min. GSL IFs/satellite........ 1
  > Max. GSL IFs/satellite........ 1
  > Min. GSL IFs/ground station... 1
  > Max. GSL IFs/ground_station... 1

GSL IN-RANGE INFORMATION
  > Min. satellites in range... 4
  > Max. satellites in range... 19
[MODE] SP_OVER_PID_QUOTIENT=True
  > Calculating Floyd-Warshall for graph without ground-station relays
  > Writing forwarding state to: gen_data/starlink_550_isls_plus_grid_ground_stations_top_100_with_hsinchu_algorithm_hierarchical_virtual_gid_27deg_k999/dynamic_state_2000ms_for_200s/fstate_36000000000.txt
  > [SIGNALING] 累計統計: 76 事件, 0 字節
[STATS-DEBUG] 開始生成統計文件... PID=1717617, TID=137689229714496
[DEBUG] output_dynamic_state_dir: gen_data/starlink_550_isls_plus_grid_ground_stations_top_100_with_hsinchu_algorithm_hierarchical_virtual_gid_27deg_k999/dynamic_state_2000ms_for_200s
[DEBUG] k_best: 999
[DEBUG] scenario_info: ''
[DEBUG] temp_dir_name: temp_grhr_k999
  > [SIGNALING] 累計統計: 77 事件, 0 字節
FORWARDING STATE AT T = 38000000000ns (= 38.0 seconds)

BASIC INFORMATION
  > Epoch.................. 2000-01-01 00:00:00.000
  > Time since epoch....... 38000000000 ns
  > Absolute time.......... 2000-01-01 00:00:38.000
  > Satellites............. 1584
  > Ground stations........ 101
  > Max. range GSL......... 1089686.4181956202m
  > Max. range ISL......... 5016591.233098428m

ISL INFORMATION
  > Total ISLs............. 3168
  > Min. ISLs/satellite.... 4
  > Max. ISLs/satellite.... 4

GSL INTERFACE INFORMATION
  > Min. GSL IFs/satellite........ 1
  > Max. GSL IFs/satellite........ 1
  > Min. GSL IFs/ground station... 1
  > Max. GSL IFs/ground_station... 1

GSL IN-RANGE INFORMATION
  > Min. satellites in range... 3
  > Max. satellites in range... 19
[MODE] SP_OVER_PID_QUOTIENT=True
  > Calculating Floyd-Warshall for graph without ground-station relays
  > Writing forwarding state to: gen_data/starlink_550_isls_plus_grid_ground_stations_top_100_with_hsinchu_algorithm_hierarchical_virtual_gid_27deg_k999/dynamic_state_2000ms_for_200s/fstate_38000000000.txt
  > [SIGNALING] 累計統計: 80 事件, 0 字節
[STATS-DEBUG] 開始生成統計文件... PID=1717617, TID=137689229714496
[DEBUG] output_dynamic_state_dir: gen_data/starlink_550_isls_plus_grid_ground_stations_top_100_with_hsinchu_algorithm_hierarchical_virtual_gid_27deg_k999/dynamic_state_2000ms_for_200s
[DEBUG] k_best: 999
[DEBUG] scenario_info: ''
[DEBUG] temp_dir_name: temp_grhr_k999
  > [SIGNALING] 累計統計: 81 事件, 0 字節
FORWARDING STATE AT T = 40000000000ns (= 40.0 seconds)

BASIC INFORMATION
  > Epoch.................. 2000-01-01 00:00:00.000
  > Time since epoch....... 40000000000 ns
  > Absolute time.......... 2000-01-01 00:00:40.000
  > Satellites............. 1584
  > Ground stations........ 101
  > Max. range GSL......... 1089686.4181956202m
  > Max. range ISL......... 5016591.233098428m

ISL INFORMATION
  > Total ISLs............. 3168
  > Min. ISLs/satellite.... 4
  > Max. ISLs/satellite.... 4

GSL INTERFACE INFORMATION
  > Min. GSL IFs/satellite........ 1
  > Max. GSL IFs/satellite........ 1
  > Min. GSL IFs/ground station... 1
  > Max. GSL IFs/ground_station... 1

GSL IN-RANGE INFORMATION
  > Min. satellites in range... 3
  > Max. satellites in range... 19
[MODE] SP_OVER_PID_QUOTIENT=True
  > Calculating Floyd-Warshall for graph without ground-station relays
  > Writing forwarding state to: gen_data/starlink_550_isls_plus_grid_ground_stations_top_100_with_hsinchu_algorithm_hierarchical_virtual_gid_27deg_k999/dynamic_state_2000ms_for_200s/fstate_40000000000.txt
  > [SIGNALING] 累計統計: 84 事件, 0 字節
[STATS-DEBUG] 開始生成統計文件... PID=1717617, TID=137689229714496
[DEBUG] output_dynamic_state_dir: gen_data/starlink_550_isls_plus_grid_ground_stations_top_100_with_hsinchu_algorithm_hierarchical_virtual_gid_27deg_k999/dynamic_state_2000ms_for_200s
[DEBUG] k_best: 999
[DEBUG] scenario_info: ''
[DEBUG] temp_dir_name: temp_grhr_k999
  > [SIGNALING] 累計統計: 85 事件, 0 字節
FORWARDING STATE AT T = 42000000000ns (= 42.0 seconds)

BASIC INFORMATION
  > Epoch.................. 2000-01-01 00:00:00.000
  > Time since epoch....... 42000000000 ns
  > Absolute time.......... 2000-01-01 00:00:42.000
  > Satellites............. 1584
  > Ground stations........ 101
  > Max. range GSL......... 1089686.4181956202m
  > Max. range ISL......... 5016591.233098428m

ISL INFORMATION
  > Total ISLs............. 3168
  > Min. ISLs/satellite.... 4
  > Max. ISLs/satellite.... 4

GSL INTERFACE INFORMATION
  > Min. GSL IFs/satellite........ 1
[DEBUG] scenario_info: ''
[DEBUG] temp_dir_name: temp_grhr_k999
  > [SIGNALING] 累計統計: 65 事件, 0 字節
FORWARDING STATE AT T = 82000000000ns (= 82.0 seconds)

BASIC INFORMATION
  > Epoch.................. 2000-01-01 00:00:00.000
  > Time since epoch....... 82000000000 ns
  > Absolute time.......... 2000-01-01 00:01:22.000
  > Satellites............. 1584
  > Ground stations........ 101
  > Max. range GSL......... 1089686.4181956202m
  > Max. range ISL......... 5016591.233098428m

ISL INFORMATION
  > Total ISLs............. 3168
  > Min. ISLs/satellite.... 4
  > Max. ISLs/satellite.... 4

GSL INTERFACE INFORMATION
  > Min. GSL IFs/satellite........ 1
  > Max. GSL IFs/satellite........ 1
  > Min. GSL IFs/ground station... 1
  > Max. GSL IFs/ground_station... 1

GSL IN-RANGE INFORMATION
  > Min. satellites in range... 4
  > Max. satellites in range... 18
[MODE] SP_OVER_PID_QUOTIENT=True
  > Calculating Floyd-Warshall for graph without ground-station relays
  > Writing forwarding state to: gen_data/starlink_550_isls_plus_grid_ground_stations_top_100_with_hsinchu_algorithm_hierarchical_virtual_gid_27deg_k999/dynamic_state_2000ms_for_200s/fstate_82000000000.txt
  > [SIGNALING] 累計統計: 68 事件, 0 字節
[STATS-DEBUG] 開始生成統計文件... PID=1717618, TID=137689229714496
[DEBUG] output_dynamic_state_dir: gen_data/starlink_550_isls_plus_grid_ground_stations_top_100_with_hsinchu_algorithm_hierarchical_virtual_gid_27deg_k999/dynamic_state_2000ms_for_200s
[DEBUG] k_best: 999
[DEBUG] scenario_info: ''
[DEBUG] temp_dir_name: temp_grhr_k999
  > [SIGNALING] 累計統計: 69 事件, 0 字節
FORWARDING STATE AT T = 84000000000ns (= 84.0 seconds)

BASIC INFORMATION
  > Epoch.................. 2000-01-01 00:00:00.000
  > Time since epoch....... 84000000000 ns
  > Absolute time.......... 2000-01-01 00:01:24.000
  > Satellites............. 1584
  > Ground stations........ 101
  > Max. range GSL......... 1089686.4181956202m
  > Max. range ISL......... 5016591.233098428m

ISL INFORMATION
  > Total ISLs............. 3168
  > Min. ISLs/satellite.... 4
  > Max. ISLs/satellite.... 4

GSL INTERFACE INFORMATION
  > Min. GSL IFs/satellite........ 1
  > Max. GSL IFs/satellite........ 1
  > Min. GSL IFs/ground station... 1
  > Max. GSL IFs/ground_station... 1

GSL IN-RANGE INFORMATION
  > Min. satellites in range... 4
  > Max. satellites in range... 18
[MODE] SP_OVER_PID_QUOTIENT=True
  > Calculating Floyd-Warshall for graph without ground-station relays
  > Writing forwarding state to: gen_data/starlink_550_isls_plus_grid_ground_stations_top_100_with_hsinchu_algorithm_hierarchical_virtual_gid_27deg_k999/dynamic_state_2000ms_for_200s/fstate_84000000000.txt
  > [SIGNALING] 累計統計: 72 事件, 0 字節
[STATS-DEBUG] 開始生成統計文件... PID=1717618, TID=137689229714496
[DEBUG] output_dynamic_state_dir: gen_data/starlink_550_isls_plus_grid_ground_stations_top_100_with_hsinchu_algorithm_hierarchical_virtual_gid_27deg_k999/dynamic_state_2000ms_for_200s
[DEBUG] k_best: 999
[DEBUG] scenario_info: ''
[DEBUG] temp_dir_name: temp_grhr_k999
  > [SIGNALING] 累計統計: 73 事件, 0 字節
FORWARDING STATE AT T = 86000000000ns (= 86.0 seconds)

BASIC INFORMATION
  > Epoch.................. 2000-01-01 00:00:00.000
  > Time since epoch....... 86000000000 ns
  > Absolute time.......... 2000-01-01 00:01:26.000
  > Satellites............. 1584
  > Ground stations........ 101
  > Max. range GSL......... 1089686.4181956202m
  > Max. range ISL......... 5016591.233098428m

ISL INFORMATION
  > Total ISLs............. 3168
  > Min. ISLs/satellite.... 4
  > Max. ISLs/satellite.... 4

GSL INTERFACE INFORMATION
  > Min. GSL IFs/satellite........ 1
  > Max. GSL IFs/satellite........ 1
  > Min. GSL IFs/ground station... 1
  > Max. GSL IFs/ground_station... 1

GSL IN-RANGE INFORMATION
  > Min. satellites in range... 4
  > Max. satellites in range... 19
[MODE] SP_OVER_PID_QUOTIENT=True
  > Calculating Floyd-Warshall for graph without ground-station relays
  > Writing forwarding state to: gen_data/starlink_550_isls_plus_grid_ground_stations_top_100_with_hsinchu_algorithm_hierarchical_virtual_gid_27deg_k999/dynamic_state_2000ms_for_200s/fstate_86000000000.txt
  > [SIGNALING] 累計統計: 76 事件, 0 字節
[STATS-DEBUG] 開始生成統計文件... PID=1717618, TID=137689229714496
[DEBUG] output_dynamic_state_dir: gen_data/starlink_550_isls_plus_grid_ground_stations_top_100_with_hsinchu_algorithm_hierarchical_virtual_gid_27deg_k999/dynamic_state_2000ms_for_200s
[DEBUG] k_best: 999
[DEBUG] scenario_info: ''
[DEBUG] temp_dir_name: temp_grhr_k999
  > [SIGNALING] 累計統計: 77 事件, 0 字節
FORWARDING STATE AT T = 88000000000ns (= 88.0 seconds)

BASIC INFORMATION
  > Epoch.................. 2000-01-01 00:00:00.000
  > Time since epoch....... 88000000000 ns
  > Absolute time.......... 2000-01-01 00:01:28.000
  > Satellites............. 1584
  > Ground stations........ 101
  > Max. range GSL......... 1089686.4181956202m
  > Max. range ISL......... 5016591.233098428m

ISL INFORMATION
  > Total ISLs............. 3168
  > Min. ISLs/satellite.... 4
  > Max. ISLs/satellite.... 4

GSL INTERFACE INFORMATION
  > Min. GSL IFs/satellite........ 1
  > Max. GSL IFs/satellite........ 1
  > Min. GSL IFs/ground station... 1
  > Max. GSL IFs/ground_station... 1

GSL IN-RANGE INFORMATION
  > Min. satellites in range... 4
  > Max. satellites in range... 20
[MODE] SP_OVER_PID_QUOTIENT=True
  > Calculating Floyd-Warshall for graph without ground-station relays
  > Writing forwarding state to: gen_data/starlink_550_isls_plus_grid_ground_stations_top_100_with_hsinchu_algorithm_hierarchical_virtual_gid_27deg_k999/dynamic_state_2000ms_for_200s/fstate_88000000000.txt
  > [SIGNALING] 累計統計: 80 事件, 0 字節
[STATS-DEBUG] 開始生成統計文件... PID=1717618, TID=137689229714496
[DEBUG] output_dynamic_state_dir: gen_data/starlink_550_isls_plus_grid_ground_stations_top_100_with_hsinchu_algorithm_hierarchical_virtual_gid_27deg_k999/dynamic_state_2000ms_for_200s
[DEBUG] k_best: 999
[DEBUG] scenario_info: ''
[DEBUG] temp_dir_name: temp_grhr_k999
  > [SIGNALING] 累計統計: 81 事件, 0 字節
FORWARDING STATE AT T = 90000000000ns (= 90.0 seconds)

BASIC INFORMATION
  > Epoch.................. 2000-01-01 00:00:00.000
  > Time since epoch....... 90000000000 ns
  > Absolute time.......... 2000-01-01 00:01:30.000
  > Satellites............. 1584
  > Ground stations........ 101
  > Max. range GSL......... 1089686.4181956202m
  > Max. range ISL......... 5016591.233098428m

ISL INFORMATION
  > Total ISLs............. 3168
  > Min. ISLs/satellite.... 4
  > Max. ISLs/satellite.... 4

GSL INTERFACE INFORMATION
  > Min. GSL IFs/satellite........ 1
  > Max. GSL IFs/satellite........ 1
  > Min. GSL IFs/ground station... 1
  > Max. GSL IFs/ground_station... 1

GSL IN-RANGE INFORMATION
  > Min. satellites in range... 4
  > Max. satellites in range... 19
[MODE] SP_OVER_PID_QUOTIENT=True
  > Calculating Floyd-Warshall for graph without ground-station relays
  > Writing forwarding state to: gen_data/starlink_550_isls_plus_grid_ground_stations_top_100_with_hsinchu_algorithm_hierarchical_virtual_gid_27deg_k999/dynamic_state_2000ms_for_200s/fstate_90000000000.txt
  > [SIGNALING] 累計統計: 84 事件, 0 字節
[STATS-DEBUG] 開始生成統計文件... PID=1717618, TID=137689229714496
[DEBUG] output_dynamic_state_dir: gen_data/starlink_550_isls_plus_grid_ground_stations_top_100_with_hsinchu_algorithm_hierarchical_virtual_gid_27deg_k999/dynamic_state_2000ms_for_200s
[DEBUG] k_best: 999
[DEBUG] scenario_info: ''
[DEBUG] temp_dir_name: temp_grhr_k999
  > [SIGNALING] 累計統計: 85 事件, 0 字節
FORWARDING STATE AT T = 92000000000ns (= 92.0 seconds)

BASIC INFORMATION
  > Epoch.................. 2000-01-01 00:00:00.000
  > Time since epoch....... 92000000000 ns
  > Absolute time.......... 2000-01-01 00:01:32.000
  > Satellites............. 1584
  > Ground stations........ 101
  > Max. range GSL......... 1089686.4181956202m
  > Max. range ISL......... 5016591.233098428m

ISL INFORMATION
  > Total ISLs............. 3168
  > Min. ISLs/satellite.... 4
  > Max. ISLs/satellite.... 4
  > Ground stations........ 101
  > Max. range GSL......... 1089686.4181956202m
  > Max. range ISL......... 5016591.233098428m

ISL INFORMATION
  > Total ISLs............. 3168
  > Min. ISLs/satellite.... 4
  > Max. ISLs/satellite.... 4

GSL INTERFACE INFORMATION
  > Min. GSL IFs/satellite........ 1
  > Max. GSL IFs/satellite........ 1
  > Min. GSL IFs/ground station... 1
  > Max. GSL IFs/ground_station... 1

GSL IN-RANGE INFORMATION
  > Min. satellites in range... 4
  > Max. satellites in range... 20
[MODE] SP_OVER_PID_QUOTIENT=True
  > Calculating Floyd-Warshall for graph without ground-station relays
  > Writing forwarding state to: gen_data/starlink_550_isls_plus_grid_ground_stations_top_100_with_hsinchu_algorithm_hierarchical_virtual_gid_27deg_k999/dynamic_state_2000ms_for_200s/fstate_192000000000.txt
  > [SIGNALING] 累計統計: 88 事件, 0 字節
[STATS-DEBUG] 開始生成統計文件... PID=1717620, TID=137689229714496
[DEBUG] output_dynamic_state_dir: gen_data/starlink_550_isls_plus_grid_ground_stations_top_100_with_hsinchu_algorithm_hierarchical_virtual_gid_27deg_k999/dynamic_state_2000ms_for_200s
[DEBUG] k_best: 999
[DEBUG] scenario_info: ''
[DEBUG] temp_dir_name: temp_grhr_k999
  > [SIGNALING] 累計統計: 89 事件, 0 字節
FORWARDING STATE AT T = 194000000000ns (= 194.0 seconds)

BASIC INFORMATION
  > Epoch.................. 2000-01-01 00:00:00.000
  > Time since epoch....... 194000000000 ns
  > Absolute time.......... 2000-01-01 00:03:14.000
  > Satellites............. 1584
  > Ground stations........ 101
  > Max. range GSL......... 1089686.4181956202m
  > Max. range ISL......... 5016591.233098428m

ISL INFORMATION
  > Total ISLs............. 3168
  > Min. ISLs/satellite.... 4
  > Max. ISLs/satellite.... 4

GSL INTERFACE INFORMATION
  > Min. GSL IFs/satellite........ 1
  > Max. GSL IFs/satellite........ 1
  > Min. GSL IFs/ground station... 1
  > Max. GSL IFs/ground_station... 1

GSL IN-RANGE INFORMATION
  > Min. satellites in range... 4
  > Max. satellites in range... 20
[MODE] SP_OVER_PID_QUOTIENT=True
  > Calculating Floyd-Warshall for graph without ground-station relays
  > Writing forwarding state to: gen_data/starlink_550_isls_plus_grid_ground_stations_top_100_with_hsinchu_algorithm_hierarchical_virtual_gid_27deg_k999/dynamic_state_2000ms_for_200s/fstate_194000000000.txt
  > [SIGNALING] 累計統計: 92 事件, 0 字節
[STATS-DEBUG] 開始生成統計文件... PID=1717620, TID=137689229714496
[DEBUG] output_dynamic_state_dir: gen_data/starlink_550_isls_plus_grid_ground_stations_top_100_with_hsinchu_algorithm_hierarchical_virtual_gid_27deg_k999/dynamic_state_2000ms_for_200s
[DEBUG] k_best: 999
[DEBUG] scenario_info: ''
[DEBUG] temp_dir_name: temp_grhr_k999
  > [SIGNALING] 累計統計: 93 事件, 0 字節
FORWARDING STATE AT T = 196000000000ns (= 196.0 seconds)

BASIC INFORMATION
  > Epoch.................. 2000-01-01 00:00:00.000
  > Time since epoch....... 196000000000 ns
  > Absolute time.......... 2000-01-01 00:03:16.000
  > Satellites............. 1584
  > Ground stations........ 101
  > Max. range GSL......... 1089686.4181956202m
  > Max. range ISL......... 5016591.233098428m

ISL INFORMATION
  > Total ISLs............. 3168
  > Min. ISLs/satellite.... 4
  > Max. ISLs/satellite.... 4

GSL INTERFACE INFORMATION
  > Min. GSL IFs/satellite........ 1
  > Max. GSL IFs/satellite........ 1
  > Min. GSL IFs/ground station... 1
  > Max. GSL IFs/ground_station... 1

GSL IN-RANGE INFORMATION
  > Min. satellites in range... 4
  > Max. satellites in range... 20
[MODE] SP_OVER_PID_QUOTIENT=True
  > Calculating Floyd-Warshall for graph without ground-station relays
  > Writing forwarding state to: gen_data/starlink_550_isls_plus_grid_ground_stations_top_100_with_hsinchu_algorithm_hierarchical_virtual_gid_27deg_k999/dynamic_state_2000ms_for_200s/fstate_196000000000.txt
  > [SIGNALING] 累計統計: 96 事件, 0 字節
[STATS-DEBUG] 開始生成統計文件... PID=1717620, TID=137689229714496
[DEBUG] output_dynamic_state_dir: gen_data/starlink_550_isls_plus_grid_ground_stations_top_100_with_hsinchu_algorithm_hierarchical_virtual_gid_27deg_k999/dynamic_state_2000ms_for_200s
[DEBUG] k_best: 999
[DEBUG] scenario_info: ''
[DEBUG] temp_dir_name: temp_grhr_k999
  > [SIGNALING] 累計統計: 97 事件, 0 字節
FORWARDING STATE AT T = 198000000000ns (= 198.0 seconds)

BASIC INFORMATION
  > Epoch.................. 2000-01-01 00:00:00.000
  > Time since epoch....... 198000000000 ns
  > Absolute time.......... 2000-01-01 00:03:18.000
  > Satellites............. 1584
  > Ground stations........ 101
  > Max. range GSL......... 1089686.4181956202m
  > Max. range ISL......... 5016591.233098428m

ISL INFORMATION
  > Total ISLs............. 3168
  > Min. ISLs/satellite.... 4
  > Max. ISLs/satellite.... 4

GSL INTERFACE INFORMATION
  > Min. GSL IFs/satellite........ 1
  > Max. GSL IFs/satellite........ 1
  > Min. GSL IFs/ground station... 1
  > Max. GSL IFs/ground_station... 1

GSL IN-RANGE INFORMATION
  > Min. satellites in range... 4
  > Max. satellites in range... 20
[MODE] SP_OVER_PID_QUOTIENT=True
  > Calculating Floyd-Warshall for graph without ground-station relays
  > Writing forwarding state to: gen_data/starlink_550_isls_plus_grid_ground_stations_top_100_with_hsinchu_algorithm_hierarchical_virtual_gid_27deg_k999/dynamic_state_2000ms_for_200s/fstate_198000000000.txt
  > [SIGNALING] 累計統計: 100 事件, 0 字節
[STATS-DEBUG] 開始生成統計文件... PID=1717620, TID=137689229714496
[DEBUG] output_dynamic_state_dir: gen_data/starlink_550_isls_plus_grid_ground_stations_top_100_with_hsinchu_algorithm_hierarchical_virtual_gid_27deg_k999/dynamic_state_2000ms_for_200s
[DEBUG] k_best: 999
[DEBUG] scenario_info: ''
[DEBUG] temp_dir_name: temp_grhr_k999
  > [SIGNALING] 累計統計: 101 事件, 0 字節
  > Ground stations........ 101
  > Max. range GSL......... 1089686.4181956202m
  > Max. range ISL......... 5016591.233098428m

ISL INFORMATION
  > Total ISLs............. 3168
  > Min. ISLs/satellite.... 4
  > Max. ISLs/satellite.... 4

GSL INTERFACE INFORMATION
  > Min. GSL IFs/satellite........ 1
  > Max. GSL IFs/satellite........ 1
  > Min. GSL IFs/ground station... 1
  > Max. GSL IFs/ground_station... 1

GSL IN-RANGE INFORMATION
  > Min. satellites in range... 3
  > Max. satellites in range... 20
[MODE] SP_OVER_PID_QUOTIENT=True
  > Calculating Floyd-Warshall for graph without ground-station relays
  > Writing forwarding state to: gen_data/starlink_550_isls_plus_grid_ground_stations_top_100_with_hsinchu_algorithm_hierarchical_virtual_gid_27deg_k999/dynamic_state_2000ms_for_200s/fstate_142000000000.txt
  > [SIGNALING] 累計統計: 88 事件, 0 字節
[STATS-DEBUG] 開始生成統計文件... PID=1717619, TID=137689229714496
[DEBUG] output_dynamic_state_dir: gen_data/starlink_550_isls_plus_grid_ground_stations_top_100_with_hsinchu_algorithm_hierarchical_virtual_gid_27deg_k999/dynamic_state_2000ms_for_200s
[DEBUG] k_best: 999
[DEBUG] scenario_info: ''
[DEBUG] temp_dir_name: temp_grhr_k999
  > [SIGNALING] 累計統計: 89 事件, 0 字節
FORWARDING STATE AT T = 144000000000ns (= 144.0 seconds)

BASIC INFORMATION
  > Epoch.................. 2000-01-01 00:00:00.000
  > Time since epoch....... 144000000000 ns
  > Absolute time.......... 2000-01-01 00:02:24.000
  > Satellites............. 1584
  > Ground stations........ 101
  > Max. range GSL......... 1089686.4181956202m
  > Max. range ISL......... 5016591.233098428m

ISL INFORMATION
  > Total ISLs............. 3168
  > Min. ISLs/satellite.... 4
  > Max. ISLs/satellite.... 4

GSL INTERFACE INFORMATION
  > Min. GSL IFs/satellite........ 1
  > Max. GSL IFs/satellite........ 1
  > Min. GSL IFs/ground station... 1
  > Max. GSL IFs/ground_station... 1

GSL IN-RANGE INFORMATION
  > Min. satellites in range... 3
  > Max. satellites in range... 21
[MODE] SP_OVER_PID_QUOTIENT=True
  > Calculating Floyd-Warshall for graph without ground-station relays
  > Writing forwarding state to: gen_data/starlink_550_isls_plus_grid_ground_stations_top_100_with_hsinchu_algorithm_hierarchical_virtual_gid_27deg_k999/dynamic_state_2000ms_for_200s/fstate_144000000000.txt
  > [SIGNALING] 累計統計: 92 事件, 0 字節
[STATS-DEBUG] 開始生成統計文件... PID=1717619, TID=137689229714496
[DEBUG] output_dynamic_state_dir: gen_data/starlink_550_isls_plus_grid_ground_stations_top_100_with_hsinchu_algorithm_hierarchical_virtual_gid_27deg_k999/dynamic_state_2000ms_for_200s
[DEBUG] k_best: 999
[DEBUG] scenario_info: ''
[DEBUG] temp_dir_name: temp_grhr_k999
  > [SIGNALING] 累計統計: 93 事件, 0 字節
FORWARDING STATE AT T = 146000000000ns (= 146.0 seconds)

BASIC INFORMATION
  > Epoch.................. 2000-01-01 00:00:00.000
  > Time since epoch....... 146000000000 ns
  > Absolute time.......... 2000-01-01 00:02:26.000
  > Satellites............. 1584
  > Ground stations........ 101
  > Max. range GSL......... 1089686.4181956202m
  > Max. range ISL......... 5016591.233098428m

ISL INFORMATION
  > Total ISLs............. 3168
  > Min. ISLs/satellite.... 4
  > Max. ISLs/satellite.... 4

GSL INTERFACE INFORMATION
  > Min. GSL IFs/satellite........ 1
  > Max. GSL IFs/satellite........ 1
  > Min. GSL IFs/ground station... 1
  > Max. GSL IFs/ground_station... 1

GSL IN-RANGE INFORMATION
  > Min. satellites in range... 3
  > Max. satellites in range... 20
[MODE] SP_OVER_PID_QUOTIENT=True
  > Calculating Floyd-Warshall for graph without ground-station relays
  > Writing forwarding state to: gen_data/starlink_550_isls_plus_grid_ground_stations_top_100_with_hsinchu_algorithm_hierarchical_virtual_gid_27deg_k999/dynamic_state_2000ms_for_200s/fstate_146000000000.txt
  > [SIGNALING] 累計統計: 96 事件, 0 字節
[STATS-DEBUG] 開始生成統計文件... PID=1717619, TID=137689229714496
[DEBUG] output_dynamic_state_dir: gen_data/starlink_550_isls_plus_grid_ground_stations_top_100_with_hsinchu_algorithm_hierarchical_virtual_gid_27deg_k999/dynamic_state_2000ms_for_200s
[DEBUG] k_best: 999
[DEBUG] scenario_info: ''
[DEBUG] temp_dir_name: temp_grhr_k999
  > [SIGNALING] 累計統計: 97 事件, 0 字節
FORWARDING STATE AT T = 148000000000ns (= 148.0 seconds)

BASIC INFORMATION
  > Epoch.................. 2000-01-01 00:00:00.000
  > Time since epoch....... 148000000000 ns
  > Absolute time.......... 2000-01-01 00:02:28.000
  > Satellites............. 1584
  > Ground stations........ 101
  > Max. range GSL......... 1089686.4181956202m
  > Max. range ISL......... 5016591.233098428m

ISL INFORMATION
  > Total ISLs............. 3168
  > Min. ISLs/satellite.... 4
  > Max. ISLs/satellite.... 4

GSL INTERFACE INFORMATION
  > Min. GSL IFs/satellite........ 1
  > Max. GSL IFs/satellite........ 1
  > Min. GSL IFs/ground station... 1
  > Max. GSL IFs/ground_station... 1

GSL IN-RANGE INFORMATION
  > Min. satellites in range... 3
  > Max. satellites in range... 21
[MODE] SP_OVER_PID_QUOTIENT=True
  > Calculating Floyd-Warshall for graph without ground-station relays
  > Writing forwarding state to: gen_data/starlink_550_isls_plus_grid_ground_stations_top_100_with_hsinchu_algorithm_hierarchical_virtual_gid_27deg_k999/dynamic_state_2000ms_for_200s/fstate_148000000000.txt
  > [SIGNALING] 累計統計: 100 事件, 0 字節
[STATS-DEBUG] 開始生成統計文件... PID=1717619, TID=137689229714496
[DEBUG] output_dynamic_state_dir: gen_data/starlink_550_isls_plus_grid_ground_stations_top_100_with_hsinchu_algorithm_hierarchical_virtual_gid_27deg_k999/dynamic_state_2000ms_for_200s
[DEBUG] k_best: 999
[DEBUG] scenario_info: ''
[DEBUG] temp_dir_name: temp_grhr_k999
  > [SIGNALING] 累計統計: 101 事件, 0 字節
FORWARDING STATE AT T = 150000000000ns (= 150.0 seconds)

BASIC INFORMATION
  > Epoch.................. 2000-01-01 00:00:00.000
  > Time since epoch....... 150000000000 ns
  > Absolute time.......... 2000-01-01 00:02:30.000
  > Satellites............. 1584
  > Ground stations........ 101
  > Max. range GSL......... 1089686.4181956202m
  > Max. range ISL......... 5016591.233098428m

ISL INFORMATION
  > Total ISLs............. 3168
  > Min. ISLs/satellite.... 4
  > Max. ISLs/satellite.... 4

GSL INTERFACE INFORMATION
  > Min. GSL IFs/satellite........ 1
  > Max. GSL IFs/satellite........ 1
  > Min. GSL IFs/ground station... 1
  > Max. GSL IFs/ground_station... 1

GSL IN-RANGE INFORMATION
  > Min. satellites in range... 3
  > Max. satellites in range... 21
[MODE] SP_OVER_PID_QUOTIENT=True
  > Calculating Floyd-Warshall for graph without ground-station relays
  > Writing forwarding state to: gen_data/starlink_550_isls_plus_grid_ground_stations_top_100_with_hsinchu_algorithm_hierarchical_virtual_gid_27deg_k999/dynamic_state_2000ms_for_200s/fstate_150000000000.txt
  > [SIGNALING] 累計統計: 104 事件, 0 字節
[STATS-DEBUG] 開始生成統計文件... PID=1717619, TID=137689229714496
[DEBUG] output_dynamic_state_dir: gen_data/starlink_550_isls_plus_grid_ground_stations_top_100_with_hsinchu_algorithm_hierarchical_virtual_gid_27deg_k999/dynamic_state_2000ms_for_200s
[DEBUG] k_best: 999
[DEBUG] scenario_info: ''
[DEBUG] temp_dir_name: temp_grhr_k999
  > [SIGNALING] 累計統計: 105 事件, 0 字節

GSL INTERFACE INFORMATION
  > Min. GSL IFs/satellite........ 1
  > Max. GSL IFs/satellite........ 1
  > Min. GSL IFs/ground station... 1
  > Max. GSL IFs/ground_station... 1

GSL IN-RANGE INFORMATION
  > Min. satellites in range... 4
  > Max. satellites in range... 19
[MODE] SP_OVER_PID_QUOTIENT=True
  > Calculating Floyd-Warshall for graph without ground-station relays
  > Writing forwarding state to: gen_data/starlink_550_isls_plus_grid_ground_stations_top_100_with_hsinchu_algorithm_hierarchical_virtual_gid_27deg_k999/dynamic_state_2000ms_for_200s/fstate_92000000000.txt
  > [SIGNALING] 累計統計: 88 事件, 0 字節
[STATS-DEBUG] 開始生成統計文件... PID=1717618, TID=137689229714496
[DEBUG] output_dynamic_state_dir: gen_data/starlink_550_isls_plus_grid_ground_stations_top_100_with_hsinchu_algorithm_hierarchical_virtual_gid_27deg_k999/dynamic_state_2000ms_for_200s
[DEBUG] k_best: 999
[DEBUG] scenario_info: ''
[DEBUG] temp_dir_name: temp_grhr_k999
  > [SIGNALING] 累計統計: 89 事件, 0 字節
FORWARDING STATE AT T = 94000000000ns (= 94.0 seconds)

BASIC INFORMATION
  > Epoch.................. 2000-01-01 00:00:00.000
  > Time since epoch....... 94000000000 ns
  > Absolute time.......... 2000-01-01 00:01:34.000
  > Satellites............. 1584
  > Ground stations........ 101
  > Max. range GSL......... 1089686.4181956202m
  > Max. range ISL......... 5016591.233098428m

ISL INFORMATION
  > Total ISLs............. 3168
  > Min. ISLs/satellite.... 4
  > Max. ISLs/satellite.... 4

GSL INTERFACE INFORMATION
  > Min. GSL IFs/satellite........ 1
  > Max. GSL IFs/satellite........ 1
  > Min. GSL IFs/ground station... 1
  > Max. GSL IFs/ground_station... 1

GSL IN-RANGE INFORMATION
  > Min. satellites in range... 5
  > Max. satellites in range... 19
[MODE] SP_OVER_PID_QUOTIENT=True
  > Calculating Floyd-Warshall for graph without ground-station relays
  > Writing forwarding state to: gen_data/starlink_550_isls_plus_grid_ground_stations_top_100_with_hsinchu_algorithm_hierarchical_virtual_gid_27deg_k999/dynamic_state_2000ms_for_200s/fstate_94000000000.txt
  > [SIGNALING] 累計統計: 92 事件, 0 字節
[STATS-DEBUG] 開始生成統計文件... PID=1717618, TID=137689229714496
[DEBUG] output_dynamic_state_dir: gen_data/starlink_550_isls_plus_grid_ground_stations_top_100_with_hsinchu_algorithm_hierarchical_virtual_gid_27deg_k999/dynamic_state_2000ms_for_200s
[DEBUG] k_best: 999
[DEBUG] scenario_info: ''
[DEBUG] temp_dir_name: temp_grhr_k999
  > [SIGNALING] 累計統計: 93 事件, 0 字節
FORWARDING STATE AT T = 96000000000ns (= 96.0 seconds)

BASIC INFORMATION
  > Epoch.................. 2000-01-01 00:00:00.000
  > Time since epoch....... 96000000000 ns
  > Absolute time.......... 2000-01-01 00:01:36.000
  > Satellites............. 1584
  > Ground stations........ 101
  > Max. range GSL......... 1089686.4181956202m
  > Max. range ISL......... 5016591.233098428m

ISL INFORMATION
  > Total ISLs............. 3168
  > Min. ISLs/satellite.... 4
  > Max. ISLs/satellite.... 4

GSL INTERFACE INFORMATION
  > Min. GSL IFs/satellite........ 1
  > Max. GSL IFs/satellite........ 1
  > Min. GSL IFs/ground station... 1
  > Max. GSL IFs/ground_station... 1

GSL IN-RANGE INFORMATION
  > Min. satellites in range... 5
  > Max. satellites in range... 19
[MODE] SP_OVER_PID_QUOTIENT=True
  > Calculating Floyd-Warshall for graph without ground-station relays
  > Writing forwarding state to: gen_data/starlink_550_isls_plus_grid_ground_stations_top_100_with_hsinchu_algorithm_hierarchical_virtual_gid_27deg_k999/dynamic_state_2000ms_for_200s/fstate_96000000000.txt
  > [SIGNALING] 累計統計: 96 事件, 0 字節
[STATS-DEBUG] 開始生成統計文件... PID=1717618, TID=137689229714496
[DEBUG] output_dynamic_state_dir: gen_data/starlink_550_isls_plus_grid_ground_stations_top_100_with_hsinchu_algorithm_hierarchical_virtual_gid_27deg_k999/dynamic_state_2000ms_for_200s
[DEBUG] k_best: 999
[DEBUG] scenario_info: ''
[DEBUG] temp_dir_name: temp_grhr_k999
  > [SIGNALING] 累計統計: 97 事件, 0 字節
FORWARDING STATE AT T = 98000000000ns (= 98.0 seconds)

BASIC INFORMATION
  > Epoch.................. 2000-01-01 00:00:00.000
  > Time since epoch....... 98000000000 ns
  > Absolute time.......... 2000-01-01 00:01:38.000
  > Satellites............. 1584
  > Ground stations........ 101
  > Max. range GSL......... 1089686.4181956202m
  > Max. range ISL......... 5016591.233098428m

ISL INFORMATION
  > Total ISLs............. 3168
  > Min. ISLs/satellite.... 4
  > Max. ISLs/satellite.... 4

GSL INTERFACE INFORMATION
  > Min. GSL IFs/satellite........ 1
  > Max. GSL IFs/satellite........ 1
  > Min. GSL IFs/ground station... 1
  > Max. GSL IFs/ground_station... 1

GSL IN-RANGE INFORMATION
  > Min. satellites in range... 4
  > Max. satellites in range... 19
[MODE] SP_OVER_PID_QUOTIENT=True
  > Calculating Floyd-Warshall for graph without ground-station relays
  > Writing forwarding state to: gen_data/starlink_550_isls_plus_grid_ground_stations_top_100_with_hsinchu_algorithm_hierarchical_virtual_gid_27deg_k999/dynamic_state_2000ms_for_200s/fstate_98000000000.txt
  > [SIGNALING] 累計統計: 100 事件, 0 字節
[STATS-DEBUG] 開始生成統計文件... PID=1717618, TID=137689229714496
[DEBUG] output_dynamic_state_dir: gen_data/starlink_550_isls_plus_grid_ground_stations_top_100_with_hsinchu_algorithm_hierarchical_virtual_gid_27deg_k999/dynamic_state_2000ms_for_200s
[DEBUG] k_best: 999
[DEBUG] scenario_info: ''
[DEBUG] temp_dir_name: temp_grhr_k999
  > [SIGNALING] 累計統計: 101 事件, 0 字節
FORWARDING STATE AT T = 100000000000ns (= 100.0 seconds)

BASIC INFORMATION
  > Epoch.................. 2000-01-01 00:00:00.000
  > Time since epoch....... 100000000000 ns
  > Absolute time.......... 2000-01-01 00:01:40.000
  > Satellites............. 1584
  > Ground stations........ 101
  > Max. range GSL......... 1089686.4181956202m
  > Max. range ISL......... 5016591.233098428m

ISL INFORMATION
  > Total ISLs............. 3168
  > Min. ISLs/satellite.... 4
  > Max. ISLs/satellite.... 4

GSL INTERFACE INFORMATION
  > Min. GSL IFs/satellite........ 1
  > Max. GSL IFs/satellite........ 1
  > Min. GSL IFs/ground station... 1
  > Max. GSL IFs/ground_station... 1

GSL IN-RANGE INFORMATION
  > Min. satellites in range... 5
  > Max. satellites in range... 19
[MODE] SP_OVER_PID_QUOTIENT=True
  > Calculating Floyd-Warshall for graph without ground-station relays
  > Writing forwarding state to: gen_data/starlink_550_isls_plus_grid_ground_stations_top_100_with_hsinchu_algorithm_hierarchical_virtual_gid_27deg_k999/dynamic_state_2000ms_for_200s/fstate_100000000000.txt
  > [SIGNALING] 累計統計: 104 事件, 0 字節
[STATS-DEBUG] 開始生成統計文件... PID=1717618, TID=137689229714496
[DEBUG] output_dynamic_state_dir: gen_data/starlink_550_isls_plus_grid_ground_stations_top_100_with_hsinchu_algorithm_hierarchical_virtual_gid_27deg_k999/dynamic_state_2000ms_for_200s
[DEBUG] k_best: 999
[DEBUG] scenario_info: ''
[DEBUG] temp_dir_name: temp_grhr_k999
  > [SIGNALING] 累計統計: 105 事件, 0 字節
  > Max. GSL IFs/satellite........ 1
  > Min. GSL IFs/ground station... 1
  > Max. GSL IFs/ground_station... 1

GSL IN-RANGE INFORMATION
  > Min. satellites in range... 3
  > Max. satellites in range... 19
[MODE] SP_OVER_PID_QUOTIENT=True
  > Calculating Floyd-Warshall for graph without ground-station relays
  > Writing forwarding state to: gen_data/starlink_550_isls_plus_grid_ground_stations_top_100_with_hsinchu_algorithm_hierarchical_virtual_gid_27deg_k999/dynamic_state_2000ms_for_200s/fstate_42000000000.txt
  > [SIGNALING] 累計統計: 88 事件, 0 字節
[STATS-DEBUG] 開始生成統計文件... PID=1717617, TID=137689229714496
[DEBUG] output_dynamic_state_dir: gen_data/starlink_550_isls_plus_grid_ground_stations_top_100_with_hsinchu_algorithm_hierarchical_virtual_gid_27deg_k999/dynamic_state_2000ms_for_200s
[DEBUG] k_best: 999
[DEBUG] scenario_info: ''
[DEBUG] temp_dir_name: temp_grhr_k999
  > [SIGNALING] 累計統計: 89 事件, 0 字節
FORWARDING STATE AT T = 44000000000ns (= 44.0 seconds)

BASIC INFORMATION
  > Epoch.................. 2000-01-01 00:00:00.000
  > Time since epoch....... 44000000000 ns
  > Absolute time.......... 2000-01-01 00:00:44.000
  > Satellites............. 1584
  > Ground stations........ 101
  > Max. range GSL......... 1089686.4181956202m
  > Max. range ISL......... 5016591.233098428m

ISL INFORMATION
  > Total ISLs............. 3168
  > Min. ISLs/satellite.... 4
  > Max. ISLs/satellite.... 4

GSL INTERFACE INFORMATION
  > Min. GSL IFs/satellite........ 1
  > Max. GSL IFs/satellite........ 1
  > Min. GSL IFs/ground station... 1
  > Max. GSL IFs/ground_station... 1

GSL IN-RANGE INFORMATION
  > Min. satellites in range... 3
  > Max. satellites in range... 19
[MODE] SP_OVER_PID_QUOTIENT=True
  > Calculating Floyd-Warshall for graph without ground-station relays
  > Writing forwarding state to: gen_data/starlink_550_isls_plus_grid_ground_stations_top_100_with_hsinchu_algorithm_hierarchical_virtual_gid_27deg_k999/dynamic_state_2000ms_for_200s/fstate_44000000000.txt
  > [SIGNALING] 累計統計: 92 事件, 0 字節
[STATS-DEBUG] 開始生成統計文件... PID=1717617, TID=137689229714496
[DEBUG] output_dynamic_state_dir: gen_data/starlink_550_isls_plus_grid_ground_stations_top_100_with_hsinchu_algorithm_hierarchical_virtual_gid_27deg_k999/dynamic_state_2000ms_for_200s
[DEBUG] k_best: 999
[DEBUG] scenario_info: ''
[DEBUG] temp_dir_name: temp_grhr_k999
  > [SIGNALING] 累計統計: 93 事件, 0 字節
FORWARDING STATE AT T = 46000000000ns (= 46.0 seconds)

BASIC INFORMATION
  > Epoch.................. 2000-01-01 00:00:00.000
  > Time since epoch....... 46000000000 ns
  > Absolute time.......... 2000-01-01 00:00:46.000
  > Satellites............. 1584
  > Ground stations........ 101
  > Max. range GSL......... 1089686.4181956202m
  > Max. range ISL......... 5016591.233098428m

ISL INFORMATION
  > Total ISLs............. 3168
  > Min. ISLs/satellite.... 4
  > Max. ISLs/satellite.... 4

GSL INTERFACE INFORMATION
  > Min. GSL IFs/satellite........ 1
  > Max. GSL IFs/satellite........ 1
  > Min. GSL IFs/ground station... 1
  > Max. GSL IFs/ground_station... 1

GSL IN-RANGE INFORMATION
  > Min. satellites in range... 3
  > Max. satellites in range... 18
[MODE] SP_OVER_PID_QUOTIENT=True
  > Calculating Floyd-Warshall for graph without ground-station relays
  > Writing forwarding state to: gen_data/starlink_550_isls_plus_grid_ground_stations_top_100_with_hsinchu_algorithm_hierarchical_virtual_gid_27deg_k999/dynamic_state_2000ms_for_200s/fstate_46000000000.txt
  > [SIGNALING] 累計統計: 96 事件, 0 字節
[STATS-DEBUG] 開始生成統計文件... PID=1717617, TID=137689229714496
[DEBUG] output_dynamic_state_dir: gen_data/starlink_550_isls_plus_grid_ground_stations_top_100_with_hsinchu_algorithm_hierarchical_virtual_gid_27deg_k999/dynamic_state_2000ms_for_200s
[DEBUG] k_best: 999
[DEBUG] scenario_info: ''
[DEBUG] temp_dir_name: temp_grhr_k999
  > [SIGNALING] 累計統計: 97 事件, 0 字節
FORWARDING STATE AT T = 48000000000ns (= 48.0 seconds)

BASIC INFORMATION
  > Epoch.................. 2000-01-01 00:00:00.000
  > Time since epoch....... 48000000000 ns
  > Absolute time.......... 2000-01-01 00:00:48.000
  > Satellites............. 1584
  > Ground stations........ 101
  > Max. range GSL......... 1089686.4181956202m
  > Max. range ISL......... 5016591.233098428m

ISL INFORMATION
  > Total ISLs............. 3168
  > Min. ISLs/satellite.... 4
  > Max. ISLs/satellite.... 4

GSL INTERFACE INFORMATION
  > Min. GSL IFs/satellite........ 1
  > Max. GSL IFs/satellite........ 1
  > Min. GSL IFs/ground station... 1
  > Max. GSL IFs/ground_station... 1

GSL IN-RANGE INFORMATION
  > Min. satellites in range... 2
  > Max. satellites in range... 19
[MODE] SP_OVER_PID_QUOTIENT=True
  > Calculating Floyd-Warshall for graph without ground-station relays
  > Writing forwarding state to: gen_data/starlink_550_isls_plus_grid_ground_stations_top_100_with_hsinchu_algorithm_hierarchical_virtual_gid_27deg_k999/dynamic_state_2000ms_for_200s/fstate_48000000000.txt
  > [SIGNALING] 累計統計: 100 事件, 0 字節
[STATS-DEBUG] 開始生成統計文件... PID=1717617, TID=137689229714496
[DEBUG] output_dynamic_state_dir: gen_data/starlink_550_isls_plus_grid_ground_stations_top_100_with_hsinchu_algorithm_hierarchical_virtual_gid_27deg_k999/dynamic_state_2000ms_for_200s
[DEBUG] k_best: 999
[DEBUG] scenario_info: ''
[DEBUG] temp_dir_name: temp_grhr_k999
  > [SIGNALING] 累計統計: 101 事件, 0 字節
FORWARDING STATE AT T = 50000000000ns (= 50.0 seconds)

BASIC INFORMATION
  > Epoch.................. 2000-01-01 00:00:00.000
  > Time since epoch....... 50000000000 ns
  > Absolute time.......... 2000-01-01 00:00:50.000
  > Satellites............. 1584
  > Ground stations........ 101
  > Max. range GSL......... 1089686.4181956202m
  > Max. range ISL......... 5016591.233098428m

ISL INFORMATION
  > Total ISLs............. 3168
  > Min. ISLs/satellite.... 4
  > Max. ISLs/satellite.... 4

GSL INTERFACE INFORMATION
  > Min. GSL IFs/satellite........ 1
  > Max. GSL IFs/satellite........ 1
  > Min. GSL IFs/ground station... 1
  > Max. GSL IFs/ground_station... 1

GSL IN-RANGE INFORMATION
  > Min. satellites in range... 2
  > Max. satellites in range... 20
[MODE] SP_OVER_PID_QUOTIENT=True
  > Calculating Floyd-Warshall for graph without ground-station relays
  > Writing forwarding state to: gen_data/starlink_550_isls_plus_grid_ground_stations_top_100_with_hsinchu_algorithm_hierarchical_virtual_gid_27deg_k999/dynamic_state_2000ms_for_200s/fstate_50000000000.txt
  > [SIGNALING] 累計統計: 104 事件, 0 字節
[STATS-DEBUG] 開始生成統計文件... PID=1717617, TID=137689229714496
[DEBUG] output_dynamic_state_dir: gen_data/starlink_550_isls_plus_grid_ground_stations_top_100_with_hsinchu_algorithm_hierarchical_virtual_gid_27deg_k999/dynamic_state_2000ms_for_200s
[DEBUG] k_best: 999
[DEBUG] scenario_info: ''
[DEBUG] temp_dir_name: temp_grhr_k999
  > [SIGNALING] 累計統計: 105 事件, 0 字節
✅ Random P1 K999 完成

========================================
P1 系列完成！總耗時：55 分鐘
========================================
